id,timestamp_ms,date,amount,note,category_id,category,type,account
ef7c2220-2fca-4364-9acb-86b70709e78a,1775752925640,"2026-04-09 22:12:05",1250.0,,02380fa8-41a8-43fa-8e7b-2a579cfacfc2,Toxicity,Expense,Cash
38f8302d-2c72-49c3-ac4e-b8298eb5967f,1775672975228,"2026-04-08 23:59:35",1200.0,,02380fa8-41a8-43fa-8e7b-2a579cfacfc2,Toxicity,Expense,Cash
e25667fe-0c8c-4dd7-9156-0e15460991a5,1775574143511,"2026-04-07 20:32:23",1010.0,,02380fa8-41a8-43fa-8e7b-2a579cfacfc2,Toxicity,Expense,Cash
4e060e22-700e-4c1a-b7da-11bbfe46c574,1775206887536,"2026-04-03 14:31:27",1200.0,,02380fa8-41a8-43fa-8e7b-2a579cfacfc2,Toxicity,Expense,Cash
d3d7f7aa-e8be-4693-b858-1a1d0decfcda,1775145336788,"2026-04-02 21:25:36",7500.0,"Haircut ",10000000-0000-0000-0000-000000000002,House,Expense,Cash
69610ab9-f7fa-4d6c-a765-5f03827da854,1775145336788,"2026-04-02 21:25:36",1220.0,,02380fa8-41a8-43fa-8e7b-2a579cfacfc2,Toxicity,Expense,Cash
245a5297-8db9-447c-a835-0f39e65617a2,1775140748396,"2026-04-02 20:09:08",10230.0,,968edc2b-7a45-41ec-8be9-e213be5528f8,Fuel,Expense,Cash
3a66327a-0a35-4e4e-8cd8-f2ce4508ec3e,1775140748396,"2026-04-02 20:09:08",520.0,,02380fa8-41a8-43fa-8e7b-2a579cfacfc2,Toxicity,Expense,Cash
8053b6b1-e476-4949-978a-c5f58f96c099,1775057341064,"2026-04-01 20:59:01",600.0,,10000000-0000-0000-0000-000000000004,"Eating out",Expense,Cash
b996c902-9c57-4487-8e4d-d76328e46568,1775057341064,"2026-04-01 20:59:01",900.0,,10000000-0000-0000-0000-000000000002,House,Expense,Cash
0cbfb705-1b2c-4b13-a122-6f3b10a84c33,1775057341064,"2026-04-01 20:59:01",1500.0,,10000000-0000-0000-0000-000000000004,"Eating out",Expense,Cash
3bc32c4c-278d-4cc1-825b-7438c0169029,1775057341064,"2026-04-01 20:59:01",5540.0,,10000000-0000-0000-0000-000000000002,House,Expense,Cash
2eedf233-6f86-4528-9964-6a848c58b391,1775034024713,"2026-04-01 14:30:24",1300.0,,6b86fb91-20d2-4296-8fc0-11af8f5db354,Brewery,Expense,Cash
fea976fb-ed7d-41ec-9815-0b1c8cd52fdb,1775029971600,"2026-04-01 13:22:51",1220.0,,02380fa8-41a8-43fa-8e7b-2a579cfacfc2,Toxicity,Expense,Cash
3e24a0b0-7c77-4c55-83df-d86d7ad757ed,1774974158754,"2026-03-31 21:52:38",500.0,,02380fa8-41a8-43fa-8e7b-2a579cfacfc2,Toxicity,Expense,Cash
464e654e-d4d4-4cc2-a691-2e9c2881327d,1774974158754,"2026-03-31 21:52:38",1120.0,,02380fa8-41a8-43fa-8e7b-2a579cfacfc2,Toxicity,Expense,Cash
49ca4f76-5b45-4a98-967c-0865980c4ebf,1774973651248,"2026-03-31 21:44:11",354590.0,,10000000-0000-0000-0000-00000000000f,Salary,Income,Cash
0ab74796-ee6a-4b5a-b9d1-487bb0500768,1774971144129,"2026-03-31 21:02:24",250.0,,02380fa8-41a8-43fa-8e7b-2a579cfacfc2,Toxicity,Expense,Cash
1cb2aa3e-cff6-44d2-bcd1-b0f71b54f0ba,1774882643039,"2026-03-30 20:27:23",10860.0,,10000000-0000-0000-0000-000000000004,"Eating out",Expense,Cash
a5d583c2-d9a3-4b8f-97fa-f6a162d70737,1774861685341,"2026-03-30 14:38:05",600.0,,6b86fb91-20d2-4296-8fc0-11af8f5db354,Brewery,Expense,Cash
2604766e-7c68-46be-852a-6867b3562214,1774861679835,"2026-03-30 14:37:59",1200.0,,02380fa8-41a8-43fa-8e7b-2a579cfacfc2,Toxicity,Expense,Cash
6627ed2f-8baa-41c1-a3b6-6e16042358ec,1774803009827,"2026-03-29 22:20:09",1220.0,,02380fa8-41a8-43fa-8e7b-2a579cfacfc2,Toxicity,Expense,Cash
5251b175-9fab-403d-a0cf-f2fe4d44ffcb,1774803009827,"2026-03-29 22:20:09",100.0,,6b86fb91-20d2-4296-8fc0-11af8f5db354,Brewery,Expense,Cash
96bb6a1f-02d8-4ac5-b586-77b7f47ce9b6,1774783983322,"2026-03-29 17:03:03",800.0,,7adc3dbd-e8b1-494f-8685-6c84d84c4f96,Hospital,Expense,Cash
dd111cc3-9e08-4f17-89fc-d37ace955c5b,1774713235718,"2026-03-28 21:23:55",1500.0,,02380fa8-41a8-43fa-8e7b-2a579cfacfc2,Toxicity,Expense,Cash
36e3952b-d034-4a87-8d0a-d33468a82121,1774713235718,"2026-03-28 21:23:55",250.0,,7adc3dbd-e8b1-494f-8685-6c84d84c4f96,Hospital,Expense,Cash
2accf85d-f343-41c9-8c79-20ce9e77f2c9,1774713235718,"2026-03-28 21:23:55",250.0,,02380fa8-41a8-43fa-8e7b-2a579cfacfc2,Toxicity,Expense,Cash
ac700ed7-7689-4ba7-b47a-dd8da3573ec2,1774713235718,"2026-03-28 21:23:55",3020.0,,7adc3dbd-e8b1-494f-8685-6c84d84c4f96,Hospital,Expense,Cash
ca20722a-5698-4fd3-bf28-587bf67ee4aa,1774624632765,"2026-03-27 20:47:12",1220.0,,02380fa8-41a8-43fa-8e7b-2a579cfacfc2,Toxicity,Expense,Cash
6ff48162-d5cf-4a35-b0bc-0c84d8cb8584,1774624632765,"2026-03-27 20:47:12",18000.0,,02380fa8-41a8-43fa-8e7b-2a579cfacfc2,Toxicity,Expense,Cash
1e543604-5c7f-411f-868c-6b55a8dc63d9,1774529698690,"2026-03-26 18:24:58",480.0,,02380fa8-41a8-43fa-8e7b-2a579cfacfc2,Toxicity,Expense,Cash
bfd30f23-33ee-4377-859a-7fc9c61c4b5b,1774529698690,"2026-03-26 18:24:58",17850.0,,10000000-0000-0000-0000-000000000004,"Eating out",Expense,Cash
0643513a-9a43-42dd-93b6-fec48fe8e54d,1774529698690,"2026-03-26 18:24:58",5670.0,,968edc2b-7a45-41ec-8be9-e213be5528f8,Fuel,Expense,Cash
a9a5265b-7e13-41bd-9694-3d9d271e30ff,1774529698690,"2026-03-26 18:24:58",800.0,,7adc3dbd-e8b1-494f-8685-6c84d84c4f96,Hospital,Expense,Cash
86926e34-affa-4d8e-83c3-7140fa8aab37,1774502570096,"2026-03-26 10:52:50",1220.0,,02380fa8-41a8-43fa-8e7b-2a579cfacfc2,Toxicity,Expense,Cash
9b37728f-c371-483b-ab71-877211ace249,1774449005260,"2026-03-25 20:00:05",100.0,,6b86fb91-20d2-4296-8fc0-11af8f5db354,Brewery,Expense,Cash
63f496f8-19cd-4cdc-ac50-f27c1cadde07,1774449001270,"2026-03-25 20:00:01",1200.0,,02380fa8-41a8-43fa-8e7b-2a579cfacfc2,Toxicity,Expense,Cash
5ccb954f-d132-4aac-b5c3-a7fbb59de5f2,1774428331158,"2026-03-25 14:15:31",1600.0,,6b86fb91-20d2-4296-8fc0-11af8f5db354,Brewery,Expense,Cash
832fb010-a46e-4c5f-a4fe-d7460a41d6ad,1774374073833,"2026-03-24 23:11:13",2500.0,,02380fa8-41a8-43fa-8e7b-2a579cfacfc2,Toxicity,Expense,Cash
be63b2d4-814e-443a-b0ee-2c29ec8f05a4,1774239156174,"2026-03-23 09:42:36",100.0,,10000000-0000-0000-0000-000000000005,Transport,Expense,Cash
24de1723-4254-4160-b3cc-434d96b8372d,1774239156174,"2026-03-23 09:42:36",400.0,,10000000-0000-0000-0000-000000000005,Transport,Expense,Cash
faebdcc6-91dd-4c0d-b0e0-41da6194868d,1774100210446,"2026-03-21 19:06:50",5670.0,,968edc2b-7a45-41ec-8be9-e213be5528f8,Fuel,Expense,Cash
daf65a6a-3868-446d-b1a8-226bc70fc6fa,1774100210446,"2026-03-21 19:06:50",1200.0,,02380fa8-41a8-43fa-8e7b-2a579cfacfc2,Toxicity,Expense,Cash
95a68c14-860a-4ff8-adaf-f38d2dee64a1,1774100210446,"2026-03-21 19:06:50",480.0,,02380fa8-41a8-43fa-8e7b-2a579cfacfc2,Toxicity,Expense,Cash
ab2fbe09-381f-4b7c-a78f-fc3c2d45d7a2,1774100204973,"2026-03-21 19:06:44",200.0,,02380fa8-41a8-43fa-8e7b-2a579cfacfc2,Toxicity,Expense,Cash
04171d34-3e5a-41e6-a9d7-5c9a2430d5c6,1774089701318,"2026-03-21 16:11:41",18000.0,,02380fa8-41a8-43fa-8e7b-2a579cfacfc2,Toxicity,Expense,Cash
c226f6a7-5da1-4fd9-ad7a-8e3706170950,1774027349482,"2026-03-20 22:52:29",1250.0,,02380fa8-41a8-43fa-8e7b-2a579cfacfc2,Toxicity,Expense,Cash
a2d5dbb8-f331-4ac0-8b70-8685afb5f3a7,1773929449372,"2026-03-19 19:40:49",1200.0,,02380fa8-41a8-43fa-8e7b-2a579cfacfc2,Toxicity,Expense,Cash
7d45602f-8baa-455d-981d-a1a706412e84,1773849715321,"2026-03-18 21:31:55",2130.0,,10000000-0000-0000-0000-000000000002,House,Expense,Cash
4e1c6e12-cab3-47d6-bc7d-16a3a0be005d,1773849715321,"2026-03-18 21:31:55",2200.0,,02380fa8-41a8-43fa-8e7b-2a579cfacfc2,Toxicity,Expense,Cash
0e3c1abf-e109-4953-89f2-4fa4ab0cf45d,1773849715321,"2026-03-18 21:31:55",1200.0,,02380fa8-41a8-43fa-8e7b-2a579cfacfc2,Toxicity,Expense,Cash
79aa4ba2-57e2-495a-9313-d0be63bb5abf,1773835045040,"2026-03-18 17:27:25",9000.0,,02380fa8-41a8-43fa-8e7b-2a579cfacfc2,Toxicity,Expense,Cash
0cddc950-49e7-48f5-8559-9eebec0cc6cf,1773699455984,"2026-03-17 03:47:35",55060.0,,10000000-0000-0000-0000-000000000002,House,Expense,Cash
5fde1092-b4f9-475f-ac65-b8d5eee0a443,1773672735421,"2026-03-16 20:22:15",2000.0,,10000000-0000-0000-0000-000000000004,"Eating out",Expense,Cash
7fbcb7f0-0f42-4cb8-913e-dccd38fa98db,1773566566907,"2026-03-15 14:52:46",1200.0,,02380fa8-41a8-43fa-8e7b-2a579cfacfc2,Toxicity,Expense,Cash
fe747af9-92e2-4581-8fed-83bfaad84c1e,1773566566907,"2026-03-15 14:52:46",120.0,,6b86fb91-20d2-4296-8fc0-11af8f5db354,Brewery,Expense,Cash
d4b4ed09-eb15-49a9-8cd5-c2392beafe5e,1773566566907,"2026-03-15 14:52:46",600.0,,6b86fb91-20d2-4296-8fc0-11af8f5db354,Brewery,Expense,Cash
8da66735-d1b7-4d07-a566-4f7660e45f69,1773496010407,"2026-03-14 19:16:50",1200.0,,02380fa8-41a8-43fa-8e7b-2a579cfacfc2,Toxicity,Expense,Cash
687007e4-dc43-49d5-81b0-9044e727a727,1773428348037,"2026-03-14 00:29:08",960.0,,02380fa8-41a8-43fa-8e7b-2a579cfacfc2,Toxicity,Expense,Cash
98b2efe4-4d6d-4cce-8060-7aa2e15539ae,1773394535667,"2026-03-13 15:05:35",720.0,,02380fa8-41a8-43fa-8e7b-2a579cfacfc2,Toxicity,Expense,Cash
62bfb2a7-d105-48dd-8ab8-2b736202103e,1773303764469,"2026-03-12 13:52:44",480.0,,02380fa8-41a8-43fa-8e7b-2a579cfacfc2,Toxicity,Expense,Cash
aabf3a07-b1d2-4268-8ec4-098552148df0,1773303764469,"2026-03-12 13:52:44",600.0,,6b86fb91-20d2-4296-8fc0-11af8f5db354,Brewery,Expense,Cash
d3c20746-2624-4171-8383-f486b62db86c,1773303764469,"2026-03-12 13:52:44",3430.0,,10000000-0000-0000-0000-000000000002,House,Expense,Cash
096c1cd3-f1c2-43f1-bf17-3b7f1e1e4cd4,1773303764469,"2026-03-12 13:52:44",480.0,,02380fa8-41a8-43fa-8e7b-2a579cfacfc2,Toxicity,Expense,Cash
53ebffee-6a7a-4b98-9436-02dd52d63454,1773231510734,"2026-03-11 17:48:30",5670.0,,968edc2b-7a45-41ec-8be9-e213be5528f8,Fuel,Expense,Cash
2f453faa-f5ec-40fb-b7a5-42c43edc7d44,1773231510734,"2026-03-11 17:48:30",240.0,,02380fa8-41a8-43fa-8e7b-2a579cfacfc2,Toxicity,Expense,Cash
3755db0e-30d8-424f-ae0a-2bde1780f39b,1773231510734,"2026-03-11 17:48:30",100.0,,6b86fb91-20d2-4296-8fc0-11af8f5db354,Brewery,Expense,Cash
79d315ca-3083-4e4c-8e6f-0bd5f1841a8f,1773228963622,"2026-03-11 17:06:03",900.0,,02380fa8-41a8-43fa-8e7b-2a579cfacfc2,Toxicity,Expense,Cash
1b2a92aa-6eac-4968-becc-343b531b0edc,1773228963622,"2026-03-11 17:06:03",18000.0,,02380fa8-41a8-43fa-8e7b-2a579cfacfc2,Toxicity,Expense,Cash
f4a8cd60-ad56-4481-9053-12fc400c549e,1773104812777,"2026-03-10 06:36:52",480.0,,02380fa8-41a8-43fa-8e7b-2a579cfacfc2,Toxicity,Expense,Cash
71b25867-b8bd-4568-8b19-7ba30c1e7f34,1773104812777,"2026-03-10 06:36:52",1200.0,,02380fa8-41a8-43fa-8e7b-2a579cfacfc2,Toxicity,Expense,Cash
020f2839-7a5d-4a19-a15a-cd048ac67c3e,1773065634925,"2026-03-09 19:43:54",1200.0,,02380fa8-41a8-43fa-8e7b-2a579cfacfc2,Toxicity,Expense,Cash
bd5cad46-c9f2-4ccc-87d5-36b6a6d89266,1773021168067,"2026-03-09 07:22:48",720.0,,02380fa8-41a8-43fa-8e7b-2a579cfacfc2,Toxicity,Expense,Cash
10f344cd-18f0-49f4-a412-b84a66cebe63,1772885494940,"2026-03-07 17:41:34",240.0,,02380fa8-41a8-43fa-8e7b-2a579cfacfc2,Toxicity,Expense,Cash
fc4963fb-cd6b-49ed-9b27-98c123ee36cd,1772885494940,"2026-03-07 17:41:34",1000.0,,6b86fb91-20d2-4296-8fc0-11af8f5db354,Brewery,Expense,Cash
8e1ea11a-e5e3-41d9-8c58-5d145ef92c85,1772885494940,"2026-03-07 17:41:34",900.0,,02380fa8-41a8-43fa-8e7b-2a579cfacfc2,Toxicity,Expense,Cash
751696f2-cfbe-42eb-b3b4-64c83fd0b0ab,1772885494940,"2026-03-07 17:41:34",100.0,,10000000-0000-0000-0000-000000000005,Transport,Expense,Cash
33afef8a-679e-495e-b8c2-1ec7f58370bd,1772885494940,"2026-03-07 17:41:34",1780.0,,02380fa8-41a8-43fa-8e7b-2a579cfacfc2,Toxicity,Expense,Cash
7ffae940-bed5-4492-97f8-ec87cfc10985,1772797583215,"2026-03-06 17:16:23",2500.0,,10000000-0000-0000-0000-000000000002,House,Expense,Cash
8789b4bc-50a5-4d9b-9925-ed154408e93a,1772797583215,"2026-03-06 17:16:23",480.0,,02380fa8-41a8-43fa-8e7b-2a579cfacfc2,Toxicity,Expense,Cash
af667054-9235-4025-9a18-72f58f341785,1772797583215,"2026-03-06 17:16:23",180.0,,02380fa8-41a8-43fa-8e7b-2a579cfacfc2,Toxicity,Expense,Cash
f245dd27-3174-4cad-8f99-e4a872c05705,1772797583215,"2026-03-06 17:16:23",100.0,,6b86fb91-20d2-4296-8fc0-11af8f5db354,Brewery,Expense,Cash
0b30a114-6c08-4d64-ac90-a58227cea17d,1772761760945,"2026-03-06 07:19:20",480.0,,02380fa8-41a8-43fa-8e7b-2a579cfacfc2,Toxicity,Expense,Cash
1929abc4-a843-4960-a1c0-6ac07cea9f1b,1772761760945,"2026-03-06 07:19:20",1150.0,,02380fa8-41a8-43fa-8e7b-2a579cfacfc2,Toxicity,Expense,Cash
9edac442-ea60-48f2-95c2-4aa18f2493b2,1772744124596,"2026-03-06 02:25:24",2990.0,,420b8538-1df3-40d2-824b-94b5c2a176e5,OTT,Expense,Cash
eac2066c-b503-4ba6-bf53-65caa984fc56,1772730000341,"2026-03-05 22:30:00",900.0,,02380fa8-41a8-43fa-8e7b-2a579cfacfc2,Toxicity,Expense,Cash
3ca8c409-b472-4da5-9dc1-902333ae7948,1772716142800,"2026-03-05 18:39:02",1790.0,,420b8538-1df3-40d2-824b-94b5c2a176e5,OTT,Expense,Cash
ee2660b4-5e4d-4b8c-93eb-3aebb3f94e51,1772716142800,"2026-03-05 18:39:02",240.0,,02380fa8-41a8-43fa-8e7b-2a579cfacfc2,Toxicity,Expense,Cash
189c1edc-4bde-48a2-b912-2886510485f5,1772716142800,"2026-03-05 18:39:02",120.0,,6b86fb91-20d2-4296-8fc0-11af8f5db354,Brewery,Expense,Cash
74279842-1ae8-43ad-8763-8980edecb54f,1772716142800,"2026-03-05 18:39:02",180.0,,02380fa8-41a8-43fa-8e7b-2a579cfacfc2,Toxicity,Expense,Cash
c9d022a6-b60b-4684-a58a-6218c9a763d0,1772689634060,"2026-03-05 11:17:14",920.0,,02380fa8-41a8-43fa-8e7b-2a579cfacfc2,Toxicity,Expense,Cash
b67ca6e4-b7a5-47f8-aa42-fe8829bd263a,1772628195474,"2026-03-04 18:13:15",920.0,,02380fa8-41a8-43fa-8e7b-2a579cfacfc2,Toxicity,Expense,Cash
efa2a3cc-0085-452d-917e-67f3814b0723,1772628195474,"2026-03-04 18:13:15",590.0,,02380fa8-41a8-43fa-8e7b-2a579cfacfc2,Toxicity,Expense,Cash
f134ec95-ac9d-4156-bf9b-526981e63bde,1772544674020,"2026-03-03 19:01:14",1120.0,,02380fa8-41a8-43fa-8e7b-2a579cfacfc2,Toxicity,Expense,Cash
62ed15a6-e012-4c63-9c2f-da0a95045dc0,1772544674020,"2026-03-03 19:01:14",5670.0,,968edc2b-7a45-41ec-8be9-e213be5528f8,Fuel,Expense,Cash
7cfaef15-ed56-4742-a504-67892ce5913c,1772513479359,"2026-03-03 10:21:19",1130.0,,02380fa8-41a8-43fa-8e7b-2a579cfacfc2,Toxicity,Expense,Cash
ab50c3ea-2bea-419d-be27-84431a88b89e,1772449886366,"2026-03-02 16:41:26",1200.0,,02380fa8-41a8-43fa-8e7b-2a579cfacfc2,Toxicity,Expense,Cash
0acb1d26-67bd-4b09-8f76-9af03e5f07fe,1772379036410,"2026-03-01 21:00:36",1120.0,,02380fa8-41a8-43fa-8e7b-2a579cfacfc2,Toxicity,Expense,Cash
2a0810e5-190b-474b-82d2-988cf76ef612,1772372938107,"2026-03-01 19:18:58",400.0,,02380fa8-41a8-43fa-8e7b-2a579cfacfc2,Toxicity,Expense,Cash
3bcf1999-49ee-460b-a491-1cee7aa6fb24,1772372938107,"2026-03-01 19:18:58",9000.0,,02380fa8-41a8-43fa-8e7b-2a579cfacfc2,Toxicity,Expense,Cash
36274f97-93e3-44b9-ab94-5235e31c8965,1772372938107,"2026-03-01 19:18:58",220.0,,02380fa8-41a8-43fa-8e7b-2a579cfacfc2,Toxicity,Expense,Cash
bcb0b383-d6cd-4a8a-a74c-3d505a837ab1,1772343696649,"2026-03-01 11:11:36",1200.0,,02380fa8-41a8-43fa-8e7b-2a579cfacfc2,Toxicity,Expense,Cash
159f0e6b-5169-46d1-87e4-89072b4f5e9a,1772343696649,"2026-03-01 11:11:36",120.0,,6b86fb91-20d2-4296-8fc0-11af8f5db354,Brewery,Expense,Cash
be9336ab-de33-4ff0-9384-077b4e093b4c,1772293991503,"2026-02-28 21:23:11",920.0,,02380fa8-41a8-43fa-8e7b-2a579cfacfc2,Toxicity,Expense,Cash
2c2f5201-9499-4e62-b519-df8f7afeed28,1772293991503,"2026-02-28 21:23:11",7640.0,,10000000-0000-0000-0000-000000000004,"Eating out",Expense,Cash
d21fa81a-7812-4578-9f1d-afb53c137bc8,1772278860758,"2026-02-28 17:11:00",1150.0,,02380fa8-41a8-43fa-8e7b-2a579cfacfc2,Toxicity,Expense,Cash
4615d065-4c96-4aa8-97a4-ea88b42f1c3a,1772195217723,"2026-02-27 17:56:57",8000.0,,02380fa8-41a8-43fa-8e7b-2a579cfacfc2,Toxicity,Expense,Cash
eb6177ee-7833-402d-b37a-94b731372ed5,1772195217723,"2026-02-27 17:56:57",345000.0,,10000000-0000-0000-0000-00000000000f,Salary,Income,Cash
119cfbe0-70d3-4e91-a979-84d713238ae1,1772195217723,"2026-02-27 17:56:57",440.0,,02380fa8-41a8-43fa-8e7b-2a579cfacfc2,Toxicity,Expense,Cash
0b3839ca-a167-4a7f-a68f-e5c33db05095,1772195217723,"2026-02-27 17:56:57",1100.0,,02380fa8-41a8-43fa-8e7b-2a579cfacfc2,Toxicity,Expense,Cash
83450cd4-3b83-4e4e-8352-818f93d2466f,1772159027597,"2026-02-27 07:53:47",1100.0,,02380fa8-41a8-43fa-8e7b-2a579cfacfc2,Toxicity,Expense,Cash
ab893cc8-54bd-42e5-8b41-65ebe3a6c2c5,1772087873473,"2026-02-26 12:07:53",1100.0,,02380fa8-41a8-43fa-8e7b-2a579cfacfc2,Toxicity,Expense,Cash
1e23ed8c-b6c0-44d4-b2a8-43c7f791fbae,1772028316231,"2026-02-25 19:35:16",440.0,,02380fa8-41a8-43fa-8e7b-2a579cfacfc2,Toxicity,Expense,Cash
2f531775-91b4-467b-bffa-90ae7349846d,1772028316231,"2026-02-25 19:35:16",1100.0,,02380fa8-41a8-43fa-8e7b-2a579cfacfc2,Toxicity,Expense,Cash
57dbf952-fa1a-4868-aac3-c476490ef613,1772028316231,"2026-02-25 19:35:16",5670.0,,968edc2b-7a45-41ec-8be9-e213be5528f8,Fuel,Expense,Cash
518651c2-b5a1-4491-89a0-bf2f9ef86806,1771912198731,"2026-02-24 11:19:58",2080.0,,02380fa8-41a8-43fa-8e7b-2a579cfacfc2,Toxicity,Expense,Cash
48a3d17d-622a-4e38-89da-bf85d895c153,1771912198731,"2026-02-24 11:19:58",440.0,,02380fa8-41a8-43fa-8e7b-2a579cfacfc2,Toxicity,Expense,Cash
a714e46e-ed2c-42c5-8909-2ad84864b89e,1771871400000,"2026-02-24 00:00:00",880.0,,02380fa8-41a8-43fa-8e7b-2a579cfacfc2,Toxicity,Expense,Cash
a277c41f-f945-4f73-8f67-6381d040d469,1771871400000,"2026-02-24 00:00:00",1100.0,,02380fa8-41a8-43fa-8e7b-2a579cfacfc2,Toxicity,Expense,Cash
246450f3-25c0-4e69-acb8-e99a0cfe038b,1771821418610,"2026-02-23 10:06:58",6490.0,,10000000-0000-0000-0000-000000000002,House,Expense,Cash
ad76e722-77ea-4ebf-bb98-1c67fde667a1,1771821418610,"2026-02-23 10:06:58",1100.0,,02380fa8-41a8-43fa-8e7b-2a579cfacfc2,Toxicity,Expense,Cash
b251945d-f75c-4d66-9016-bbbe670ba2a1,1771821418610,"2026-02-23 10:06:58",6490.0,,420b8538-1df3-40d2-824b-94b5c2a176e5,OTT,Expense,Cash
46eaab28-be5b-480b-95af-1700b589a2e5,1771772382458,"2026-02-22 20:29:42",1100.0,,02380fa8-41a8-43fa-8e7b-2a579cfacfc2,Toxicity,Expense,Cash
b5bef986-d8e5-4612-8a6f-01d0559b5527,1771725071351,"2026-02-22 07:21:11",1100.0,,02380fa8-41a8-43fa-8e7b-2a579cfacfc2,Toxicity,Expense,Cash
f6327e2b-5330-44e4-bebb-970e42fe9e86,1771681677963,"2026-02-21 19:17:57",11030.0,,1356556b-523d-42d8-a52c-a187da9c433c,health,Expense,Cash
78302cb1-1d46-40d7-afc6-f13121a5bdc5,1771635914942,"2026-02-21 06:35:14",880.0,,02380fa8-41a8-43fa-8e7b-2a579cfacfc2,Toxicity,Expense,Cash
3ca944f3-1741-4b95-b321-5ce91fc8bb3f,1771635914942,"2026-02-21 06:35:14",150.0,,02380fa8-41a8-43fa-8e7b-2a579cfacfc2,Toxicity,Expense,Cash
0a987c21-8568-4b80-bd11-609609e62285,1771595277963,"2026-02-20 19:17:57",220.0,,02380fa8-41a8-43fa-8e7b-2a579cfacfc2,Toxicity,Expense,Cash
78241326-a8d1-489e-988e-d58c20e1b191,1771595277963,"2026-02-20 19:17:57",880.0,,02380fa8-41a8-43fa-8e7b-2a579cfacfc2,Toxicity,Expense,Cash
78de89c2-7bee-4e41-8029-79c340f31c24,1771512633882,"2026-02-19 20:20:33",1100.0,,02380fa8-41a8-43fa-8e7b-2a579cfacfc2,Toxicity,Expense,Cash
0ee67344-9940-4ea1-acfb-822040598bf7,1771421139627,"2026-02-18 18:55:39",880.0,,02380fa8-41a8-43fa-8e7b-2a579cfacfc2,Toxicity,Expense,Cash
dca457a2-3144-466e-af9e-ec363cd4ce85,1771421139627,"2026-02-18 18:55:39",660.0,,02380fa8-41a8-43fa-8e7b-2a579cfacfc2,Toxicity,Expense,Cash
8c003d44-c7e3-4e5b-be8d-e433a31ff921,1771334118830,"2026-02-17 18:45:18",1540.0,,02380fa8-41a8-43fa-8e7b-2a579cfacfc2,Toxicity,Expense,Cash
911bb276-eea8-49cd-93b9-4e6b5ff4f839,1771242914476,"2026-02-16 17:25:14",10000.0,,02380fa8-41a8-43fa-8e7b-2a579cfacfc2,Toxicity,Expense,Cash
c2eb6596-be5a-454a-907e-c13b526ba5d4,1771242914476,"2026-02-16 17:25:14",1320.0,,02380fa8-41a8-43fa-8e7b-2a579cfacfc2,Toxicity,Expense,Cash
a2fc4327-0722-40c6-81f7-f6c84be3a8f7,1771242914476,"2026-02-16 17:25:14",120.0,,6b86fb91-20d2-4296-8fc0-11af8f5db354,Brewery,Expense,Cash
0d4cbed9-86fe-4841-b09d-4ad05d5e2efd,1771242914476,"2026-02-16 17:25:14",450.0,,02380fa8-41a8-43fa-8e7b-2a579cfacfc2,Toxicity,Expense,Cash
06e0d3f0-7f7b-472c-9a0e-589bef55af2b,1771234576664,"2026-02-16 15:06:16",67930.0,,1356556b-523d-42d8-a52c-a187da9c433c,health,Expense,Cash
9c48bc72-b845-4fd9-bcad-a4ee01582606,1771146757071,"2026-02-15 14:42:37",1100.0,,02380fa8-41a8-43fa-8e7b-2a579cfacfc2,Toxicity,Expense,Cash
5fb14cf4-d117-4925-95fe-b48f1d2991b3,1771083810229,"2026-02-14 21:13:30",1100.0,,02380fa8-41a8-43fa-8e7b-2a579cfacfc2,Toxicity,Expense,Cash
3375928f-8708-40de-8bfa-d80bcd3a9fe8,1771024872963,"2026-02-14 04:51:12",930.0,,10000000-0000-0000-0000-000000000005,Transport,Expense,Cash
faaad4e7-7f54-48d7-a2db-e77a175bc9d1,1771024872963,"2026-02-14 04:51:12",200.0,,02380fa8-41a8-43fa-8e7b-2a579cfacfc2,Toxicity,Expense,Cash
8301174e-01b8-42e5-a62f-8d9a3a51a8eb,1770979863869,"2026-02-13 16:21:03",460.0,,02380fa8-41a8-43fa-8e7b-2a579cfacfc2,Toxicity,Expense,Cash
6453bca1-1c63-427a-9a74-3b6d3b0025e3,1770969807863,"2026-02-13 13:33:27",12240.0,,10000000-0000-0000-0000-000000000005,Transport,Expense,Cash
4d7fc717-99e0-4275-afd5-44f566077837,1770942552739,"2026-02-13 05:59:12",880.0,,02380fa8-41a8-43fa-8e7b-2a579cfacfc2,Toxicity,Expense,Cash
927b7805-2576-46d3-bca9-00bc70cb8dd2,1770942552739,"2026-02-13 05:59:12",80.0,,6b86fb91-20d2-4296-8fc0-11af8f5db354,Brewery,Expense,Cash
8a05bef0-3290-4d48-9b93-3b60cd717ed9,1770902992447,"2026-02-12 18:59:52",1100.0,,02380fa8-41a8-43fa-8e7b-2a579cfacfc2,Toxicity,Expense,Cash
3697779f-e17f-407c-8dcd-2774335903ec,1770817231197,"2026-02-11 19:10:31",1320.0,,02380fa8-41a8-43fa-8e7b-2a579cfacfc2,Toxicity,Expense,Cash
b5f2f2aa-5210-4344-a62f-1168479fddf1,1770724230966,"2026-02-10 17:20:30",1100.0,,02380fa8-41a8-43fa-8e7b-2a579cfacfc2,Toxicity,Expense,Cash
2087e9cc-6371-4e20-8aad-7c0eb8c23122,1770724230966,"2026-02-10 17:20:30",1100.0,,02380fa8-41a8-43fa-8e7b-2a579cfacfc2,Toxicity,Expense,Cash
e13bb51a-d6a4-4729-9a84-e55f4a3c7313,1770607537179,"2026-02-09 08:55:37",1890.0,,10000000-0000-0000-0000-000000000002,House,Expense,Cash
ee47f70f-e63b-43eb-9a19-ce94f22eea50,1770607537179,"2026-02-09 08:55:37",1700.0,,10000000-0000-0000-0000-000000000002,House,Expense,Cash
bdd4c231-5560-4a09-93cf-175dc947b42e,1770607537179,"2026-02-09 08:55:37",8000.0,,968edc2b-7a45-41ec-8be9-e213be5528f8,Fuel,Expense,Cash
593ff06a-0bab-4a02-b056-5c0de772210c,1770607537179,"2026-02-09 08:55:37",880.0,,02380fa8-41a8-43fa-8e7b-2a579cfacfc2,Toxicity,Expense,Cash
24f7fbd2-4672-4de7-b511-c8deb96193bf,1770607537179,"2026-02-09 08:55:37",200.0,,10000000-0000-0000-0000-000000000004,"Eating out",Expense,Cash
e3437a2b-ef6a-4e7a-ab9f-55de81b1c61e,1770607537179,"2026-02-09 08:55:37",900.0,,10000000-0000-0000-0000-000000000004,"Eating out",Expense,Cash
c6b18363-4c35-4a2f-9711-a327e164fcee,1770607537179,"2026-02-09 08:55:37",440.0,,02380fa8-41a8-43fa-8e7b-2a579cfacfc2,Toxicity,Expense,Cash
de51f7bf-41e7-42a7-be55-0a3bc36c2240,1770607537179,"2026-02-09 08:55:37",220.0,,02380fa8-41a8-43fa-8e7b-2a579cfacfc2,Toxicity,Expense,Cash
9b9ce0f8-810b-4ac8-9cb6-863cf8bdf88f,1770569895116,"2026-02-08 22:28:15",600.0,,6b86fb91-20d2-4296-8fc0-11af8f5db354,Brewery,Expense,Cash
929ea8c8-e2fd-4237-b672-e5f71761c096,1770569895116,"2026-02-08 22:28:15",1100.0,,02380fa8-41a8-43fa-8e7b-2a579cfacfc2,Toxicity,Expense,Cash
5bf0ef28-dc62-4f47-84df-083114854563,1770569895116,"2026-02-08 22:28:15",3600.0,,10000000-0000-0000-0000-000000000004,"Eating out",Expense,Cash
fe33cd03-11ce-4d68-80d2-380121923bdc,1770555992140,"2026-02-08 18:36:32",19500.0,Battery,d71face0-704a-49ff-8c96-9778abb5d2e3,Bike,Expense,Cash
154fa8bb-26f6-4112-b83d-03e8ef938696,1770555992140,"2026-02-08 18:36:32",10000.0,,02380fa8-41a8-43fa-8e7b-2a579cfacfc2,Toxicity,Expense,Cash
32329962-8fe6-4c06-a1c9-bc12cb6ccaa4,1770539747399,"2026-02-08 14:05:47",5790.0,,10000000-0000-0000-0000-000000000005,Transport,Expense,Cash
c2009dfe-3c28-495e-92c8-cc8d8702b16c,1770539747399,"2026-02-08 14:05:47",1600.0,,02380fa8-41a8-43fa-8e7b-2a579cfacfc2,Toxicity,Expense,Cash
79d90838-597e-4e5d-acee-04e4e68cf39b,1770539747399,"2026-02-08 14:05:47",800.0,,10000000-0000-0000-0000-000000000004,"Eating out",Expense,Cash
e5a88a86-0026-455f-b64f-bed0a3101671,1770487141445,"2026-02-07 23:29:01",360.0,,10000000-0000-0000-0000-000000000005,Transport,Expense,Cash
e128e2ab-da42-4cfb-9a44-c07175b946f4,1770464865764,"2026-02-07 17:17:45",440.0,,02380fa8-41a8-43fa-8e7b-2a579cfacfc2,Toxicity,Expense,Cash
dd4182a0-2a9d-4077-8b4a-7bb0743e87b9,1770464865764,"2026-02-07 17:17:45",100.0,,6b86fb91-20d2-4296-8fc0-11af8f5db354,Brewery,Expense,Cash
79b5797e-80ae-42b4-bbfc-36395b9bdee6,1770464865764,"2026-02-07 17:17:45",200.0,,6b86fb91-20d2-4296-8fc0-11af8f5db354,Brewery,Expense,Cash
8295b6a1-67d4-4c91-bb8e-fc0f99256e97,1770464865764,"2026-02-07 17:17:45",570.0,,10000000-0000-0000-0000-000000000005,Transport,Expense,Cash
88cb53bf-f59c-4008-b01f-812b88a9feaa,1770464865764,"2026-02-07 17:17:45",430.0,,10000000-0000-0000-0000-000000000005,Transport,Expense,Cash
5f54169e-2aa8-4583-adf7-2811248cbf59,1770446903523,"2026-02-07 12:18:23",850.0,,02380fa8-41a8-43fa-8e7b-2a579cfacfc2,Toxicity,Expense,Cash
cb7c9036-d4e9-4e6c-90fa-e0e575062b90,1770446903523,"2026-02-07 12:18:23",100.0,,6b86fb91-20d2-4296-8fc0-11af8f5db354,Brewery,Expense,Cash
2f1ff095-acb3-4913-9e81-0d81bad17719,1770446903523,"2026-02-07 12:18:23",380.0,,10000000-0000-0000-0000-000000000005,Transport,Expense,Cash
3ebc57f7-4c73-42dc-be1e-90e33ab9fe59,1770446903523,"2026-02-07 12:18:23",800.0,,02380fa8-41a8-43fa-8e7b-2a579cfacfc2,Toxicity,Expense,Cash
951317dc-b074-48c7-8a66-baadcce6205e,1770446903523,"2026-02-07 12:18:23",200.0,,6b86fb91-20d2-4296-8fc0-11af8f5db354,Brewery,Expense,Cash
6a4dd1e9-ab95-487b-948c-c222641c709b,1770442084241,"2026-02-07 10:58:04",570.0,,10000000-0000-0000-0000-000000000005,Transport,Expense,Cash
30022023-3466-4c51-ac05-62c35ee946ad,1770375916586,"2026-02-06 16:35:16",680.0,,02380fa8-41a8-43fa-8e7b-2a579cfacfc2,Toxicity,Expense,Cash
3851a052-8aa9-4145-b39a-595e8b894da6,1770375916586,"2026-02-06 16:35:16",880.0,,02380fa8-41a8-43fa-8e7b-2a579cfacfc2,Toxicity,Expense,Cash
93bdb463-d633-46db-8225-3c369235e350,1770375916586,"2026-02-06 16:35:16",600.0,,6b86fb91-20d2-4296-8fc0-11af8f5db354,Brewery,Expense,Cash
398476ce-4519-4dd3-8d21-766190bbf0b5,1770306966253,"2026-02-05 21:26:06",1100.0,,02380fa8-41a8-43fa-8e7b-2a579cfacfc2,Toxicity,Expense,Cash
3c6468df-8052-4aef-bf10-df4b6d04eb7a,1770249294378,"2026-02-05 05:24:54",880.0,,02380fa8-41a8-43fa-8e7b-2a579cfacfc2,Toxicity,Expense,Cash
373fcdd9-8d0e-42b5-933d-e7f732e1da82,1770211055757,"2026-02-04 18:47:35",1020.0,,02380fa8-41a8-43fa-8e7b-2a579cfacfc2,Toxicity,Expense,Cash
c73559a0-6b58-4e86-8b10-8d96e78dba8b,1770125787718,"2026-02-03 19:06:27",1000.0,,02380fa8-41a8-43fa-8e7b-2a579cfacfc2,Toxicity,Expense,Cash
7a17cef5-62fc-4ee4-986d-f7ce638f3c82,1770103451857,"2026-02-03 12:54:11",190.0,,02380fa8-41a8-43fa-8e7b-2a579cfacfc2,Toxicity,Expense,Cash
9e27b7a0-3ad2-4509-a8e0-017d6054f3d6,1770017051857,"2026-02-02 12:54:11",900.0,,02380fa8-41a8-43fa-8e7b-2a579cfacfc2,Toxicity,Expense,Cash
90bb6f29-735c-4d4d-8d33-bebedfd1c8cb,1770016856764,"2026-02-02 12:50:56",1330.0,,02380fa8-41a8-43fa-8e7b-2a579cfacfc2,Toxicity,Expense,Cash
b13adb54-7e77-4de5-907e-0dc77165d3d4,1770016856764,"2026-02-02 12:50:56",500.0,,10000000-0000-0000-0000-000000000002,House,Expense,Cash
bca894df-f3fb-4e77-bce5-d4e241292117,1770016856764,"2026-02-02 12:50:56",17040.0,,10000000-0000-0000-0000-000000000002,House,Expense,Cash
a7f30e6d-e4a4-4952-bdc0-b59ac75e06df,1769946238781,"2026-02-01 17:13:58",200.0,,6b86fb91-20d2-4296-8fc0-11af8f5db354,Brewery,Expense,Cash
39d3a74e-a6a7-405c-ba8f-fd33f00c3057,1769946231886,"2026-02-01 17:13:51",1480.0,,10000000-0000-0000-0000-000000000005,Transport,Expense,Cash
4b1b5d72-18fe-4077-b04b-babfb03e0540,1769946227853,"2026-02-01 17:13:47",200.0,,02380fa8-41a8-43fa-8e7b-2a579cfacfc2,Toxicity,Expense,Cash
8bf1c28f-4629-47c3-b13c-d24d72c86abc,1769917066184,"2026-02-01 09:07:46",1000.0,,02380fa8-41a8-43fa-8e7b-2a579cfacfc2,Toxicity,Expense,Cash
f574cda3-a673-4ccb-98de-06c2f9941300,1769917061188,"2026-02-01 09:07:41",1250.0,,10000000-0000-0000-0000-000000000001,Food,Expense,Cash
62249dfe-19e6-40d6-9672-3e8101399ea4,1769915314946,"2026-02-01 08:38:34",180.0,,02380fa8-41a8-43fa-8e7b-2a579cfacfc2,Toxicity,Expense,Cash
25bd782c-3bfc-42db-8b04-8ec0f1ba5f5a,1769915311436,"2026-02-01 08:38:31",2400.0,,10000000-0000-0000-0000-000000000004,"Eating out",Expense,Cash
258f5c63-f0c6-4b23-a31c-18551aff4191,1769907109344,"2026-02-01 06:21:49",4520.0,,10000000-0000-0000-0000-000000000005,Transport,Expense,Cash
55f117ad-b612-4549-bf6d-8604e49bcede,1769867220233,"2026-01-31 19:17:00",820.0,,10000000-0000-0000-0000-000000000001,Food,Expense,Cash
78a7998c-a44d-4c80-9823-55f081702388,1769866364976,"2026-01-31 19:02:44",400.0,,6b86fb91-20d2-4296-8fc0-11af8f5db354,Brewery,Expense,Cash
0d437e46-9882-4550-8079-e4170f7e0b71,1769866353399,"2026-01-31 19:02:33",1170.0,,02380fa8-41a8-43fa-8e7b-2a579cfacfc2,Toxicity,Expense,Cash
7f80a3db-610c-4f1e-ba9f-594cdae6997e,1769855323114,"2026-01-31 15:58:43",3100.0,,10000000-0000-0000-0000-000000000004,"Eating out",Expense,Cash
ed8c0965-d56f-4f94-a0dc-38ad372a584d,1769855323114,"2026-01-31 15:58:43",25570.0,"Keyboard ",10000000-0000-0000-0000-000000000002,House,Expense,Cash
8ee90584-d455-4cf4-abf5-f68682cebe74,1769841116928,"2026-01-31 12:01:56",480.0,,10000000-0000-0000-0000-000000000004,"Eating out",Expense,Cash
08b4c8d7-36c9-4bfb-be7d-414b06ec95c9,1769840593778,"2026-01-31 11:53:13",2600.0,,10000000-0000-0000-0000-000000000004,"Eating out",Expense,Cash
b4ecd6a8-d58f-4ee5-926c-e92f60a12720,1769836520081,"2026-01-31 10:45:20",2530.0,,02380fa8-41a8-43fa-8e7b-2a579cfacfc2,Toxicity,Expense,Cash
f98cc14c-826f-4eca-a14a-172b0358b5f6,1769829356454,"2026-01-31 08:45:56",1330.0,,02380fa8-41a8-43fa-8e7b-2a579cfacfc2,Toxicity,Expense,Cash
cf90464e-3976-4b34-b59d-1d52df5445b3,1769829356454,"2026-01-31 08:45:56",2080.0,,10000000-0000-0000-0000-000000000005,Transport,Expense,Cash
d4eae871-527f-445e-9cf5-eaa7fe712f1e,1769824598617,"2026-01-31 07:26:38",10000.0,,02380fa8-41a8-43fa-8e7b-2a579cfacfc2,Toxicity,Expense,Cash
89193bc3-7c7a-4095-875a-b44ce985fbf1,1769784799851,"2026-01-30 20:23:19",6490.0,,420b8538-1df3-40d2-824b-94b5c2a176e5,OTT,Expense,Cash
b7ea169e-ee4e-490e-aedb-42aa3cbf214d,1769784543647,"2026-01-30 20:19:03",363820.0,,10000000-0000-0000-0000-00000000000f,Salary,Income,Cash
d89dc5a6-f07b-4886-92a7-aea47149078c,1769767379501,"2026-01-30 15:32:59",5140.0,,10000000-0000-0000-0000-000000000005,Transport,Expense,Cash
dccaabf8-ccc3-47bb-9108-6b07562d45c2,1769733883404,"2026-01-30 06:14:43",190.0,,02380fa8-41a8-43fa-8e7b-2a579cfacfc2,Toxicity,Expense,Cash
5780640c-6885-4f14-93ab-d953c2fbb8b4,1769733883404,"2026-01-30 06:14:43",160.0,,02380fa8-41a8-43fa-8e7b-2a579cfacfc2,Toxicity,Expense,Cash
346e1acb-dab9-430c-a235-be9123e9143e,1769670419647,"2026-01-29 12:36:59",200.0,,6b86fb91-20d2-4296-8fc0-11af8f5db354,Brewery,Expense,Cash
994027e9-99c9-4ff2-9809-533b9f7ca918,1769670419647,"2026-01-29 12:36:59",3000.0,,10000000-0000-0000-0000-000000000004,"Eating out",Expense,Cash
f5b338d5-6884-4e1c-a833-128b0b8f4f94,1769670419647,"2026-01-29 12:36:59",990.0,,10000000-0000-0000-0000-000000000005,Transport,Expense,Cash
d4aab448-d2b2-432e-a40d-4f75d28d613d,1769670419647,"2026-01-29 12:36:59",5670.0,,968edc2b-7a45-41ec-8be9-e213be5528f8,Fuel,Expense,Cash
b7e3ef30-abb8-4817-a494-52834429cc1c,1769670419647,"2026-01-29 12:36:59",190.0,,02380fa8-41a8-43fa-8e7b-2a579cfacfc2,Toxicity,Expense,Cash
5813b454-d9c9-4977-a512-8843038d2738,1769670419647,"2026-01-29 12:36:59",3000.0,"Haircut ",10000000-0000-0000-0000-000000000002,House,Expense,Cash
ff6499ad-2b0f-454b-948e-d05bc7afad1a,1769670419647,"2026-01-29 12:36:59",840.0,,02380fa8-41a8-43fa-8e7b-2a579cfacfc2,Toxicity,Expense,Cash
275c24cf-8a6f-4680-90a6-3e3d089cc0ba,1769670419647,"2026-01-29 12:36:59",100.0,,6b86fb91-20d2-4296-8fc0-11af8f5db354,Brewery,Expense,Cash
87476453-3bf5-4528-a06e-7dc83b617014,1769670419647,"2026-01-29 12:36:59",220.0,,10000000-0000-0000-0000-000000000002,House,Expense,Cash
748a6964-302a-4c60-a7f4-68891b07d029,1769670419647,"2026-01-29 12:36:59",1700.0,,10000000-0000-0000-0000-000000000002,House,Expense,Cash
59acc9f0-c692-4ca5-b902-67a370a2c18b,1769670419647,"2026-01-29 12:36:59",9500.0,,10000000-0000-0000-0000-000000000002,House,Expense,Cash
613fb5ef-002e-431c-9781-63e028ebafa2,1769670415852,"2026-01-29 12:36:55",1900.0,,02380fa8-41a8-43fa-8e7b-2a579cfacfc2,Toxicity,Expense,Cash
eb7b95a2-53ed-4b77-96fe-75dfdcfac81d,1769646481015,"2026-01-29 05:58:01",200.0,,02380fa8-41a8-43fa-8e7b-2a579cfacfc2,Toxicity,Expense,Cash
b61ab9ad-0963-429e-9379-64d8fe48f3b1,1769646481015,"2026-01-29 05:58:01",100.0,,6b86fb91-20d2-4296-8fc0-11af8f5db354,Brewery,Expense,Cash
ef1963a1-7382-459f-9bbf-2ce024e97195,1769646481015,"2026-01-29 05:58:01",550.0,,10000000-0000-0000-0000-000000000005,Transport,Expense,Cash
86f4a829-f555-459f-a651-bb572f00c8c7,1769601149390,"2026-01-28 17:22:29",1030.0,,02380fa8-41a8-43fa-8e7b-2a579cfacfc2,Toxicity,Expense,Cash
f4443710-56c7-4871-a944-102d79acf4d0,1769597549827,"2026-01-28 16:22:29",36970.0,,10000000-0000-0000-0000-000000000002,House,Expense,Cash
33d410af-9599-4e9b-a10a-aa7edb67ee29,1769575127939,"2026-01-28 10:08:47",6490.0,,10000000-0000-0000-0000-000000000005,Transport,Expense,Cash
ea7b3bb8-71c6-4dd7-a2f9-7ffa59700235,1769522922859,"2026-01-27 19:38:42",1130.0,,02380fa8-41a8-43fa-8e7b-2a579cfacfc2,Toxicity,Expense,Cash
5746be9b-7e58-4f2d-89aa-2dcf813803cc,1769497224690,"2026-01-27 12:30:24",390.0,,02380fa8-41a8-43fa-8e7b-2a579cfacfc2,Toxicity,Expense,Cash
f2771286-2485-42f5-bf3c-4f7e1edcc4f4,1769497224690,"2026-01-27 12:30:24",32000.0,"Physiotherapy ",1356556b-523d-42d8-a52c-a187da9c433c,health,Expense,Cash
9bd336d3-565d-49dd-bb38-357d7cb17649,1769355213146,"2026-01-25 21:03:33",600.0,,02380fa8-41a8-43fa-8e7b-2a579cfacfc2,Toxicity,Expense,Cash
64ca45ea-8dbe-4be0-8046-ae7e21b3e7c4,1769355208996,"2026-01-25 21:03:28",1160.0,,6b86fb91-20d2-4296-8fc0-11af8f5db354,Brewery,Expense,Cash
fb8e1e72-ecf7-41d6-8c00-3c91e95776e0,1769310597845,"2026-01-25 08:39:57",380.0,,02380fa8-41a8-43fa-8e7b-2a579cfacfc2,Toxicity,Expense,Cash
c0b08a41-88f2-4bee-b83d-a502e68d1d9f,1769302328745,"2026-01-25 06:22:08",320.0,,02380fa8-41a8-43fa-8e7b-2a579cfacfc2,Toxicity,Expense,Cash
89ba80c6-eae5-4087-8108-1b89b3d22cf3,1769302328745,"2026-01-25 06:22:08",12000.0,,1356556b-523d-42d8-a52c-a187da9c433c,health,Expense,Cash
fb13711f-6238-4ea5-9954-8cc7c2cc09fa,1769188495957,"2026-01-23 22:44:55",1120.0,,02380fa8-41a8-43fa-8e7b-2a579cfacfc2,Toxicity,Expense,Cash
ee550c34-5225-4028-bd3a-b78bcb8d9fba,1769127584803,"2026-01-23 05:49:44",800.0,,02380fa8-41a8-43fa-8e7b-2a579cfacfc2,Toxicity,Expense,Cash
16d28a05-2582-4d8b-ae7b-fc4c563ba960,1769094711674,"2026-01-22 20:41:51",1330.0,,02380fa8-41a8-43fa-8e7b-2a579cfacfc2,Toxicity,Expense,Cash
8c4e6b78-96d0-49b9-bea1-8c1bd28d433f,1769020487627,"2026-01-22 00:04:47",1000.0,,02380fa8-41a8-43fa-8e7b-2a579cfacfc2,Toxicity,Expense,Cash
cf90f473-79d9-431e-aa5c-7d94607587f1,1768996926686,"2026-01-21 17:32:06",1330.0,,02380fa8-41a8-43fa-8e7b-2a579cfacfc2,Toxicity,Expense,Cash
c2a0237d-122e-43e3-86f3-711f2f0d46f2,1768952547666,"2026-01-21 05:12:27",640.0,,02380fa8-41a8-43fa-8e7b-2a579cfacfc2,Toxicity,Expense,Cash
2d5e2ffa-510f-4058-8dbd-2ddd89205781,1768942725805,"2026-01-21 02:28:45",1670.0,,10000000-0000-0000-0000-000000000002,House,Expense,Cash
30166cad-9864-4037-ade9-c1f194a2b40a,1768834165229,"2026-01-19 20:19:25",23090.0,,10000000-0000-0000-0000-000000000002,House,Expense,Cash
ce37cf2f-cd7e-4c97-99b8-49bf2923dc61,1768834165229,"2026-01-19 20:19:25",1200.0,,02380fa8-41a8-43fa-8e7b-2a579cfacfc2,Toxicity,Expense,Cash
e1e44ba2-eeb2-4f95-ba1c-215d1bb0df91,1768821678678,"2026-01-19 16:51:18",940.0,,02380fa8-41a8-43fa-8e7b-2a579cfacfc2,Toxicity,Expense,Cash
c1d2d789-2916-419e-a071-236537fa79c8,1768821678678,"2026-01-19 16:51:18",1000.0,,6b86fb91-20d2-4296-8fc0-11af8f5db354,Brewery,Expense,Cash
5bdfdfd1-fb59-4538-98f0-c8420208b6dc,1768821678678,"2026-01-19 16:51:18",8590.0,,10000000-0000-0000-0000-000000000012,Bills,Expense,Cash
4bde570e-ba48-478b-82b2-675f2d22ee58,1768821678678,"2026-01-19 16:51:18",8970.0,,7adc3dbd-e8b1-494f-8685-6c84d84c4f96,Hospital,Expense,Cash
0b99c4ee-5147-478b-a91f-ebb42b2a1bf2,1768735055004,"2026-01-18 16:47:35",1180.0,,02380fa8-41a8-43fa-8e7b-2a579cfacfc2,Toxicity,Expense,Cash
7e21f801-467e-4ce2-8d02-b9c0175cf77a,1768637357862,"2026-01-17 13:39:17",400.0,,10000000-0000-0000-0000-000000000002,House,Expense,Cash
592f290c-1540-4092-80d8-55ede77fc566,1768637357862,"2026-01-17 13:39:17",1590.0,,10000000-0000-0000-0000-000000000002,House,Expense,Cash
b7f0713b-90e6-4154-ae12-dcbfa00579ce,1768637357862,"2026-01-17 13:39:17",570.0,,02380fa8-41a8-43fa-8e7b-2a579cfacfc2,Toxicity,Expense,Cash
5a54b6a3-28ca-4f96-81a3-31830311dbdc,1768637357862,"2026-01-17 13:39:17",1440.0,,02380fa8-41a8-43fa-8e7b-2a579cfacfc2,Toxicity,Expense,Cash
f8ce5a4b-bf98-4fc7-93a2-44c4155b5e35,1768577929527,"2026-01-16 21:08:49",450.0,,6b86fb91-20d2-4296-8fc0-11af8f5db354,Brewery,Expense,Cash
09e66d86-f246-4cca-a9d7-07cbf8dfc3e8,1768577923541,"2026-01-16 21:08:43",960.0,,02380fa8-41a8-43fa-8e7b-2a579cfacfc2,Toxicity,Expense,Cash
4465d5ed-7a2f-4ff0-9e1d-3ca6b57fb197,1768564254219,"2026-01-16 17:20:54",320.0,,02380fa8-41a8-43fa-8e7b-2a579cfacfc2,Toxicity,Expense,Cash
f74d2ea3-d6da-4005-933b-25eb4c9e3a91,1768403732349,"2026-01-14 20:45:32",380.0,,02380fa8-41a8-43fa-8e7b-2a579cfacfc2,Toxicity,Expense,Cash
901c0aef-53bd-4993-977c-9a14c1afda1a,1768403732349,"2026-01-14 20:45:32",930.0,,02380fa8-41a8-43fa-8e7b-2a579cfacfc2,Toxicity,Expense,Cash
5700860f-b934-4886-b83e-ba4276c93733,1768403732349,"2026-01-14 20:45:32",5000.0,,10000000-0000-0000-0000-000000000002,House,Expense,Cash
1132a698-4938-4abd-bea0-85def29eb746,1768403136952,"2026-01-14 20:35:36",2400.0,,10000000-0000-0000-0000-000000000002,House,Expense,Cash
4dc00f3e-4e7b-47b0-a867-53c7ab17aa9e,1768401957441,"2026-01-14 20:15:57",600.0,,02380fa8-41a8-43fa-8e7b-2a579cfacfc2,Toxicity,Expense,Cash
f37dc4d4-1fcb-41da-bc07-781c659bbf12,1768385753532,"2026-01-14 15:45:53",400.0,,6b86fb91-20d2-4296-8fc0-11af8f5db354,Brewery,Expense,Cash
ff2c1027-49f8-496b-b546-6b00b282012e,1768385749402,"2026-01-14 15:45:49",180.0,,02380fa8-41a8-43fa-8e7b-2a579cfacfc2,Toxicity,Expense,Cash
fa2e46f0-26db-4726-9b44-ed9c09bf1dca,1768329467011,"2026-01-14 00:07:47",900.0,,02380fa8-41a8-43fa-8e7b-2a579cfacfc2,Toxicity,Expense,Cash
0bcb251d-8936-4522-9855-87756721cd8a,1768293989794,"2026-01-13 14:16:29",380.0,,02380fa8-41a8-43fa-8e7b-2a579cfacfc2,Toxicity,Expense,Cash
6b986186-e6d4-4376-9eee-6988019356cd,1768293989794,"2026-01-13 14:16:29",380.0,,02380fa8-41a8-43fa-8e7b-2a579cfacfc2,Toxicity,Expense,Cash
81e9db03-5816-47e9-9d01-6d2e929ed04a,1768293989794,"2026-01-13 14:16:29",100.0,,6b86fb91-20d2-4296-8fc0-11af8f5db354,Brewery,Expense,Cash
1483c57a-fece-4623-81ed-5b5f41bf93a8,1768293989794,"2026-01-13 14:16:29",190.0,,02380fa8-41a8-43fa-8e7b-2a579cfacfc2,Toxicity,Expense,Cash
717e7aaa-769d-4cd0-acdb-a59e91aef11d,1768293989794,"2026-01-13 14:16:29",190.0,,02380fa8-41a8-43fa-8e7b-2a579cfacfc2,Toxicity,Expense,Cash
63eef62a-9f3d-4b1a-9da5-e3bd6fa741af,1768293989794,"2026-01-13 14:16:29",100.0,,6b86fb91-20d2-4296-8fc0-11af8f5db354,Brewery,Expense,Cash
858c50a8-8d36-4c2c-8a53-379012eb7738,1768293989794,"2026-01-13 14:16:29",190.0,,02380fa8-41a8-43fa-8e7b-2a579cfacfc2,Toxicity,Expense,Cash
4e0bb43d-d7e9-4451-bbcc-43e698880187,1768293989794,"2026-01-13 14:16:29",35000.0,"Car wash",10000000-0000-0000-0000-000000000003,Car,Expense,Cash
fb7a0625-b85e-4b2b-9bdc-0ae09c786145,1768293989794,"2026-01-13 14:16:29",800.0,,02380fa8-41a8-43fa-8e7b-2a579cfacfc2,Toxicity,Expense,Cash
63a6ac6f-0c99-44a2-ac3e-24ef3db9031b,1768293989794,"2026-01-13 14:16:29",800.0,,02380fa8-41a8-43fa-8e7b-2a579cfacfc2,Toxicity,Expense,Cash
a4c28c29-9e15-42eb-bf69-2a4b1716c1e5,1768242909024,"2026-01-13 00:05:09",1100.0,,02380fa8-41a8-43fa-8e7b-2a579cfacfc2,Toxicity,Expense,Cash
3caeaa64-a9db-41b6-83fb-717a0d4f9485,1768242909024,"2026-01-13 00:05:09",200.0,,6b86fb91-20d2-4296-8fc0-11af8f5db354,Brewery,Expense,Cash
3d57b114-7ebb-4980-b42e-79472af27500,1768207589794,"2026-01-12 14:16:29",51700.0,Rent,10000000-0000-0000-0000-000000000002,House,Expense,Cash
a2c56ea6-d29c-4881-bf16-3a98ff9b7c48,1768205357862,"2026-01-12 13:39:17",5670.0,,968edc2b-7a45-41ec-8be9-e213be5528f8,Fuel,Expense,Cash
31fada4c-6bbc-4e01-84ea-5c816d55bbf4,1768204461691,"2026-01-12 13:24:21",380.0,,02380fa8-41a8-43fa-8e7b-2a579cfacfc2,Toxicity,Expense,Cash
11339fae-717d-409c-96a6-12be6a8ba91b,1768129950110,"2026-01-11 16:42:30",600.0,,6b86fb91-20d2-4296-8fc0-11af8f5db354,Brewery,Expense,Cash
1c92b671-e7eb-49eb-824f-cdb0d35269d7,1768129950110,"2026-01-11 16:42:30",1000.0,,02380fa8-41a8-43fa-8e7b-2a579cfacfc2,Toxicity,Expense,Cash
aa5fc816-2f2d-4780-a9d2-ea2e63dc24f4,1768121738973,"2026-01-11 14:25:38",1000.0,,02380fa8-41a8-43fa-8e7b-2a579cfacfc2,Toxicity,Expense,Cash
f6452ca4-3ae3-4f6a-9f93-82dc591bd4ac,1768061194576,"2026-01-10 21:36:34",500.0,,6b86fb91-20d2-4296-8fc0-11af8f5db354,Brewery,Expense,Cash
24284666-9721-4fac-b91a-971190e94b36,1768061194576,"2026-01-10 21:36:34",1180.0,,02380fa8-41a8-43fa-8e7b-2a579cfacfc2,Toxicity,Expense,Cash
98bb323a-9f5e-4c48-ac70-e1a2af1c7688,1768036865122,"2026-01-10 14:51:05",990.0,,02380fa8-41a8-43fa-8e7b-2a579cfacfc2,Toxicity,Expense,Cash
14627a07-da7f-4d61-bd2f-7a7950511cb9,1767901404869,"2026-01-09 01:13:24",990.0,,02380fa8-41a8-43fa-8e7b-2a579cfacfc2,Toxicity,Expense,Cash
5ac3cf63-3b77-41e2-977c-50caa17043cc,1767876574789,"2026-01-08 18:19:34",1370.0,,02380fa8-41a8-43fa-8e7b-2a579cfacfc2,Toxicity,Expense,Cash
4f8c723d-dfe3-40e4-a6c2-865f6ece4ec3,1767810459564,"2026-01-07 23:57:39",1000.0,,02380fa8-41a8-43fa-8e7b-2a579cfacfc2,Toxicity,Expense,Cash
b437a3b8-ee8a-4e80-ace5-621fb343914c,1767775205225,"2026-01-07 14:10:05",1080.0,,02380fa8-41a8-43fa-8e7b-2a579cfacfc2,Toxicity,Expense,Cash
6129d2ee-1df8-445d-a35a-236d5ac8d487,1767775205225,"2026-01-07 14:10:05",600.0,,6b86fb91-20d2-4296-8fc0-11af8f5db354,Brewery,Expense,Cash
961d57bd-47bb-4455-b952-1f5c9420ad9f,1767775205225,"2026-01-07 14:10:05",1000.0,,02380fa8-41a8-43fa-8e7b-2a579cfacfc2,Toxicity,Expense,Cash
3bb05324-4913-4a2b-8f23-99e2a8a9382f,1767650378109,"2026-01-06 03:29:38",200.0,,6b86fb91-20d2-4296-8fc0-11af8f5db354,Brewery,Expense,Cash
281e29e3-a97a-4fde-a789-e7df4acaca46,1767650378109,"2026-01-06 03:29:38",500.0,,10000000-0000-0000-0000-000000000004,"Eating out",Expense,Cash
1bcf6576-da4f-4320-bca3-973557e50e4c,1767650378109,"2026-01-06 03:29:38",5000.0,,968edc2b-7a45-41ec-8be9-e213be5528f8,Fuel,Expense,Cash
53054190-90ce-4679-bcf8-61487cd34bbc,1767619333115,"2026-01-05 18:52:13",2700.0,,10000000-0000-0000-0000-000000000004,"Eating out",Expense,Cash
5c669f2e-9dc9-4464-9be5-4a8bdeecd589,1767589040846,"2026-01-05 10:27:20",2160.0,,10000000-0000-0000-0000-000000000004,"Eating out",Expense,Cash
109d9943-7027-44c1-9c91-51cb205d5015,1767589040846,"2026-01-05 10:27:20",200.0,,02380fa8-41a8-43fa-8e7b-2a579cfacfc2,Toxicity,Expense,Cash
aff4c10e-d453-406f-88dd-efa0454004e3,1767589040846,"2026-01-05 10:27:20",100.0,,6b86fb91-20d2-4296-8fc0-11af8f5db354,Brewery,Expense,Cash
b5c5ba5c-f29e-4c4a-a79b-5d6a09b7d282,1767589040846,"2026-01-05 10:27:20",180.0,,02380fa8-41a8-43fa-8e7b-2a579cfacfc2,Toxicity,Expense,Cash
eaa37c82-def6-4ced-9f7f-8cda89dab1a4,1767589040846,"2026-01-05 10:27:20",1720.0,,10000000-0000-0000-0000-000000000005,Transport,Expense,Cash
dc78c164-3954-4a46-9984-b0389dae6ef5,1767589040846,"2026-01-05 10:27:20",400.0,,6b86fb91-20d2-4296-8fc0-11af8f5db354,Brewery,Expense,Cash
3c3e24ad-4f63-41cf-a29b-c5cca323cc14,1767589040846,"2026-01-05 10:27:20",180.0,,02380fa8-41a8-43fa-8e7b-2a579cfacfc2,Toxicity,Expense,Cash
d6e5a6b2-c0ca-450c-b38f-4c1ba71b912f,1767589040846,"2026-01-05 10:27:20",830.0,,02380fa8-41a8-43fa-8e7b-2a579cfacfc2,Toxicity,Expense,Cash
be7b1e89-278e-4c38-9b99-e01aa8b1a1c8,1767589040846,"2026-01-05 10:27:20",1000.0,,6b86fb91-20d2-4296-8fc0-11af8f5db354,Brewery,Expense,Cash
64653d0a-2350-44e1-afa6-e1f2c40de8a3,1767563978109,"2026-01-05 03:29:38",930.0,,02380fa8-41a8-43fa-8e7b-2a579cfacfc2,Toxicity,Expense,Cash
6d5c949a-c90b-48fa-b4bb-a6cd4efc2b78,1767550754930,"2026-01-04 23:49:14",400.0,,02380fa8-41a8-43fa-8e7b-2a579cfacfc2,Toxicity,Expense,Cash
185c62eb-8fa5-47ea-8e2c-7adcb77f927f,1767550754930,"2026-01-04 23:49:14",600.0,,10000000-0000-0000-0000-000000000004,"Eating out",Expense,Cash
5cf46864-c90f-473f-89fc-1703c41f26f1,1767544248485,"2026-01-04 22:00:48",3100.0,,10000000-0000-0000-0000-000000000004,"Eating out",Expense,Cash
842d61c3-9b06-4341-8250-b4ed19a92a84,1767544248485,"2026-01-04 22:00:48",1580.0,,02380fa8-41a8-43fa-8e7b-2a579cfacfc2,Toxicity,Expense,Cash
2e942106-4c05-43c9-9843-3ce15369ff42,1767544248485,"2026-01-04 22:00:48",2280.0,,02380fa8-41a8-43fa-8e7b-2a579cfacfc2,Toxicity,Expense,Cash
053840be-1ad9-46fd-8662-cb1645c01dd7,1767489571182,"2026-01-04 06:49:31",360.0,,02380fa8-41a8-43fa-8e7b-2a579cfacfc2,Toxicity,Expense,Cash
b27a517b-a14e-48df-9f7f-74b5f739bf0a,1767489571182,"2026-01-04 06:49:31",150.0,,02380fa8-41a8-43fa-8e7b-2a579cfacfc2,Toxicity,Expense,Cash
1a7f8cf8-5463-448f-9940-bd78973316d3,1767489571182,"2026-01-04 06:49:31",100.0,,6b86fb91-20d2-4296-8fc0-11af8f5db354,Brewery,Expense,Cash
666954e9-8bd3-4cc7-a576-b012c8b13351,1767489571182,"2026-01-04 06:49:31",400.0,,6b86fb91-20d2-4296-8fc0-11af8f5db354,Brewery,Expense,Cash
c60a6639-e50a-496f-a056-aeca31e1c839,1767489571182,"2026-01-04 06:49:31",1140.0,,02380fa8-41a8-43fa-8e7b-2a579cfacfc2,Toxicity,Expense,Cash
3fd40e0a-4bdf-45c8-bea0-66e11beea5de,1767489571182,"2026-01-04 06:49:31",1720.0,,10000000-0000-0000-0000-000000000005,Transport,Expense,Cash
da3a7cfa-9699-415e-8073-ca9d20f559a6,1767489571182,"2026-01-04 06:49:31",4290.0,,10000000-0000-0000-0000-000000000004,"Eating out",Expense,Cash
fe9efdb8-e5ca-492d-964f-19bf2da77c5a,1767489571182,"2026-01-04 06:49:31",30000.0,,02380fa8-41a8-43fa-8e7b-2a579cfacfc2,Toxicity,Expense,Cash
38b82cd2-5596-4b89-bdb5-60a7eb270f84,1767489571182,"2026-01-04 06:49:31",2420.0,,10000000-0000-0000-0000-000000000004,"Eating out",Expense,Cash
cde46366-9660-4637-b49d-bbbb16a6816b,1767464354930,"2026-01-03 23:49:14",3380.0,,10000000-0000-0000-0000-000000000004,"Eating out",Expense,Cash
02f7ea49-6281-48ab-aa16-4de778ef498f,1767464354930,"2026-01-03 23:49:14",1800.0,,10000000-0000-0000-0000-000000000004,"Eating out",Expense,Cash
da73c672-532e-4091-b6bf-9088228351f3,1767439171350,"2026-01-03 16:49:31",2000.0,,968edc2b-7a45-41ec-8be9-e213be5528f8,Fuel,Expense,Cash
cb27a2c6-db01-466b-b029-290c00122f3b,1767439171350,"2026-01-03 16:49:31",1200.0,,10000000-0000-0000-0000-000000000004,"Eating out",Expense,Cash
24d392fa-54ca-4eaa-8943-246b26efcff4,1767439171350,"2026-01-03 16:49:31",2100.0,,10000000-0000-0000-0000-000000000004,"Eating out",Expense,Cash
b94bc8d4-879d-43cc-9258-66ba691e0f39,1767439171350,"2026-01-03 16:49:31",700.0,,10000000-0000-0000-0000-000000000004,"Eating out",Expense,Cash
9b625511-dfc1-4164-b585-f040b06e1c78,1767439171350,"2026-01-03 16:49:31",340.0,,02380fa8-41a8-43fa-8e7b-2a579cfacfc2,Toxicity,Expense,Cash
6eb283c4-9d7e-4023-967b-7e63c007bab3,1767439171350,"2026-01-03 16:49:31",740.0,,02380fa8-41a8-43fa-8e7b-2a579cfacfc2,Toxicity,Expense,Cash
7f081695-6178-4562-aad8-9d903636760e,1767367806579,"2026-01-02 21:00:06",4000.0,"Haircut ",10000000-0000-0000-0000-000000000002,House,Expense,Cash
aee13b99-12d5-4c42-9195-9bbf1c655e4c,1767367806579,"2026-01-02 21:00:06",910.0,,02380fa8-41a8-43fa-8e7b-2a579cfacfc2,Toxicity,Expense,Cash
27ceb5fb-d580-4282-8e46-a6aa7ab5cd2a,1767367806579,"2026-01-02 21:00:06",400.0,,6b86fb91-20d2-4296-8fc0-11af8f5db354,Brewery,Expense,Cash
0669a4e9-f25c-4daf-8ff8-5d9059b19867,1767367806579,"2026-01-02 21:00:06",400.0,,6b86fb91-20d2-4296-8fc0-11af8f5db354,Brewery,Expense,Cash
442eed60-de76-490a-ba37-d3feabff058f,1767367806579,"2026-01-02 21:00:06",300.0,,02380fa8-41a8-43fa-8e7b-2a579cfacfc2,Toxicity,Expense,Cash
40afe00e-4e92-40d9-9023-f0ec10374f10,1767367806579,"2026-01-02 21:00:06",1200.0,,10000000-0000-0000-0000-000000000004,"Eating out",Expense,Cash
e73b1f76-ced0-4c15-a575-df49b43b1e05,1767367806579,"2026-01-02 21:00:06",4760.0,,10000000-0000-0000-0000-000000000004,"Eating out",Expense,Cash
78e26c2f-a61f-47c8-95cb-4392cb15c855,1767367803215,"2026-01-02 21:00:03",190.0,,02380fa8-41a8-43fa-8e7b-2a579cfacfc2,Toxicity,Expense,Cash
ea08553c-e990-49e2-b7b8-a9db839ed525,1767359555939,"2026-01-02 18:42:35",900.0,,10000000-0000-0000-0000-000000000004,"Eating out",Expense,Cash
fc925dc2-1d45-4a00-a9c3-53c34b40b596,1767345105851,"2026-01-02 14:41:45",650.0,,10000000-0000-0000-0000-000000000004,"Eating out",Expense,Cash
f7757e69-4070-4650-9538-535a314f71b4,1767343805056,"2026-01-02 14:20:05",400.0,,6b86fb91-20d2-4296-8fc0-11af8f5db354,Brewery,Expense,Cash
a041fa83-02e7-4aad-be8b-97dea18e0044,1767343794530,"2026-01-02 14:19:54",750.0,,02380fa8-41a8-43fa-8e7b-2a579cfacfc2,Toxicity,Expense,Cash
a41026cc-9991-482b-ac08-5ed3f7a278a0,1767338225608,"2026-01-02 12:47:05",560.0,,10000000-0000-0000-0000-000000000005,Transport,Expense,Cash
eaf37075-b20d-463e-84f5-f6d3d9103900,1767273970710,"2026-01-01 18:56:10",900.0,,02380fa8-41a8-43fa-8e7b-2a579cfacfc2,Toxicity,Expense,Cash
42afd49a-a1a5-47bc-8d50-0518925cbd5f,1767243316782,"2026-01-01 10:25:16",360.0,,02380fa8-41a8-43fa-8e7b-2a579cfacfc2,Toxicity,Expense,Cash
711510a3-d600-46ed-a505-2b90e6787cd3,1767205407209,"2025-12-31 23:53:27",600.0,,6b86fb91-20d2-4296-8fc0-11af8f5db354,Brewery,Expense,Cash
e7512db3-8205-439f-a374-647fd520c591,1767205403125,"2025-12-31 23:53:23",360.0,,02380fa8-41a8-43fa-8e7b-2a579cfacfc2,Toxicity,Expense,Cash
37b5fa71-86a6-42a9-ad87-74d286a9bc2a,1767189212705,"2025-12-31 19:23:32",900.0,,02380fa8-41a8-43fa-8e7b-2a579cfacfc2,Toxicity,Expense,Cash
b8006b8b-2ec3-4e20-be62-bee1c9efc26d,1767189212705,"2025-12-31 19:23:32",345000.0,Salary,10000000-0000-0000-0000-00000000000f,Salary,Income,Cash
e8646e5a-14da-41ca-9361-83d357d9b24f,1767154076446,"2025-12-31 09:37:56",5790.0,,10000000-0000-0000-0000-000000000005,Transport,Expense,Cash
494686d4-0b42-4d20-bea1-0fb8c14b5f58,1767102812705,"2025-12-30 19:23:32",1080.0,,02380fa8-41a8-43fa-8e7b-2a579cfacfc2,Toxicity,Expense,Cash
83d89b00-75ef-49fb-b54c-1f6942d733f8,1767018470602,"2025-12-29 19:57:50",900.0,,02380fa8-41a8-43fa-8e7b-2a579cfacfc2,Toxicity,Expense,Cash
b1a51fb8-0508-4f76-944b-5ae7f72ea79b,1766916228890,"2025-12-28 15:33:48",930.0,,02380fa8-41a8-43fa-8e7b-2a579cfacfc2,Toxicity,Expense,Cash
5fb3b1e4-9f09-488a-90f4-646c29abb1df,1766916228890,"2025-12-28 15:33:48",600.0,,6b86fb91-20d2-4296-8fc0-11af8f5db354,Brewery,Expense,Cash
c21ed50a-2dca-4fa4-a7ff-4ca9f598bf9d,1766836458618,"2025-12-27 17:24:18",1080.0,,02380fa8-41a8-43fa-8e7b-2a579cfacfc2,Toxicity,Expense,Cash
00f3a609-238e-49e7-85e4-0a05081033b4,1766822391116,"2025-12-27 13:29:51",180.0,,02380fa8-41a8-43fa-8e7b-2a579cfacfc2,Toxicity,Expense,Cash
5dc913c2-4ee7-4b1e-a564-380fcacf5f67,1766773643633,"2025-12-26 23:57:23",750.0,,02380fa8-41a8-43fa-8e7b-2a579cfacfc2,Toxicity,Expense,Cash
824ddfcb-1c33-4a6d-ad46-1fd9ac2e4212,1766760944401,"2025-12-26 20:25:44",6490.0,"Recharge ",10000000-0000-0000-0000-000000000002,House,Expense,Cash
9af46fae-e55c-4606-bd7a-a2017dd4d0c5,1766684165228,"2025-12-25 23:06:05",540.0,,02380fa8-41a8-43fa-8e7b-2a579cfacfc2,Toxicity,Expense,Cash
88eefc68-eff6-4eae-9ab7-640ccd2d3d23,1766684165228,"2025-12-25 23:06:05",600.0,,6b86fb91-20d2-4296-8fc0-11af8f5db354,Brewery,Expense,Cash
03f774d0-4b76-4d14-8790-0cc4194f9a41,1766684165228,"2025-12-25 23:06:05",13540.0,Mouse,10000000-0000-0000-0000-000000000002,House,Expense,Cash
1de2b522-6416-4826-baae-dc0de4d2ffb0,1766670812705,"2025-12-25 19:23:32",27180.0,"Keyboard ",10000000-0000-0000-0000-000000000002,House,Expense,Cash
3c802d21-9225-4a58-be6b-b687cfb52499,1766495852034,"2025-12-23 18:47:32",930.0,,02380fa8-41a8-43fa-8e7b-2a579cfacfc2,Toxicity,Expense,Cash
6a1a7a24-f665-4960-a377-d81257592e60,1766495852034,"2025-12-23 18:47:32",1700.0,,10000000-0000-0000-0000-000000000004,"Eating out",Expense,Cash
c7b897dc-03b2-4716-859b-babb75eb3b41,1766495852034,"2025-12-23 18:47:32",930.0,,02380fa8-41a8-43fa-8e7b-2a579cfacfc2,Toxicity,Expense,Cash
89848bdf-3142-4cca-a65c-664722138009,1766410299330,"2025-12-22 19:01:39",900.0,,02380fa8-41a8-43fa-8e7b-2a579cfacfc2,Toxicity,Expense,Cash
dc8ae32f-3278-45c9-b91a-1123f8d3a8be,1766410299330,"2025-12-22 19:01:39",900.0,,02380fa8-41a8-43fa-8e7b-2a579cfacfc2,Toxicity,Expense,Cash
e054f36a-1def-4304-b548-27d6dda558ea,1766338101136,"2025-12-21 22:58:21",1000.0,,02380fa8-41a8-43fa-8e7b-2a579cfacfc2,Toxicity,Expense,Cash
7a540f8d-8bba-4e92-9987-3fff075ce0e2,1766338101136,"2025-12-21 22:58:21",500.0,,10000000-0000-0000-0000-000000000004,"Eating out",Expense,Cash
67c8022b-56ef-4979-b56a-110af765a929,1766338101136,"2025-12-21 22:58:21",180.0,,02380fa8-41a8-43fa-8e7b-2a579cfacfc2,Toxicity,Expense,Cash
86af41c9-4105-428d-9a28-cac49e0b9db2,1766300253613,"2025-12-21 12:27:33",990.0,,02380fa8-41a8-43fa-8e7b-2a579cfacfc2,Toxicity,Expense,Cash
7a3303f3-693b-4e53-ac5a-d9cb9b66f59a,1766247964997,"2025-12-20 21:56:04",930.0,,02380fa8-41a8-43fa-8e7b-2a579cfacfc2,Toxicity,Expense,Cash
28864bf8-be90-4784-a4c7-480d82c5a8ad,1766247964997,"2025-12-20 21:56:04",9500.0,,02380fa8-41a8-43fa-8e7b-2a579cfacfc2,Toxicity,Expense,Cash
6de7318a-7e73-44b9-8e3f-012e9cd02b43,1766247964997,"2025-12-20 21:56:04",200.0,,6b86fb91-20d2-4296-8fc0-11af8f5db354,Brewery,Expense,Cash
071140ad-af06-45ff-8cce-cb09540d3f4d,1766247964997,"2025-12-20 21:56:04",580.0,,10000000-0000-0000-0000-000000000002,House,Expense,Cash
8c952231-ffdd-47a0-a127-be9ecc1fe03d,1766220329533,"2025-12-20 14:15:29",900.0,,02380fa8-41a8-43fa-8e7b-2a579cfacfc2,Toxicity,Expense,Cash
880a8918-f1dc-4a2b-9ffe-5514ccc6adfc,1766144228892,"2025-12-19 17:07:08",400.0,,6b86fb91-20d2-4296-8fc0-11af8f5db354,Brewery,Expense,Cash
b1e5c43f-665b-4944-961f-d5ed73035e59,1766144225072,"2025-12-19 17:07:05",1150.0,,10000000-0000-0000-0000-000000000004,"Eating out",Expense,Cash
c8ea128b-3070-493c-b647-b9badb14f621,1766144177896,"2025-12-19 17:06:17",200.0,,6b86fb91-20d2-4296-8fc0-11af8f5db354,Brewery,Expense,Cash
8ba6a156-9b0f-4e2f-84da-69e4040e120b,1766144173849,"2025-12-19 17:06:13",180.0,,02380fa8-41a8-43fa-8e7b-2a579cfacfc2,Toxicity,Expense,Cash
981b0164-854f-4d63-bfb5-583d9ae0d516,1766067187887,"2025-12-18 19:43:07",1080.0,,02380fa8-41a8-43fa-8e7b-2a579cfacfc2,Toxicity,Expense,Cash
b0641409-2676-43e9-bff4-337ceb3a2312,1766067187887,"2025-12-18 19:43:07",2300.0,,02380fa8-41a8-43fa-8e7b-2a579cfacfc2,Toxicity,Expense,Cash
21ee5cb2-50bc-4380-9a7f-00572de9c846,1766016260071,"2025-12-18 05:34:20",900.0,,02380fa8-41a8-43fa-8e7b-2a579cfacfc2,Toxicity,Expense,Cash
37a0af17-0515-465e-bdda-74f5dd8d7d9f,1765974015939,"2025-12-17 17:50:15",930.0,,02380fa8-41a8-43fa-8e7b-2a579cfacfc2,Toxicity,Expense,Cash
6e130847-53be-49ab-93e9-7d9da03f3659,1765886373456,"2025-12-16 17:29:33",930.0,,02380fa8-41a8-43fa-8e7b-2a579cfacfc2,Toxicity,Expense,Cash
c30d9ff1-bc6d-405f-a024-463300ae19a1,1765848072673,"2025-12-16 06:51:12",360.0,,02380fa8-41a8-43fa-8e7b-2a579cfacfc2,Toxicity,Expense,Cash
0f5585c4-0f3b-46ff-8638-8c40a5c13285,1765790277548,"2025-12-15 14:47:57",100.0,,6b86fb91-20d2-4296-8fc0-11af8f5db354,Brewery,Expense,Cash
f8a0dc9c-64af-4514-b64a-273eae15751c,1765790272577,"2025-12-15 14:47:52",180.0,,02380fa8-41a8-43fa-8e7b-2a579cfacfc2,Toxicity,Expense,Cash
e1535cfd-ee90-4459-beaf-fb77312070a8,1765724604729,"2025-12-14 20:33:24",100.0,,6b86fb91-20d2-4296-8fc0-11af8f5db354,Brewery,Expense,Cash
df775aee-847a-49bb-b719-7a353ba4218f,1765724600883,"2025-12-14 20:33:20",180.0,,02380fa8-41a8-43fa-8e7b-2a579cfacfc2,Toxicity,Expense,Cash
2f31a9cb-8eca-40f1-aa99-eb2226608e2d,1765721432774,"2025-12-14 19:40:32",180.0,,02380fa8-41a8-43fa-8e7b-2a579cfacfc2,Toxicity,Expense,Cash
a5429598-73f2-4bb5-b30f-6470e209c977,1765712966528,"2025-12-14 17:19:26",150.0,,02380fa8-41a8-43fa-8e7b-2a579cfacfc2,Toxicity,Expense,Cash
71cce8a6-eaad-4def-be4a-4af522f43f90,1765703419155,"2025-12-14 14:40:19",640.0,,6b86fb91-20d2-4296-8fc0-11af8f5db354,Brewery,Expense,Cash
c1857b1e-9cd7-47c2-ad60-642cbf04a14a,1765635005198,"2025-12-13 19:40:05",1460.0,,02380fa8-41a8-43fa-8e7b-2a579cfacfc2,Toxicity,Expense,Cash
8f84b224-891f-4e62-864d-8e1fc84b59c2,1765617671136,"2025-12-13 14:51:11",180.0,,02380fa8-41a8-43fa-8e7b-2a579cfacfc2,Toxicity,Expense,Cash
a85e7c24-d535-4a67-a0ba-a0874c418054,1765617671136,"2025-12-13 14:51:11",400.0,,6b86fb91-20d2-4296-8fc0-11af8f5db354,Brewery,Expense,Cash
615d0463-6330-40be-bb9b-9bee9fe5760d,1765529965603,"2025-12-12 14:29:25",930.0,,02380fa8-41a8-43fa-8e7b-2a579cfacfc2,Toxicity,Expense,Cash
16e921ad-e7a0-4b45-8653-8154ff55c157,1765458035273,"2025-12-11 18:30:35",1110.0,,02380fa8-41a8-43fa-8e7b-2a579cfacfc2,Toxicity,Expense,Cash
38cc7ccb-39b2-4649-8197-746bab035976,1765429445423,"2025-12-11 10:34:05",180.0,,02380fa8-41a8-43fa-8e7b-2a579cfacfc2,Toxicity,Expense,Cash
54d39b40-6112-4400-81b9-ecfe6777f10c,1765429445423,"2025-12-11 10:34:05",3000.0,"Haircut ",10000000-0000-0000-0000-000000000002,House,Expense,Cash
7ff09f08-88c9-45e9-90ae-ec3f4cb0dee6,1765374734036,"2025-12-10 19:22:14",1830.0,,02380fa8-41a8-43fa-8e7b-2a579cfacfc2,Toxicity,Expense,Cash
65ec626c-0539-4e89-bfe6-8a00f3bf3c2e,1765281980775,"2025-12-09 17:36:20",1290.0,,02380fa8-41a8-43fa-8e7b-2a579cfacfc2,Toxicity,Expense,Cash
172b3e0e-0d36-469a-8105-23e4cd2e09e6,1765281980775,"2025-12-09 17:36:20",51480.0,Rent,10000000-0000-0000-0000-000000000002,House,Expense,Cash
3fe6b460-9938-49c0-ae4d-53f4e57e6b10,1765201295741,"2025-12-08 19:11:35",930.0,,02380fa8-41a8-43fa-8e7b-2a579cfacfc2,Toxicity,Expense,Cash
3d82bee7-afb2-4a52-9881-211366e911ce,1765186191414,"2025-12-08 14:59:51",180.0,,02380fa8-41a8-43fa-8e7b-2a579cfacfc2,Toxicity,Expense,Cash
1972074a-2b04-4ac5-8659-89bdb04a46ab,1765123184065,"2025-12-07 21:29:44",180.0,,02380fa8-41a8-43fa-8e7b-2a579cfacfc2,Toxicity,Expense,Cash
f954d0d9-84de-4e4c-a1d3-76d1eeb5a433,1765123184065,"2025-12-07 21:29:44",2400.0,,02380fa8-41a8-43fa-8e7b-2a579cfacfc2,Toxicity,Expense,Cash
966cb744-21c6-452e-b138-343b2849a855,1765093310901,"2025-12-07 13:11:50",180.0,,02380fa8-41a8-43fa-8e7b-2a579cfacfc2,Toxicity,Expense,Cash
9482b14c-48c1-4271-9ca7-ba7ee2b41647,1765093310901,"2025-12-07 13:11:50",600.0,,6b86fb91-20d2-4296-8fc0-11af8f5db354,Brewery,Expense,Cash
0edbf08d-6f1b-4d76-a050-fd000e0f047b,1765093310901,"2025-12-07 13:11:50",930.0,,02380fa8-41a8-43fa-8e7b-2a579cfacfc2,Toxicity,Expense,Cash
e9b38f86-d93f-456f-a42e-c69f3c527aea,1765018362076,"2025-12-06 16:22:42",1890.0,,420b8538-1df3-40d2-824b-94b5c2a176e5,OTT,Expense,Cash
1aa03845-a47d-47f6-8d76-0a74e8fdd3ae,1765018362076,"2025-12-06 16:22:42",1110.0,,02380fa8-41a8-43fa-8e7b-2a579cfacfc2,Toxicity,Expense,Cash
a1f9c3a4-c304-49f9-adf3-f0ec8867ddb1,1765018362076,"2025-12-06 16:22:42",3750.0,,6b86fb91-20d2-4296-8fc0-11af8f5db354,Brewery,Expense,Cash
0fb3ac1f-57f9-4a0f-86b8-80780334232c,1764959824606,"2025-12-06 00:07:04",930.0,,02380fa8-41a8-43fa-8e7b-2a579cfacfc2,Toxicity,Expense,Cash
72cf891e-be80-421e-a783-90919b29eb3f,1764883462152,"2025-12-05 02:54:22",1080.0,,02380fa8-41a8-43fa-8e7b-2a579cfacfc2,Toxicity,Expense,Cash
15595bbb-bca3-429d-9311-f181927b8bbe,1764757380081,"2025-12-03 15:53:00",360.0,,02380fa8-41a8-43fa-8e7b-2a579cfacfc2,Toxicity,Expense,Cash
81c34556-0c28-43a0-9a09-cc5348fd52fe,1764679301460,"2025-12-02 18:11:41",1260.0,,02380fa8-41a8-43fa-8e7b-2a579cfacfc2,Toxicity,Expense,Cash
0566dcf4-f0db-4f2a-b257-f2ec5176c7cb,1764630469389,"2025-12-02 04:37:49",930.0,,02380fa8-41a8-43fa-8e7b-2a579cfacfc2,Toxicity,Expense,Cash
5e9376f3-1d2b-4246-995c-df85899b9e79,1764572788869,"2025-12-01 12:36:28",180.0,,02380fa8-41a8-43fa-8e7b-2a579cfacfc2,Toxicity,Expense,Cash
3103610b-6cb9-4651-8d06-46b6e484766c,1764572788869,"2025-12-01 12:36:28",1550.0,,10000000-0000-0000-0000-000000000002,House,Expense,Cash
235757d0-1358-4e19-8d4d-f566b5e0ced5,1764572783174,"2025-12-01 12:36:23",360.0,,02380fa8-41a8-43fa-8e7b-2a579cfacfc2,Toxicity,Expense,Cash
f1a64b65-2739-475c-8e85-e123f93caab0,1764499390850,"2025-11-30 16:13:10",1110.0,,02380fa8-41a8-43fa-8e7b-2a579cfacfc2,Toxicity,Expense,Cash
fa253886-1aad-4e16-97e3-e6dc79c6561b,1764430118021,"2025-11-29 20:58:38",1260.0,,02380fa8-41a8-43fa-8e7b-2a579cfacfc2,Toxicity,Expense,Cash
d2037db4-291d-4ac6-b686-6287eb04f329,1764430118021,"2025-11-29 20:58:38",900.0,,6b86fb91-20d2-4296-8fc0-11af8f5db354,Brewery,Expense,Cash
4bacbe74-aae5-4e8e-be98-aabdae126723,1764430118021,"2025-11-29 20:58:38",2400.0,,02380fa8-41a8-43fa-8e7b-2a579cfacfc2,Toxicity,Expense,Cash
b9595613-47ff-4993-be10-c5e413007c08,1764341334765,"2025-11-28 20:18:54",345000.0,,10000000-0000-0000-0000-00000000000f,Salary,Income,Cash
0d38e862-eaff-4761-80ca-ac0b68b7aa9c,1764247240606,"2025-11-27 18:10:40",1110.0,,02380fa8-41a8-43fa-8e7b-2a579cfacfc2,Toxicity,Expense,Cash
39c4fa5f-3acd-48c8-bb99-6b6cc0d576f9,1764231025369,"2025-11-27 13:40:25",1890.0,,420b8538-1df3-40d2-824b-94b5c2a176e5,OTT,Expense,Cash
31cb1a43-2338-4247-a11a-7eb6d7bb3394,1764187140517,"2025-11-27 01:29:00",900.0,,02380fa8-41a8-43fa-8e7b-2a579cfacfc2,Toxicity,Expense,Cash
a0a422ff-dadd-4a8d-b9b1-080d85805afd,1764165897275,"2025-11-26 19:34:57",600.0,,6b86fb91-20d2-4296-8fc0-11af8f5db354,Brewery,Expense,Cash
16488e7c-3ac8-4076-a3e6-cf92ab5d3bbf,1764165897275,"2025-11-26 19:34:57",360.0,,02380fa8-41a8-43fa-8e7b-2a579cfacfc2,Toxicity,Expense,Cash
bb14d8e6-88af-45c1-9780-914cd426f06b,1764095165675,"2025-11-25 23:56:05",1110.0,,02380fa8-41a8-43fa-8e7b-2a579cfacfc2,Toxicity,Expense,Cash
2b33b6a1-dfb7-4777-89b0-26d1746ece89,1764029570103,"2025-11-25 05:42:50",150.0,,02380fa8-41a8-43fa-8e7b-2a579cfacfc2,Toxicity,Expense,Cash
3b18e54e-f565-423e-9b23-968a56b54959,1763988204131,"2025-11-24 18:13:24",750.0,,02380fa8-41a8-43fa-8e7b-2a579cfacfc2,Toxicity,Expense,Cash
ead03b45-04ae-426e-923e-3add1996011b,1763911131030,"2025-11-23 20:48:51",930.0,,02380fa8-41a8-43fa-8e7b-2a579cfacfc2,Toxicity,Expense,Cash
bb48e9d8-cd16-4ba6-a048-3973e8c2ed2f,1763885425369,"2025-11-23 13:40:25",6490.0,,420b8538-1df3-40d2-824b-94b5c2a176e5,OTT,Expense,Cash
3f749c00-07ee-4952-bda2-83ff863657d1,1763824347168,"2025-11-22 20:42:27",1080.0,,02380fa8-41a8-43fa-8e7b-2a579cfacfc2,Toxicity,Expense,Cash
c378a340-8982-4a20-bbf1-a94864157d37,1763769739509,"2025-11-22 05:32:19",360.0,,02380fa8-41a8-43fa-8e7b-2a579cfacfc2,Toxicity,Expense,Cash
242ef345-922d-4fc1-b6cf-fd1be4ca2b82,1763729202018,"2025-11-21 18:16:42",540.0,,02380fa8-41a8-43fa-8e7b-2a579cfacfc2,Toxicity,Expense,Cash
5b5464a1-fefc-4a32-87e5-f26ba51429af,1763729202018,"2025-11-21 18:16:42",1080.0,,02380fa8-41a8-43fa-8e7b-2a579cfacfc2,Toxicity,Expense,Cash
9eeaad0c-cf40-4fb6-9ed8-7c1be8d22272,1763643125152,"2025-11-20 18:22:05",360.0,,02380fa8-41a8-43fa-8e7b-2a579cfacfc2,Toxicity,Expense,Cash
079afdcc-0024-48be-93d3-0abc5e1ce12e,1763643125152,"2025-11-20 18:22:05",930.0,,02380fa8-41a8-43fa-8e7b-2a579cfacfc2,Toxicity,Expense,Cash
53ddd52c-deca-4841-9c9e-6049e6501234,1763547329851,"2025-11-19 15:45:29",360.0,,02380fa8-41a8-43fa-8e7b-2a579cfacfc2,Toxicity,Expense,Cash
49d711f4-1b33-4cc9-bc02-814dc552399f,1763547329851,"2025-11-19 15:45:29",1110.0,,02380fa8-41a8-43fa-8e7b-2a579cfacfc2,Toxicity,Expense,Cash
9b084636-b462-45fc-95e6-8ce29323dcae,1763472147589,"2025-11-18 18:52:27",360.0,,02380fa8-41a8-43fa-8e7b-2a579cfacfc2,Toxicity,Expense,Cash
5bd189fc-9edd-40fb-88fa-14a3393921d1,1763472147589,"2025-11-18 18:52:27",1110.0,,02380fa8-41a8-43fa-8e7b-2a579cfacfc2,Toxicity,Expense,Cash
29fc566e-b130-40ae-b26b-b27bd6091cd0,1763392250979,"2025-11-17 20:40:50",200.0,,6b86fb91-20d2-4296-8fc0-11af8f5db354,Brewery,Expense,Cash
59956c09-d18e-4662-bb9f-8418a4e04b1a,1763387372571,"2025-11-17 19:19:32",45070.0,,10000000-0000-0000-0000-000000000002,House,Expense,Cash
5fae290d-bddc-464c-972f-5976072dada7,1763374841348,"2025-11-17 15:50:41",1080.0,,02380fa8-41a8-43fa-8e7b-2a579cfacfc2,Toxicity,Expense,Cash
001cacc3-9c7b-4f36-9b53-d47ee745c721,1763305850979,"2025-11-16 20:40:50",1110.0,,02380fa8-41a8-43fa-8e7b-2a579cfacfc2,Toxicity,Expense,Cash
b19002ee-8e8d-4c83-85c3-19e9516ab322,1763305850979,"2025-11-16 20:40:50",1070.0,,10000000-0000-0000-0000-000000000002,House,Expense,Cash
1e351627-5028-480a-8b73-904142e03421,1763202351587,"2025-11-15 15:55:51",800.0,,6b86fb91-20d2-4296-8fc0-11af8f5db354,Brewery,Expense,Cash
12dddcf1-ffe1-4ba2-8652-5f24f999852d,1763084764756,"2025-11-14 07:16:04",180.0,,02380fa8-41a8-43fa-8e7b-2a579cfacfc2,Toxicity,Expense,Cash
e8b4a9d3-ba1b-456c-ae94-96c3245a919d,1763006673452,"2025-11-13 09:34:33",180.0,,02380fa8-41a8-43fa-8e7b-2a579cfacfc2,Toxicity,Expense,Cash
cc15a646-52fb-4a14-a81b-4f4013972a90,1762841523748,"2025-11-11 11:42:03",180.0,,02380fa8-41a8-43fa-8e7b-2a579cfacfc2,Toxicity,Expense,Cash
171c67ec-8f08-4b87-a4e3-05a50e081ab6,1762841523748,"2025-11-11 11:42:03",360.0,,02380fa8-41a8-43fa-8e7b-2a579cfacfc2,Toxicity,Expense,Cash
39d0987e-d0e3-42fd-863e-b8b7ef840544,1762841523748,"2025-11-11 11:42:03",100.0,,6b86fb91-20d2-4296-8fc0-11af8f5db354,Brewery,Expense,Cash
6ad51632-a2a0-4827-ade0-67a80faea90a,1762841523748,"2025-11-11 11:42:03",540.0,,02380fa8-41a8-43fa-8e7b-2a579cfacfc2,Toxicity,Expense,Cash
152deb85-bcf1-4ec7-8185-af4751b8a017,1762777450255,"2025-11-10 17:54:10",360.0,,02380fa8-41a8-43fa-8e7b-2a579cfacfc2,Toxicity,Expense,Cash
4023180f-2967-42a0-8901-b23c903eebe3,1762758755001,"2025-11-10 12:42:35",360.0,,02380fa8-41a8-43fa-8e7b-2a579cfacfc2,Toxicity,Expense,Cash
f169e172-d27a-44da-88f6-8b546f2691c0,1762703100974,"2025-11-09 21:15:00",53040.0,Rent,10000000-0000-0000-0000-000000000002,House,Expense,Cash
306e29bb-efe5-4c43-9b92-db1ca04182e2,1762703100974,"2025-11-09 21:15:00",780.0,,02380fa8-41a8-43fa-8e7b-2a579cfacfc2,Toxicity,Expense,Cash
da56b157-994c-4037-a0ed-311ea8d48276,1762689899626,"2025-11-09 17:34:59",360.0,,02380fa8-41a8-43fa-8e7b-2a579cfacfc2,Toxicity,Expense,Cash
5d0205b3-fe2c-41af-be9c-ada2846907c4,1762689899626,"2025-11-09 17:34:59",2000.0,,10000000-0000-0000-0000-000000000002,House,Expense,Cash
e410f68e-9475-4c42-a2fa-5d803fdf9a7e,1762684819685,"2025-11-09 16:10:19",360.0,,02380fa8-41a8-43fa-8e7b-2a579cfacfc2,Toxicity,Expense,Cash
9c7af0b8-cec6-4f34-8079-0d6692f8f25e,1762669654618,"2025-11-09 11:57:34",360.0,,02380fa8-41a8-43fa-8e7b-2a579cfacfc2,Toxicity,Expense,Cash
8413b09b-f9d2-490c-a87d-0c212bb2d9af,1762608727132,"2025-11-08 19:02:07",360.0,,02380fa8-41a8-43fa-8e7b-2a579cfacfc2,Toxicity,Expense,Cash
78633b8e-64c7-4eda-b330-271cff7c97e9,1762608727132,"2025-11-08 19:02:07",360.0,,02380fa8-41a8-43fa-8e7b-2a579cfacfc2,Toxicity,Expense,Cash
d95e69da-81b4-4df5-9ef7-63864eefcd5b,1762520706537,"2025-11-07 18:35:06",930.0,,02380fa8-41a8-43fa-8e7b-2a579cfacfc2,Toxicity,Expense,Cash
fa53a7a7-9619-4440-bc03-f9b2fef081fb,1762520706537,"2025-11-07 18:35:06",1790.0,,420b8538-1df3-40d2-824b-94b5c2a176e5,OTT,Expense,Cash
56f9c80a-f171-49f2-8d02-e1edfc1f87f0,1762492117501,"2025-11-07 10:38:37",360.0,,02380fa8-41a8-43fa-8e7b-2a579cfacfc2,Toxicity,Expense,Cash
03a579ce-0829-441c-9324-d4e83d0913f9,1762492117501,"2025-11-07 10:38:37",750.0,,02380fa8-41a8-43fa-8e7b-2a579cfacfc2,Toxicity,Expense,Cash
3e9c85c1-b077-4c91-8fc9-4333ff7a0303,1762437192392,"2025-11-06 19:23:12",360.0,,02380fa8-41a8-43fa-8e7b-2a579cfacfc2,Toxicity,Expense,Cash
1f19c1f4-f551-40cd-93d2-730e4e2b76d5,1762437192392,"2025-11-06 19:23:12",780.0,,02380fa8-41a8-43fa-8e7b-2a579cfacfc2,Toxicity,Expense,Cash
4e1311fb-7528-4063-8077-63cf10234b4b,1762419833243,"2025-11-06 14:33:53",180.0,,02380fa8-41a8-43fa-8e7b-2a579cfacfc2,Toxicity,Expense,Cash
8eaf0a1f-fb24-4c8c-8698-a7975247989b,1762317869301,"2025-11-05 10:14:29",180.0,,02380fa8-41a8-43fa-8e7b-2a579cfacfc2,Toxicity,Expense,Cash
cd540eca-b4fb-4092-b981-09389c46b91a,1762235476281,"2025-11-04 11:21:16",180.0,,02380fa8-41a8-43fa-8e7b-2a579cfacfc2,Toxicity,Expense,Cash
41370002-2eb6-43cb-ac35-94d8f2f74b4a,1762131909403,"2025-11-03 06:35:09",360.0,,02380fa8-41a8-43fa-8e7b-2a579cfacfc2,Toxicity,Expense,Cash
38eb6541-73b3-4920-b063-d9ca5e721e9b,1762131909403,"2025-11-03 06:35:09",50.0,,10000000-0000-0000-0000-000000000002,House,Expense,Cash
aaad8744-6b5d-4cb8-943e-0f4c3c19aa29,1762131909403,"2025-11-03 06:35:09",540.0,,02380fa8-41a8-43fa-8e7b-2a579cfacfc2,Toxicity,Expense,Cash
c9b55208-fcc6-4a68-9339-58579d16c675,1762076568015,"2025-11-02 15:12:48",930.0,,02380fa8-41a8-43fa-8e7b-2a579cfacfc2,Toxicity,Expense,Cash
a4be4509-764a-4384-972b-10959c8b86de,1762042027981,"2025-11-02 05:37:07",930.0,,02380fa8-41a8-43fa-8e7b-2a579cfacfc2,Toxicity,Expense,Cash
9822c086-234f-48cc-9266-7e0190b904b8,1762012816105,"2025-11-01 21:30:16",12950.0,,10000000-0000-0000-0000-000000000004,"Eating out",Expense,Cash
74044a1b-4c47-43c6-a509-2ad58498a662,1762012816105,"2025-11-01 21:30:16",1080.0,,02380fa8-41a8-43fa-8e7b-2a579cfacfc2,Toxicity,Expense,Cash
37e6ef7d-fd4a-4354-bf51-20aec85134c4,1762012816105,"2025-11-01 21:30:16",1350.0,,10000000-0000-0000-0000-000000000002,House,Expense,Cash
ad898bdb-8b5e-4339-abd5-b8a6f9c5178a,1761960035365,"2025-11-01 06:50:35",360.0,,02380fa8-41a8-43fa-8e7b-2a579cfacfc2,Toxicity,Expense,Cash
215a44b4-95c3-47b7-a014-c825f296612e,1761923391765,"2025-10-31 20:39:51",362910.0,,10000000-0000-0000-0000-00000000000f,Salary,Income,Cash
bf5cc4ac-2c69-442b-be61-387d298dc87b,1761906301665,"2025-10-31 15:55:01",1110.0,,02380fa8-41a8-43fa-8e7b-2a579cfacfc2,Toxicity,Expense,Cash
a86443fe-6c41-4d96-87a7-5ab8275d8dd2,1761843607228,"2025-10-30 22:30:07",900.0,,02380fa8-41a8-43fa-8e7b-2a579cfacfc2,Toxicity,Expense,Cash
40ea1e5f-ac52-4cc9-88fe-1901c196f8ae,1761813805159,"2025-10-30 14:13:25",14530.0,,1356556b-523d-42d8-a52c-a187da9c433c,health,Expense,Cash
e0014140-a712-4433-8641-5daff717c11d,1761794175052,"2025-10-30 08:46:15",1290.0,,02380fa8-41a8-43fa-8e7b-2a579cfacfc2,Toxicity,Expense,Cash
dc45851a-dbe3-47a7-a614-acdf0c37e6b1,1761747157878,"2025-10-29 19:42:37",750.0,,02380fa8-41a8-43fa-8e7b-2a579cfacfc2,Toxicity,Expense,Cash
9d76a736-b264-4dda-a8eb-5964c6f6e7cd,1761612553280,"2025-10-28 06:19:13",540.0,,02380fa8-41a8-43fa-8e7b-2a579cfacfc2,Toxicity,Expense,Cash
da5dade6-836d-4df1-b3f1-7d656f7ab063,1761533413172,"2025-10-27 08:20:13",1110.0,,02380fa8-41a8-43fa-8e7b-2a579cfacfc2,Toxicity,Expense,Cash
13a8890a-5bb0-4eba-bbfd-aa1a3e926101,1761481518799,"2025-10-26 17:55:18",1110.0,,02380fa8-41a8-43fa-8e7b-2a579cfacfc2,Toxicity,Expense,Cash
93f052d7-908f-45f1-92f5-964181ec2a30,1761481518799,"2025-10-26 17:55:18",500.0,,6b86fb91-20d2-4296-8fc0-11af8f5db354,Brewery,Expense,Cash
d7405b8c-dc63-4d49-97b0-9715c4efae58,1761481518799,"2025-10-26 17:55:18",660.0,,10000000-0000-0000-0000-000000000002,House,Expense,Cash
635c86f0-6429-499d-866e-3151bda5c751,1761399822357,"2025-10-25 19:13:42",1110.0,,02380fa8-41a8-43fa-8e7b-2a579cfacfc2,Toxicity,Expense,Cash
979a02cf-aee8-4d24-9d77-68f7a1a943d9,1761391096726,"2025-10-25 16:48:16",180.0,,02380fa8-41a8-43fa-8e7b-2a579cfacfc2,Toxicity,Expense,Cash
2c4ec5e6-6776-4432-a116-65f18f2898cc,1761303629679,"2025-10-24 16:30:29",930.0,,02380fa8-41a8-43fa-8e7b-2a579cfacfc2,Toxicity,Expense,Cash
3d67b753-ac82-4e09-abaa-7f6e1977f359,1761244629911,"2025-10-24 00:07:09",930.0,,02380fa8-41a8-43fa-8e7b-2a579cfacfc2,Toxicity,Expense,Cash
7fd0476b-c2d3-4a93-bc70-0b98f63106b4,1761227927199,"2025-10-23 19:28:47",1110.0,,02380fa8-41a8-43fa-8e7b-2a579cfacfc2,Toxicity,Expense,Cash
76bda970-f5f5-46a9-bb0f-5d23ae58549d,1761141527199,"2025-10-22 19:28:47",540.0,,02380fa8-41a8-43fa-8e7b-2a579cfacfc2,Toxicity,Expense,Cash
22dcf333-fe2a-4a4f-9a9b-6a7c6f6f0a47,1761141527199,"2025-10-22 19:28:47",540.0,,02380fa8-41a8-43fa-8e7b-2a579cfacfc2,Toxicity,Expense,Cash
f50dda69-79ec-4db0-a90a-2333cb1426a6,1761048296599,"2025-10-21 17:34:56",540.0,,02380fa8-41a8-43fa-8e7b-2a579cfacfc2,Toxicity,Expense,Cash
f4bd12d2-6876-45e7-b023-fd5eea1f6c08,1760965070327,"2025-10-20 18:27:50",900.0,,02380fa8-41a8-43fa-8e7b-2a579cfacfc2,Toxicity,Expense,Cash
b1191a7d-e002-47db-becf-865ae75b1de7,1760965070327,"2025-10-20 18:27:50",910.0,,10000000-0000-0000-0000-000000000005,Transport,Expense,Cash
2f9e20b8-ced6-4a3d-8a73-55cd590228cd,1760915920602,"2025-10-20 04:48:40",1650.0,,10000000-0000-0000-0000-000000000005,Transport,Expense,Cash
816c35f2-4158-4948-b689-6b853c773127,1760894682217,"2025-10-19 22:54:42",1380.0,,02380fa8-41a8-43fa-8e7b-2a579cfacfc2,Toxicity,Expense,Cash
7171eda2-211e-439c-83d3-90c75689f617,1760894333584,"2025-10-19 22:48:53",10000.0,,02380fa8-41a8-43fa-8e7b-2a579cfacfc2,Toxicity,Expense,Cash
933c15d3-878b-49c6-addc-d2e97b48b606,1760894333584,"2025-10-19 22:48:53",1380.0,,02380fa8-41a8-43fa-8e7b-2a579cfacfc2,Toxicity,Expense,Cash
61f1466e-a78d-4b3e-b9eb-6a8e62aa1bf8,1760857309481,"2025-10-19 12:31:49",180.0,,02380fa8-41a8-43fa-8e7b-2a579cfacfc2,Toxicity,Expense,Cash
82334dc9-1b78-46c7-a1c8-572eb608adc8,1760857309481,"2025-10-19 12:31:49",600.0,,6b86fb91-20d2-4296-8fc0-11af8f5db354,Brewery,Expense,Cash
125e1413-31e6-49dc-b77c-56cfa5e85b2f,1760857309481,"2025-10-19 12:31:49",1000.0,,10000000-0000-0000-0000-000000000002,House,Expense,Cash
fe780d0b-54ea-4d52-a2aa-8fc786dc372e,1760857309481,"2025-10-19 12:31:49",200.0,,6b86fb91-20d2-4296-8fc0-11af8f5db354,Brewery,Expense,Cash
f65541c5-aefa-4025-8f20-a61543bc7df1,1760857309481,"2025-10-19 12:31:49",1500.0,,d71face0-704a-49ff-8c96-9778abb5d2e3,Bike,Expense,Cash
c2b163e5-09c1-4c97-b559-7acc82c3728b,1760857309481,"2025-10-19 12:31:49",300.0,,d71face0-704a-49ff-8c96-9778abb5d2e3,Bike,Expense,Cash
c5ae25b4-a5a0-480f-a7c8-0553adaae841,1760857309481,"2025-10-19 12:31:49",180.0,,02380fa8-41a8-43fa-8e7b-2a579cfacfc2,Toxicity,Expense,Cash
4f889471-033f-424d-8190-36c550fa537a,1760857309481,"2025-10-19 12:31:49",200.0,,6b86fb91-20d2-4296-8fc0-11af8f5db354,Brewery,Expense,Cash
4eea3323-0462-4a8d-ac88-f81ac5a31fba,1760857309481,"2025-10-19 12:31:49",3990.0,,10000000-0000-0000-0000-000000000002,House,Expense,Cash
e13e4440-6d6e-44fc-9275-31e57d9effe2,1760857309481,"2025-10-19 12:31:49",630.0,,02380fa8-41a8-43fa-8e7b-2a579cfacfc2,Toxicity,Expense,Cash
64858c74-e0af-448a-bb43-0ae61f896e2b,1760812200000,"2025-10-19 00:00:00",3000.0,,968edc2b-7a45-41ec-8be9-e213be5528f8,Fuel,Expense,Cash
14832220-1591-4c33-a38b-2eb866e171c9,1760809262451,"2025-10-18 23:11:02",1380.0,,02380fa8-41a8-43fa-8e7b-2a579cfacfc2,Toxicity,Expense,Cash
af5840c8-debf-405b-91c6-9e6def3d5bca,1760798325116,"2025-10-18 20:08:45",360.0,,02380fa8-41a8-43fa-8e7b-2a579cfacfc2,Toxicity,Expense,Cash
94c2c697-8a9b-48c0-bc40-bfd30cbafa48,1760798325116,"2025-10-18 20:08:45",600.0,,6b86fb91-20d2-4296-8fc0-11af8f5db354,Brewery,Expense,Cash
5316b5e7-bc42-4fb9-b39d-baf86e4d1240,1760777437487,"2025-10-18 14:20:37",950.0,,02380fa8-41a8-43fa-8e7b-2a579cfacfc2,Toxicity,Expense,Cash
c19e3156-1ff5-40b5-9993-45022f7b5f90,1760777437487,"2025-10-18 14:20:37",200.0,,6b86fb91-20d2-4296-8fc0-11af8f5db354,Brewery,Expense,Cash
2021863c-c8c4-466f-abaf-d1bd7e474c4f,1760777437487,"2025-10-18 14:20:37",200.0,,02380fa8-41a8-43fa-8e7b-2a579cfacfc2,Toxicity,Expense,Cash
0854811d-9655-42b6-b4be-c7a7675e9088,1760777437487,"2025-10-18 14:20:37",960.0,,02380fa8-41a8-43fa-8e7b-2a579cfacfc2,Toxicity,Expense,Cash
26fa9784-aca5-44e4-ba6e-6fd22afe37e2,1760777437487,"2025-10-18 14:20:37",100.0,,6b86fb91-20d2-4296-8fc0-11af8f5db354,Brewery,Expense,Cash
1b22b2f0-7bf3-431a-a403-ef376445308a,1760704029238,"2025-10-17 17:57:09",1350.0,,10000000-0000-0000-0000-000000000004,"Eating out",Expense,Cash
7eb33f05-bd5e-4a97-a1ab-818d31aaf36b,1760704029238,"2025-10-17 17:57:09",180.0,,02380fa8-41a8-43fa-8e7b-2a579cfacfc2,Toxicity,Expense,Cash
183021ce-4eee-49e0-beb2-a18fb02ddcd7,1760704029238,"2025-10-17 17:57:09",200.0,,6b86fb91-20d2-4296-8fc0-11af8f5db354,Brewery,Expense,Cash
d80960ce-5dc5-4813-92c3-6ac509da5ec6,1760704029238,"2025-10-17 17:57:09",750.0,,02380fa8-41a8-43fa-8e7b-2a579cfacfc2,Toxicity,Expense,Cash
d724fa82-2717-440a-bf28-557b07eebbba,1760686622682,"2025-10-17 13:07:02",750.0,,02380fa8-41a8-43fa-8e7b-2a579cfacfc2,Toxicity,Expense,Cash
7c565fa3-1fad-40aa-9e10-371664178d8e,1760686622682,"2025-10-17 13:07:02",560.0,,10000000-0000-0000-0000-000000000005,Transport,Expense,Cash
d1cb6628-fb98-4989-9457-dd026bc74675,1760686622682,"2025-10-17 13:07:02",100.0,,6b86fb91-20d2-4296-8fc0-11af8f5db354,Brewery,Expense,Cash
8c0219b9-61d8-4440-8015-e99294480746,1760686622682,"2025-10-17 13:07:02",150.0,,6b86fb91-20d2-4296-8fc0-11af8f5db354,Brewery,Expense,Cash
9aba237a-f283-4d20-b296-ed014110aecb,1760686622682,"2025-10-17 13:07:02",5670.0,,968edc2b-7a45-41ec-8be9-e213be5528f8,Fuel,Expense,Cash
0d8d126d-58a4-47eb-b7e2-a4c12a12ff2c,1760686622682,"2025-10-17 13:07:02",100.0,,6b86fb91-20d2-4296-8fc0-11af8f5db354,Brewery,Expense,Cash
a4afb5a5-5876-4868-8e64-1392193291e7,1760686622682,"2025-10-17 13:07:02",180.0,,02380fa8-41a8-43fa-8e7b-2a579cfacfc2,Toxicity,Expense,Cash
2103c874-06a0-4e41-883f-ba30819e22e8,1760647990343,"2025-10-17 02:23:10",1470.0,,10000000-0000-0000-0000-000000000005,Transport,Expense,Cash
49f92ccf-4573-4ab9-8c46-79ea3cbfe1d1,1760647990343,"2025-10-17 02:23:10",6450.0,"Recharge ",10000000-0000-0000-0000-000000000002,House,Expense,Cash
cf0b57c9-d7a5-44be-a663-6643e6013fa9,1760613829321,"2025-10-16 16:53:49",1110.0,,02380fa8-41a8-43fa-8e7b-2a579cfacfc2,Toxicity,Expense,Cash
6219e8a4-c1a5-4e63-bf66-f032ee584dc0,1760598161986,"2025-10-16 12:32:41",540.0,,02380fa8-41a8-43fa-8e7b-2a579cfacfc2,Toxicity,Expense,Cash
5bb42cd7-dfb8-4d54-b34b-e72a1777e5e1,1760528001856,"2025-10-15 17:03:21",4420.0,,10000000-0000-0000-0000-000000000005,Transport,Expense,Cash
40416b68-e26c-40bc-91a8-a68b86edf9f1,1760528001856,"2025-10-15 17:03:21",930.0,,02380fa8-41a8-43fa-8e7b-2a579cfacfc2,Toxicity,Expense,Cash
2044f4cc-0efb-415c-bf24-d1ac5860a743,1760522671483,"2025-10-15 15:34:31",540.0,,02380fa8-41a8-43fa-8e7b-2a579cfacfc2,Toxicity,Expense,Cash
62c16071-ceac-4786-96da-28527988adab,1760421074825,"2025-10-14 11:21:14",900.0,,02380fa8-41a8-43fa-8e7b-2a579cfacfc2,Toxicity,Expense,Cash
a82fb153-c8f8-4fcc-8847-5705936a576d,1760334968864,"2025-10-13 11:26:08",900.0,,02380fa8-41a8-43fa-8e7b-2a579cfacfc2,Toxicity,Expense,Cash
43fbec96-715e-4d6a-9aa9-0152aeb546b2,1760334968864,"2025-10-13 11:26:08",930.0,,02380fa8-41a8-43fa-8e7b-2a579cfacfc2,Toxicity,Expense,Cash
395dcb67-4cd2-4b1f-8463-6454a50bf0d5,1760271036953,"2025-10-12 17:40:36",2000.0,"Haircut ",10000000-0000-0000-0000-000000000002,House,Expense,Cash
5daf8df3-1573-4d87-8fff-7cfa8bbfc8e3,1760271036953,"2025-10-12 17:40:36",900.0,,02380fa8-41a8-43fa-8e7b-2a579cfacfc2,Toxicity,Expense,Cash
ae328ae7-0284-42ab-840d-bf32a61c6a1f,1760271033849,"2025-10-12 17:40:33",100.0,,6b86fb91-20d2-4296-8fc0-11af8f5db354,Brewery,Expense,Cash
0a46bd73-761b-402a-b4ac-2149df83e9b7,1760271030734,"2025-10-12 17:40:30",360.0,,02380fa8-41a8-43fa-8e7b-2a579cfacfc2,Toxicity,Expense,Cash
458f1e02-ab87-48b6-a7e5-a28ec7617616,1760241927682,"2025-10-12 09:35:27",180.0,,02380fa8-41a8-43fa-8e7b-2a579cfacfc2,Toxicity,Expense,Cash
fd37832d-cdd4-4348-acdc-83c0c09169c5,1760241927682,"2025-10-12 09:35:27",700.0,,6b86fb91-20d2-4296-8fc0-11af8f5db354,Brewery,Expense,Cash
2af34036-89ff-4c2b-a981-ace107cac249,1760204321506,"2025-10-11 23:08:41",1080.0,,02380fa8-41a8-43fa-8e7b-2a579cfacfc2,Toxicity,Expense,Cash
bca2fc7a-dc77-4421-84c2-5e1691dfbed9,1760153223887,"2025-10-11 08:57:03",1110.0,,02380fa8-41a8-43fa-8e7b-2a579cfacfc2,Toxicity,Expense,Cash
30aea73f-809a-4131-9bbc-734c3177a851,1760035212895,"2025-10-10 00:10:12",1110.0,,02380fa8-41a8-43fa-8e7b-2a579cfacfc2,Toxicity,Expense,Cash
cbd99d0f-acf3-4d16-a402-c1ce556193d0,1760035212895,"2025-10-10 00:10:12",750.0,,02380fa8-41a8-43fa-8e7b-2a579cfacfc2,Toxicity,Expense,Cash
7799a53c-f76f-4e42-9bbb-ab08b8c25d6d,1759974727466,"2025-10-09 07:22:07",25000.0,Gym,1356556b-523d-42d8-a52c-a187da9c433c,health,Expense,Cash
40686d53-e9d9-4df9-a34a-eaa9dc00316a,1759974727466,"2025-10-09 07:22:07",540.0,,02380fa8-41a8-43fa-8e7b-2a579cfacfc2,Toxicity,Expense,Cash
535d524a-62e4-4dd9-b09b-a52553ad2d63,1759915534928,"2025-10-08 14:55:34",900.0,,02380fa8-41a8-43fa-8e7b-2a579cfacfc2,Toxicity,Expense,Cash
899cbf1d-792f-4b23-8400-db93374aadc8,1759821857014,"2025-10-07 12:54:17",53930.0,Rent,10000000-0000-0000-0000-000000000002,House,Expense,Cash
70138933-12d4-4a6e-b0ba-8ad6235c9bc5,1759821857014,"2025-10-07 12:54:17",1260.0,,02380fa8-41a8-43fa-8e7b-2a579cfacfc2,Toxicity,Expense,Cash
5502fe05-e6a7-47a3-89db-691234f8499b,1759821857014,"2025-10-07 12:54:17",900.0,,02380fa8-41a8-43fa-8e7b-2a579cfacfc2,Toxicity,Expense,Cash
a07678ea-b353-45f3-b499-0137f8cc068c,1759728884193,"2025-10-06 11:04:44",1380.0,,02380fa8-41a8-43fa-8e7b-2a579cfacfc2,Toxicity,Expense,Cash
5f8fd375-f128-40b0-bc8a-04bef447b37f,1759675452728,"2025-10-05 20:14:12",900.0,,02380fa8-41a8-43fa-8e7b-2a579cfacfc2,Toxicity,Expense,Cash
9a3562a5-e90e-42ce-88a4-c4a068972d42,1759633147074,"2025-10-05 08:29:07",1260.0,,02380fa8-41a8-43fa-8e7b-2a579cfacfc2,Toxicity,Expense,Cash
7899e3a5-6ffc-4fd8-bdf7-e9be552d5ce9,1759593346817,"2025-10-04 21:25:46",900.0,,02380fa8-41a8-43fa-8e7b-2a579cfacfc2,Toxicity,Expense,Cash
d59d65cc-b0df-4e12-a3ef-ca0717818b6f,1759544696618,"2025-10-04 07:54:56",900.0,,02380fa8-41a8-43fa-8e7b-2a579cfacfc2,Toxicity,Expense,Cash
74459379-bf03-4bb8-a8ad-9c34ac5c2ce3,1759506735194,"2025-10-03 21:22:15",900.0,,02380fa8-41a8-43fa-8e7b-2a579cfacfc2,Toxicity,Expense,Cash
88641262-3f9e-4430-ab29-f198fc006b29,1759489146138,"2025-10-03 16:29:06",2000.0,,420b8538-1df3-40d2-824b-94b5c2a176e5,OTT,Expense,Cash
8f28e8a2-8ceb-4a38-ad34-50f9ff1345ec,1759455634863,"2025-10-03 07:10:34",540.0,,02380fa8-41a8-43fa-8e7b-2a579cfacfc2,Toxicity,Expense,Cash
cfcfa6f6-677d-4253-a2ed-adfde64122ce,1759418639290,"2025-10-02 20:53:59",900.0,,02380fa8-41a8-43fa-8e7b-2a579cfacfc2,Toxicity,Expense,Cash
3b1bce8b-1f1d-48fd-8dec-3dc5e76fd3e6,1759370074896,"2025-10-02 07:24:34",360.0,,02380fa8-41a8-43fa-8e7b-2a579cfacfc2,Toxicity,Expense,Cash
93e1340d-10c4-42f2-8de1-6de4198560c1,1759318090819,"2025-10-01 16:58:10",1200.0,,02380fa8-41a8-43fa-8e7b-2a579cfacfc2,Toxicity,Expense,Cash
14270895-e935-4994-ad9e-49d63a6879eb,1759279024613,"2025-10-01 06:07:04",360.0,,02380fa8-41a8-43fa-8e7b-2a579cfacfc2,Toxicity,Expense,Cash
a3c57ebd-5f65-4e65-8fed-038d2a5b97e7,1759234743647,"2025-09-30 17:49:03",1080.0,,02380fa8-41a8-43fa-8e7b-2a579cfacfc2,Toxicity,Expense,Cash
07d4ff3a-16ee-4fcc-ba50-449ef95a474e,1759192892529,"2025-09-30 06:11:32",360.0,,02380fa8-41a8-43fa-8e7b-2a579cfacfc2,Toxicity,Expense,Cash
576a5707-da81-4fa4-8363-3518dd605f1a,1759172502532,"2025-09-30 00:31:42",331000.0,,10000000-0000-0000-0000-00000000000f,Salary,Income,Cash
27008e2b-e805-4b85-8850-e647eb2034b1,1758999412540,"2025-09-28 00:26:52",1680.0,,02380fa8-41a8-43fa-8e7b-2a579cfacfc2,Toxicity,Expense,Cash
6bfd3b01-c242-4fb7-88b0-9997330b5530,1758999412540,"2025-09-28 00:26:52",1100.0,,6b86fb91-20d2-4296-8fc0-11af8f5db354,Brewery,Expense,Cash
ab19c7ca-e52e-4e68-83ab-875e88b84cba,1758999412540,"2025-09-28 00:26:52",180.0,,02380fa8-41a8-43fa-8e7b-2a579cfacfc2,Toxicity,Expense,Cash
425f0ae0-0166-4316-ab15-2ac183c2aab4,1758970415843,"2025-09-27 16:23:35",1260.0,,02380fa8-41a8-43fa-8e7b-2a579cfacfc2,Toxicity,Expense,Cash
e1b5be64-befd-4dac-a247-ef61150e8d78,1758970415843,"2025-09-27 16:23:35",2040.0,,02380fa8-41a8-43fa-8e7b-2a579cfacfc2,Toxicity,Expense,Cash
5de27373-6245-480a-9b31-645802a44070,1758882202881,"2025-09-26 15:53:22",960.0,,02380fa8-41a8-43fa-8e7b-2a579cfacfc2,Toxicity,Expense,Cash
6e840f17-e333-40ec-953f-010b73eb37ab,1758795802881,"2025-09-25 15:53:22",720.0,,02380fa8-41a8-43fa-8e7b-2a579cfacfc2,Toxicity,Expense,Cash
66219ed4-c392-4317-bc76-8ccee51bab13,1758795802881,"2025-09-25 15:53:22",180.0,,02380fa8-41a8-43fa-8e7b-2a579cfacfc2,Toxicity,Expense,Cash
3947cd03-1aba-4f96-a127-8e5d31d6d61a,1758718179136,"2025-09-24 18:19:39",3040.0,,10000000-0000-0000-0000-000000000002,House,Expense,Cash
9370e0b9-1ee3-40b5-af9f-fca006b1a566,1758718179136,"2025-09-24 18:19:39",900.0,,02380fa8-41a8-43fa-8e7b-2a579cfacfc2,Toxicity,Expense,Cash
3438a125-3099-4d5e-8101-3a8290a153ac,1758613780413,"2025-09-23 13:19:40",400.0,,6b86fb91-20d2-4296-8fc0-11af8f5db354,Brewery,Expense,Cash
4a88c6cf-4c8a-4f41-9425-5c83c89a6bc5,1758613780413,"2025-09-23 13:19:40",900.0,,02380fa8-41a8-43fa-8e7b-2a579cfacfc2,Toxicity,Expense,Cash
9d8fd722-b5ac-4a1e-9e41-e60eb80551c9,1758602533384,"2025-09-23 10:12:13",6490.0,,420b8538-1df3-40d2-824b-94b5c2a176e5,OTT,Expense,Cash
03928ae5-3587-40e7-9492-180536bfd9e0,1758567353945,"2025-09-23 00:25:53",720.0,,02380fa8-41a8-43fa-8e7b-2a579cfacfc2,Toxicity,Expense,Cash
e75f0568-2794-4004-9f91-64a6e6322828,1758537142347,"2025-09-22 16:02:22",900.0,,02380fa8-41a8-43fa-8e7b-2a579cfacfc2,Toxicity,Expense,Cash
8f018d6a-83d3-4917-ad86-56d745d328ef,1758537142347,"2025-09-22 16:02:22",220.0,,6b86fb91-20d2-4296-8fc0-11af8f5db354,Brewery,Expense,Cash
33a84f70-d6b9-45a1-9ef0-4b40e51915be,1758537142347,"2025-09-22 16:02:22",900.0,,02380fa8-41a8-43fa-8e7b-2a579cfacfc2,Toxicity,Expense,Cash
9680254c-9304-4ea2-bd83-858f358fb1fd,1758477077811,"2025-09-21 23:21:17",1050.0,,02380fa8-41a8-43fa-8e7b-2a579cfacfc2,Toxicity,Expense,Cash
4be24355-84ae-424e-8bf6-9089ff598879,1758477077811,"2025-09-21 23:21:17",1500.0,,10000000-0000-0000-0000-000000000005,Transport,Expense,Cash
1f05fef7-b587-454e-9a75-53ec5b366afc,1758436633994,"2025-09-21 12:07:13",2460.0,,10000000-0000-0000-0000-000000000005,Transport,Expense,Cash
1c1db222-fae5-4be4-b2f5-7583fde397ab,1758436633994,"2025-09-21 12:07:13",900.0,,02380fa8-41a8-43fa-8e7b-2a579cfacfc2,Toxicity,Expense,Cash
9b7e7d01-5565-4faf-9b4f-f5cf9ab01c1c,1758436633994,"2025-09-21 12:07:13",100.0,,6b86fb91-20d2-4296-8fc0-11af8f5db354,Brewery,Expense,Cash
d7ecf8f8-0d4c-4db8-929b-e8d8165341d6,1758436633994,"2025-09-21 12:07:13",3310.0,,10000000-0000-0000-0000-000000000005,Transport,Expense,Cash
7d5d62f3-f7e2-4c95-9f84-6e1862bc117b,1758436633994,"2025-09-21 12:07:13",200.0,,6b86fb91-20d2-4296-8fc0-11af8f5db354,Brewery,Expense,Cash
09031a42-bc8f-4182-b623-a8e8892713cc,1758436633994,"2025-09-21 12:07:13",400.0,,10000000-0000-0000-0000-000000000004,"Eating out",Expense,Cash
4f75100f-8b63-468d-bb08-f1bd2c52a1f8,1758436633994,"2025-09-21 12:07:13",180.0,,02380fa8-41a8-43fa-8e7b-2a579cfacfc2,Toxicity,Expense,Cash
87900cd2-a766-4296-b076-d0694818c59b,1758401837535,"2025-09-21 02:27:17",800.0,,02380fa8-41a8-43fa-8e7b-2a579cfacfc2,Toxicity,Expense,Cash
a83dae14-4ed6-4ec5-b8ff-fc62637290df,1758401837535,"2025-09-21 02:27:17",200.0,,6b86fb91-20d2-4296-8fc0-11af8f5db354,Brewery,Expense,Cash
793825ee-5d9e-4821-8819-018137ddee9b,1758371074400,"2025-09-20 17:54:34",3700.0,,10000000-0000-0000-0000-000000000004,"Eating out",Expense,Cash
3aabd5d0-4ce6-4664-a9d9-3b5a3f5f88db,1758371074400,"2025-09-20 17:54:34",960.0,,02380fa8-41a8-43fa-8e7b-2a579cfacfc2,Toxicity,Expense,Cash
28d34086-9f1a-429f-bed9-5b0f85e2f90e,1758350233994,"2025-09-20 12:07:13",5670.0,,968edc2b-7a45-41ec-8be9-e213be5528f8,Fuel,Expense,Cash
6148a729-1a5a-41d6-aa09-a5abd7ab128b,1758306141017,"2025-09-19 23:52:21",200.0,,02380fa8-41a8-43fa-8e7b-2a579cfacfc2,Toxicity,Expense,Cash
add5ece0-5d16-41b3-a594-dd2813548736,1758306141017,"2025-09-19 23:52:21",100.0,,6b86fb91-20d2-4296-8fc0-11af8f5db354,Brewery,Expense,Cash
73e30161-4b1f-4b78-9d9b-509364ac4aad,1758267480508,"2025-09-19 13:08:00",360.0,,02380fa8-41a8-43fa-8e7b-2a579cfacfc2,Toxicity,Expense,Cash
be466d0d-6df7-4a10-af4a-b3761a371c98,1758267480508,"2025-09-19 13:08:00",600.0,,02380fa8-41a8-43fa-8e7b-2a579cfacfc2,Toxicity,Expense,Cash
734bfbd6-c7f6-44f0-a8fb-ac35e744c23e,1758267480508,"2025-09-19 13:08:00",200.0,,6b86fb91-20d2-4296-8fc0-11af8f5db354,Brewery,Expense,Cash
da53b924-5fc0-4bfa-a3e0-5edadbe129bb,1758267480508,"2025-09-19 13:08:00",430.0,,10000000-0000-0000-0000-000000000005,Transport,Expense,Cash
0b101647-28c2-421f-b5a7-4d857137a793,1758255897416,"2025-09-19 09:54:57",18000.0,,02380fa8-41a8-43fa-8e7b-2a579cfacfc2,Toxicity,Expense,Cash
fe38596f-0733-4b38-a21b-a7e157d38d7a,1758248283569,"2025-09-19 07:48:03",1890.0,,10000000-0000-0000-0000-000000000002,House,Expense,Cash
69cc3d91-d0d0-491a-98dc-18c2fbb1ebf0,1758248283569,"2025-09-19 07:48:03",360.0,,02380fa8-41a8-43fa-8e7b-2a579cfacfc2,Toxicity,Expense,Cash
7c87bedb-df8d-4d57-a40d-acd784e067d6,1758248283569,"2025-09-19 07:48:03",560.0,,10000000-0000-0000-0000-000000000005,Transport,Expense,Cash
78588962-b1cf-4237-98d5-b565fa62f75c,1758219758743,"2025-09-18 23:52:38",2000.0,,968edc2b-7a45-41ec-8be9-e213be5528f8,Fuel,Expense,Cash
0a8d0fdb-8d47-4967-a3ce-ecd863d5e284,1758219758743,"2025-09-18 23:52:38",540.0,,02380fa8-41a8-43fa-8e7b-2a579cfacfc2,Toxicity,Expense,Cash
25469dae-1b98-4032-b4cf-f3e920e91e8a,1758183925293,"2025-09-18 13:55:25",1080.0,,02380fa8-41a8-43fa-8e7b-2a579cfacfc2,Toxicity,Expense,Cash
a56fc75b-8b45-46b7-b4ef-e7f45cfe74eb,1758150941736,"2025-09-18 04:45:41",9110.0,,10000000-0000-0000-0000-000000000007,Entertainment,Expense,Cash
e4db9100-8356-461d-a6a6-a121cb9eb938,1758075999517,"2025-09-17 07:56:39",370.0,,02380fa8-41a8-43fa-8e7b-2a579cfacfc2,Toxicity,Expense,Cash
77e11ce4-2171-4e17-bdf2-fc643b449ca3,1757983401982,"2025-09-16 06:13:21",180.0,,02380fa8-41a8-43fa-8e7b-2a579cfacfc2,Toxicity,Expense,Cash
40690061-210d-4575-9cba-9cf3fa00e6fa,1757977273182,"2025-09-16 04:31:13",1470.0,,10000000-0000-0000-0000-000000000005,Transport,Expense,Cash
76bc7522-49d2-4a7e-94fd-46dfc78040da,1757955417722,"2025-09-15 22:26:57",180.0,,02380fa8-41a8-43fa-8e7b-2a579cfacfc2,Toxicity,Expense,Cash
86d876bd-ea13-4618-bce2-a532f622ae88,1757919969306,"2025-09-15 12:36:09",17980.0,,10000000-0000-0000-0000-000000000002,House,Expense,Cash
cd415e30-1569-4935-8557-7917ee9ae6e6,1757857427108,"2025-09-14 19:13:47",180.0,,02380fa8-41a8-43fa-8e7b-2a579cfacfc2,Toxicity,Expense,Cash
48faef4f-ddf6-4054-83b2-ca52db70184c,1757811838444,"2025-09-14 06:33:58",1600.0,,10000000-0000-0000-0000-000000000005,Transport,Expense,Cash
40bbb9bc-ed8d-4a99-868f-f25c822b2d51,1757811838444,"2025-09-14 06:33:58",1820.0,,10000000-0000-0000-0000-000000000005,Transport,Expense,Cash
1195a7e3-153a-48f1-b063-662b390bb946,1757811838444,"2025-09-14 06:33:58",1520.0,,10000000-0000-0000-0000-000000000005,Transport,Expense,Cash
c52fca1e-b06a-4c9d-9be1-e7d54b36e149,1757811838444,"2025-09-14 06:33:58",200.0,,6b86fb91-20d2-4296-8fc0-11af8f5db354,Brewery,Expense,Cash
b2e05858-d2a3-4968-a691-d62e7603b48d,1757763810127,"2025-09-13 17:13:30",1000.0,,10000000-0000-0000-0000-000000000004,"Eating out",Expense,Cash
b92df99f-3435-4546-bc6d-bf29d8a4db31,1757763810127,"2025-09-13 17:13:30",1200.0,,02380fa8-41a8-43fa-8e7b-2a579cfacfc2,Toxicity,Expense,Cash
b702c004-2c4d-410a-af95-47532eb26d03,1757763810127,"2025-09-13 17:13:30",980.0,,10000000-0000-0000-0000-000000000004,"Eating out",Expense,Cash
bf7c6795-0beb-4e23-969e-b8a01cf08cb3,1757763810127,"2025-09-13 17:13:30",1270.0,,02380fa8-41a8-43fa-8e7b-2a579cfacfc2,Toxicity,Expense,Cash
1b0625a4-6bc7-4f86-ab64-914bd7b8daa9,1757719067163,"2025-09-13 04:47:47",200.0,,6b86fb91-20d2-4296-8fc0-11af8f5db354,Brewery,Expense,Cash
9d35c7e5-f895-42fb-a8f3-0c444336959f,1757719067163,"2025-09-13 04:47:47",1030.0,,02380fa8-41a8-43fa-8e7b-2a579cfacfc2,Toxicity,Expense,Cash
7bde6417-2628-4982-97b2-b49a56ea8c3a,1757709379386,"2025-09-13 02:06:19",3080.0,,10000000-0000-0000-0000-000000000004,"Eating out",Expense,Cash
df1394af-0dbc-4f45-8830-371f2f715a07,1757709379386,"2025-09-13 02:06:19",2860.0,,10000000-0000-0000-0000-000000000004,"Eating out",Expense,Cash
7df94cf4-d424-4c13-9254-a740d8f7752c,1757692411419,"2025-09-12 21:23:31",1320.0,,02380fa8-41a8-43fa-8e7b-2a579cfacfc2,Toxicity,Expense,Cash
05e2bd17-2e5d-458b-840b-ebf4129b4066,1757676098880,"2025-09-12 16:51:38",900.0,,02380fa8-41a8-43fa-8e7b-2a579cfacfc2,Toxicity,Expense,Cash
0d5478e7-49bd-4c59-931a-2c46118cd68d,1757676098880,"2025-09-12 16:51:38",100.0,,6b86fb91-20d2-4296-8fc0-11af8f5db354,Brewery,Expense,Cash
d37e5579-f612-4511-8667-2b346b7d5430,1757634137977,"2025-09-12 05:12:17",380.0,,02380fa8-41a8-43fa-8e7b-2a579cfacfc2,Toxicity,Expense,Cash
7f1b6baa-e9bf-44a3-849d-7789912d4e93,1757634137977,"2025-09-12 05:12:17",200.0,,6b86fb91-20d2-4296-8fc0-11af8f5db354,Brewery,Expense,Cash
cd0b640a-7162-4210-a930-c7fa9d85a51f,1757614137385,"2025-09-11 23:38:57",200.0,,6b86fb91-20d2-4296-8fc0-11af8f5db354,Brewery,Expense,Cash
ba4f6441-5113-43ea-8454-dd5c739e643b,1757614137385,"2025-09-11 23:38:57",360.0,,02380fa8-41a8-43fa-8e7b-2a579cfacfc2,Toxicity,Expense,Cash
21695935-6da4-4336-a27b-3d4917b55fd3,1757614137385,"2025-09-11 23:38:57",1200.0,,02380fa8-41a8-43fa-8e7b-2a579cfacfc2,Toxicity,Expense,Cash
8c58ead1-b2c7-4724-9aaa-64f814432a31,1757591396872,"2025-09-11 17:19:56",1320.0,,02380fa8-41a8-43fa-8e7b-2a579cfacfc2,Toxicity,Expense,Cash
c082d1dd-66d6-4e49-84bf-b001140042c2,1757591396872,"2025-09-11 17:19:56",200.0,,6b86fb91-20d2-4296-8fc0-11af8f5db354,Brewery,Expense,Cash
8897dbcb-44a6-4a49-ad25-e583066232c4,1757546765533,"2025-09-11 04:56:05",380.0,,02380fa8-41a8-43fa-8e7b-2a579cfacfc2,Toxicity,Expense,Cash
4a92d80d-85b0-4992-a919-ef18faf378f9,1757546765533,"2025-09-11 04:56:05",200.0,,6b86fb91-20d2-4296-8fc0-11af8f5db354,Brewery,Expense,Cash
b052587d-fe28-4a44-81f4-fbdaa58b9b9f,1757528592416,"2025-09-10 23:53:12",1200.0,,02380fa8-41a8-43fa-8e7b-2a579cfacfc2,Toxicity,Expense,Cash
3f6fe7dd-6719-4da9-9c1f-9313b8dfd6b9,1757528592416,"2025-09-10 23:53:12",360.0,,02380fa8-41a8-43fa-8e7b-2a579cfacfc2,Toxicity,Expense,Cash
a688024d-55fb-4f48-ab9f-c87fedb5ca55,1757528592416,"2025-09-10 23:53:12",200.0,,6b86fb91-20d2-4296-8fc0-11af8f5db354,Brewery,Expense,Cash
a3f7156c-42df-4032-a4e3-8c2ac0c3fcaf,1757508052170,"2025-09-10 18:10:52",380.0,,02380fa8-41a8-43fa-8e7b-2a579cfacfc2,Toxicity,Expense,Cash
83dcffe8-1128-4042-87f8-0e09b8a23ebd,1757508052170,"2025-09-10 18:10:52",200.0,,6b86fb91-20d2-4296-8fc0-11af8f5db354,Brewery,Expense,Cash
0b9ac7c8-6f05-4001-8281-ee4f90cbd1c0,1757504895528,"2025-09-10 17:18:15",3000.0,"Haircut ",10000000-0000-0000-0000-000000000002,House,Expense,Cash
130ee7c5-a061-46d7-b560-064bfea01bc8,1757504895528,"2025-09-10 17:18:15",360.0,,02380fa8-41a8-43fa-8e7b-2a579cfacfc2,Toxicity,Expense,Cash
5f2e8f50-d05b-4384-b852-855bbf6a58c4,1757504895528,"2025-09-10 17:18:15",100.0,,6b86fb91-20d2-4296-8fc0-11af8f5db354,Brewery,Expense,Cash
526dab44-d967-470b-a44d-b872a8d6bd37,1757504895528,"2025-09-10 17:18:15",900.0,,02380fa8-41a8-43fa-8e7b-2a579cfacfc2,Toxicity,Expense,Cash
a6a122f6-40df-4488-b331-68563f24a6f7,1757489983769,"2025-09-10 13:09:43",800.0,,d71face0-704a-49ff-8c96-9778abb5d2e3,Bike,Expense,Cash
6a870f2a-3026-4a92-afb7-580a01433e0c,1757489983769,"2025-09-10 13:09:43",600.0,,02380fa8-41a8-43fa-8e7b-2a579cfacfc2,Toxicity,Expense,Cash
aa83be94-37d4-4917-be20-1f50586bb19d,1757421652170,"2025-09-09 18:10:52",55130.0,Rent,10000000-0000-0000-0000-000000000002,House,Expense,Cash
ef0abef7-5545-4198-bb63-8460001a427f,1757421652170,"2025-09-09 18:10:52",360.0,,02380fa8-41a8-43fa-8e7b-2a579cfacfc2,Toxicity,Expense,Cash
c5384ec7-7a3e-4dc6-8d9b-2686ca39b186,1757421652170,"2025-09-09 18:10:52",100.0,,6b86fb91-20d2-4296-8fc0-11af8f5db354,Brewery,Expense,Cash
b22a7ea5-bd73-480a-a135-cfea574009f8,1757421652170,"2025-09-09 18:10:52",720.0,,10000000-0000-0000-0000-000000000001,Food,Expense,Cash
e8114fd0-7467-45ac-b243-2c591cf23219,1757421652170,"2025-09-09 18:10:52",600.0,,02380fa8-41a8-43fa-8e7b-2a579cfacfc2,Toxicity,Expense,Cash
52976e6f-a06d-45fc-b613-cfada3ffcd2f,1757421652170,"2025-09-09 18:10:52",150.0,,6b86fb91-20d2-4296-8fc0-11af8f5db354,Brewery,Expense,Cash
16c7117e-3bef-4f1e-a004-538668bee906,1757421652170,"2025-09-09 18:10:52",200.0,,6b86fb91-20d2-4296-8fc0-11af8f5db354,Brewery,Expense,Cash
4e8eccbf-4e0d-49ed-a3eb-dba82848728c,1757421652170,"2025-09-09 18:10:52",360.0,,02380fa8-41a8-43fa-8e7b-2a579cfacfc2,Toxicity,Expense,Cash
e1242c67-bf2c-4e32-a237-34a5bb930b2f,1757421652170,"2025-09-09 18:10:52",600.0,,02380fa8-41a8-43fa-8e7b-2a579cfacfc2,Toxicity,Expense,Cash
90186878-2496-4892-bd9c-0843317d1868,1757373114621,"2025-09-09 04:41:54",760.0,,02380fa8-41a8-43fa-8e7b-2a579cfacfc2,Toxicity,Expense,Cash
9ac64a7b-6822-461f-b9b6-cc7184642c7e,1757373114621,"2025-09-09 04:41:54",200.0,,6b86fb91-20d2-4296-8fc0-11af8f5db354,Brewery,Expense,Cash
6adca9e0-01ee-4f66-9243-f10246cfe28a,1757373114621,"2025-09-09 04:41:54",10040.0,,10000000-0000-0000-0000-000000000002,House,Expense,Cash
e285fdf8-722d-4afd-bf5d-00bd7c117fb3,1757373114621,"2025-09-09 04:41:54",600.0,,02380fa8-41a8-43fa-8e7b-2a579cfacfc2,Toxicity,Expense,Cash
a07e4b30-a3bb-496e-af8b-40660a5616a7,1757373114621,"2025-09-09 04:41:54",3470.0,,10000000-0000-0000-0000-000000000002,House,Expense,Cash
0162779e-fbb9-4166-90d9-b1f8e7bda50a,1757373114621,"2025-09-09 04:41:54",600.0,,02380fa8-41a8-43fa-8e7b-2a579cfacfc2,Toxicity,Expense,Cash
8d0b1f62-67d4-4334-b6a7-f4459d5bcbe6,1757373114621,"2025-09-09 04:41:54",100.0,,6b86fb91-20d2-4296-8fc0-11af8f5db354,Brewery,Expense,Cash
09e1998d-e54d-49c6-82f7-4de04dd5ebfd,1757333442197,"2025-09-08 17:40:42",600.0,,02380fa8-41a8-43fa-8e7b-2a579cfacfc2,Toxicity,Expense,Cash
089979cc-9546-45a5-9429-366981599c0e,1757333442197,"2025-09-08 17:40:42",100.0,,6b86fb91-20d2-4296-8fc0-11af8f5db354,Brewery,Expense,Cash
57dfefaf-7127-4d5a-9463-1cbd1b30117e,1757333442197,"2025-09-08 17:40:42",1470.0,,10000000-0000-0000-0000-000000000005,Transport,Expense,Cash
ca7319bf-95b3-4be6-bf86-d968fb332b94,1757333442197,"2025-09-08 17:40:42",600.0,,02380fa8-41a8-43fa-8e7b-2a579cfacfc2,Toxicity,Expense,Cash
13f9698e-ec9b-4aed-bf2f-8ba31a4d0657,1757333442197,"2025-09-08 17:40:42",600.0,,02380fa8-41a8-43fa-8e7b-2a579cfacfc2,Toxicity,Expense,Cash
132ab025-bf63-4f27-bbf6-7b7f0113438a,1757333442197,"2025-09-08 17:40:42",360.0,,02380fa8-41a8-43fa-8e7b-2a579cfacfc2,Toxicity,Expense,Cash
c38f2325-f634-410a-81f7-3f5483d966e9,1757333442197,"2025-09-08 17:40:42",200.0,,6b86fb91-20d2-4296-8fc0-11af8f5db354,Brewery,Expense,Cash
7409b137-dce8-465d-a402-82f45a0dd121,1757326282392,"2025-09-08 15:41:22",160.0,,02380fa8-41a8-43fa-8e7b-2a579cfacfc2,Toxicity,Expense,Cash
cb86fdc4-a5e3-4653-a4e5-d8613c6cd212,1757326282392,"2025-09-08 15:41:22",1200.0,,d71face0-704a-49ff-8c96-9778abb5d2e3,Bike,Expense,Cash
2cd18f45-4ce9-47b2-bc5e-9c5957c163e6,1757326282392,"2025-09-08 15:41:22",550.0,,10000000-0000-0000-0000-000000000001,Food,Expense,Cash
7d42c03a-5b4e-4788-9251-3a3cdc5c2069,1757326282392,"2025-09-08 15:41:22",100.0,,6b86fb91-20d2-4296-8fc0-11af8f5db354,Brewery,Expense,Cash
5f2a3491-ec29-41a7-b67f-0f90f5b91b14,1757326282392,"2025-09-08 15:41:22",180.0,,02380fa8-41a8-43fa-8e7b-2a579cfacfc2,Toxicity,Expense,Cash
34cdf300-8416-4210-9cba-c6fd173acf67,1757326282392,"2025-09-08 15:41:22",300.0,,02380fa8-41a8-43fa-8e7b-2a579cfacfc2,Toxicity,Expense,Cash
f7b52018-9e12-42c5-9fc4-6604536ae7ef,1757287764565,"2025-09-08 04:59:24",380.0,,02380fa8-41a8-43fa-8e7b-2a579cfacfc2,Toxicity,Expense,Cash
5238b9a7-d934-4f8f-9375-14fe6df4049b,1757287764565,"2025-09-08 04:59:24",200.0,,6b86fb91-20d2-4296-8fc0-11af8f5db354,Brewery,Expense,Cash
d6f5178d-43c7-4cf7-a0e4-61808b5eb836,1757267803883,"2025-09-07 23:26:43",380.0,,02380fa8-41a8-43fa-8e7b-2a579cfacfc2,Toxicity,Expense,Cash
b3a2551e-0d11-4275-b129-c4e74358b9f2,1757267803883,"2025-09-07 23:26:43",200.0,,6b86fb91-20d2-4296-8fc0-11af8f5db354,Brewery,Expense,Cash
4fa2086c-dec6-4de7-9d78-6439cb25ad2b,1757267803883,"2025-09-07 23:26:43",850.0,,10000000-0000-0000-0000-000000000004,"Eating out",Expense,Cash
e3a69ba8-f832-4733-a754-e5bd56919618,1757267803883,"2025-09-07 23:26:43",1260.0,,10000000-0000-0000-0000-000000000002,House,Expense,Cash
89311dfa-2d72-4241-8ceb-bc964899fc4b,1757255188307,"2025-09-07 19:56:28",100.0,,6b86fb91-20d2-4296-8fc0-11af8f5db354,Brewery,Expense,Cash
4eefc0e1-98b5-4ad0-9203-b5c106b01afe,1757255188307,"2025-09-07 19:56:28",180.0,,02380fa8-41a8-43fa-8e7b-2a579cfacfc2,Toxicity,Expense,Cash
12098753-b841-40ea-a858-35f35c743bf4,1757255188307,"2025-09-07 19:56:28",900.0,,02380fa8-41a8-43fa-8e7b-2a579cfacfc2,Toxicity,Expense,Cash
1d457afb-472d-484e-9ae4-6733e94d7099,1757255188307,"2025-09-07 19:56:28",300.0,,6b86fb91-20d2-4296-8fc0-11af8f5db354,Brewery,Expense,Cash
43b7af2b-597c-46f3-bc2c-4a8e54364fbb,1757255188307,"2025-09-07 19:56:28",1350.0,,10000000-0000-0000-0000-000000000004,"Eating out",Expense,Cash
560e1f63-14dd-43c0-bc42-fc2df11de8e7,1757255188307,"2025-09-07 19:56:28",960.0,,02380fa8-41a8-43fa-8e7b-2a579cfacfc2,Toxicity,Expense,Cash
4b660975-8011-4be3-8f11-94c7769a5e6c,1757255188307,"2025-09-07 19:56:28",300.0,,6b86fb91-20d2-4296-8fc0-11af8f5db354,Brewery,Expense,Cash
c77e06fc-8c58-4e43-9718-2b817ba29022,1757255188307,"2025-09-07 19:56:28",200.0,,10000000-0000-0000-0000-000000000001,Food,Expense,Cash
1318ec75-1ca8-44e2-ac0a-80b6024afb6a,1757201364565,"2025-09-07 04:59:24",5670.0,,968edc2b-7a45-41ec-8be9-e213be5528f8,Fuel,Expense,Cash
1d0624df-e3f3-4220-a325-45f1b794e76a,1757201364565,"2025-09-07 04:59:24",600.0,,02380fa8-41a8-43fa-8e7b-2a579cfacfc2,Toxicity,Expense,Cash
af456179-fea9-4e55-8e9d-1a408782a8a5,1757181403883,"2025-09-06 23:26:43",300.0,,02380fa8-41a8-43fa-8e7b-2a579cfacfc2,Toxicity,Expense,Cash
925d370b-0d42-45e9-9a56-65ca8d52be36,1757181403883,"2025-09-06 23:26:43",200.0,,10000000-0000-0000-0000-000000000004,"Eating out",Expense,Cash
8c4350f4-5c57-4d98-be4c-96c2efdc3f8b,1757153307499,"2025-09-06 15:38:27",600.0,,02380fa8-41a8-43fa-8e7b-2a579cfacfc2,Toxicity,Expense,Cash
d28fe631-4063-4a12-b757-5cdd5496f233,1757153307499,"2025-09-06 15:38:27",780.0,,02380fa8-41a8-43fa-8e7b-2a579cfacfc2,Toxicity,Expense,Cash
79fa8298-8c81-4b1f-a007-54f441997bc3,1757092125239,"2025-09-05 22:38:45",800.0,,10000000-0000-0000-0000-000000000004,"Eating out",Expense,Cash
479d10ac-4aae-4c04-89c1-cba58eb8f317,1757092125239,"2025-09-05 22:38:45",360.0,,02380fa8-41a8-43fa-8e7b-2a579cfacfc2,Toxicity,Expense,Cash
6f572d47-6b87-4231-899e-c37e40c8483a,1757092125239,"2025-09-05 22:38:45",200.0,,6b86fb91-20d2-4296-8fc0-11af8f5db354,Brewery,Expense,Cash
79ae3908-6feb-4c23-8fe2-b09b7f1765ae,1757092125239,"2025-09-05 22:38:45",600.0,,02380fa8-41a8-43fa-8e7b-2a579cfacfc2,Toxicity,Expense,Cash
6d3cde83-cf72-42c2-b36c-7b8383899b9b,1757092125239,"2025-09-05 22:38:45",200.0,,10000000-0000-0000-0000-000000000001,Food,Expense,Cash
528b9ea1-aa2b-4915-9128-952d56985cc5,1757072931081,"2025-09-05 17:18:51",180.0,,02380fa8-41a8-43fa-8e7b-2a579cfacfc2,Toxicity,Expense,Cash
6a6f2a1d-11bd-46c6-a6f3-338e362b21a9,1757072931081,"2025-09-05 17:18:51",600.0,,02380fa8-41a8-43fa-8e7b-2a579cfacfc2,Toxicity,Expense,Cash
28d4b113-8d93-4024-9e4e-833699ba2e86,1757065558683,"2025-09-05 15:15:58",600.0,,02380fa8-41a8-43fa-8e7b-2a579cfacfc2,Toxicity,Expense,Cash
1f7a3026-660b-461a-b984-15d7b3e50c9f,1757029029930,"2025-09-05 05:07:09",650.0,,10000000-0000-0000-0000-000000000004,"Eating out",Expense,Cash
cf92cc68-7cc4-42b3-b5e7-e03a5f47a28a,1757029029930,"2025-09-05 05:07:09",360.0,,02380fa8-41a8-43fa-8e7b-2a579cfacfc2,Toxicity,Expense,Cash
9737d5a0-82eb-4d6c-9754-d387ad55a028,1757029029930,"2025-09-05 05:07:09",220.0,,6b86fb91-20d2-4296-8fc0-11af8f5db354,Brewery,Expense,Cash
1a3f79a6-ef58-4132-89fc-3eb614e9f292,1757014264323,"2025-09-05 01:01:04",800.0,,02380fa8-41a8-43fa-8e7b-2a579cfacfc2,Toxicity,Expense,Cash
e1f320fe-3ed8-4554-a8d4-a808f82f940e,1757014264323,"2025-09-05 01:01:04",300.0,,6b86fb91-20d2-4296-8fc0-11af8f5db354,Brewery,Expense,Cash
26493585-3db5-4d22-89ff-3a0a9ca7bee1,1756999451637,"2025-09-04 20:54:11",600.0,,02380fa8-41a8-43fa-8e7b-2a579cfacfc2,Toxicity,Expense,Cash
91545446-0079-4264-bc4d-bd7b41ef646e,1756999451637,"2025-09-04 20:54:11",360.0,,02380fa8-41a8-43fa-8e7b-2a579cfacfc2,Toxicity,Expense,Cash
bbcef0d6-f8b6-4113-a285-bbfd2b6ecc56,1756999451637,"2025-09-04 20:54:11",200.0,,6b86fb91-20d2-4296-8fc0-11af8f5db354,Brewery,Expense,Cash
ad96bb46-7c2a-4d2f-a8c3-8a70fbcd4f89,1756999451637,"2025-09-04 20:54:11",200.0,,10000000-0000-0000-0000-000000000001,Food,Expense,Cash
4ae812c0-763f-4ff3-b1d5-1d394a98896a,1756976262065,"2025-09-04 14:27:42",300.0,,02380fa8-41a8-43fa-8e7b-2a579cfacfc2,Toxicity,Expense,Cash
3ccd7e0e-5622-403b-b82d-5c55429433eb,1756976262065,"2025-09-04 14:27:42",360.0,,02380fa8-41a8-43fa-8e7b-2a579cfacfc2,Toxicity,Expense,Cash
61731e09-6090-442b-802f-1dcb7c58e608,1756976262065,"2025-09-04 14:27:42",100.0,,6b86fb91-20d2-4296-8fc0-11af8f5db354,Brewery,Expense,Cash
4f0d07ea-0be4-4657-a8b2-0770a5e84281,1756976262065,"2025-09-04 14:27:42",600.0,,02380fa8-41a8-43fa-8e7b-2a579cfacfc2,Toxicity,Expense,Cash
b0161575-3956-430d-bab6-aaae2fdab0ee,1756976262065,"2025-09-04 14:27:42",300.0,,10000000-0000-0000-0000-000000000004,"Eating out",Expense,Cash
efeb8051-b61e-41ff-bfba-7859de434dad,1756976262065,"2025-09-04 14:27:42",5600.0,,10000000-0000-0000-0000-000000000001,Food,Expense,Cash
994eec3c-140d-4361-84dd-2593a40e9352,1756976262065,"2025-09-04 14:27:42",3860.0,,10000000-0000-0000-0000-000000000002,House,Expense,Cash
ae342cbd-6f8a-4cd0-ad6f-e79834463fa6,1756942685410,"2025-09-04 05:08:05",600.0,,10000000-0000-0000-0000-000000000004,"Eating out",Expense,Cash
99912494-9b4c-44e4-8acd-7b8377da65fb,1756942685410,"2025-09-04 05:08:05",200.0,,6b86fb91-20d2-4296-8fc0-11af8f5db354,Brewery,Expense,Cash
44607154-18db-47d4-a369-041c83b176de,1756942685410,"2025-09-04 05:08:05",380.0,,02380fa8-41a8-43fa-8e7b-2a579cfacfc2,Toxicity,Expense,Cash
61417703-b011-40da-8088-f52c4fa71aa9,1756925817351,"2025-09-04 00:26:57",1300.0,,02380fa8-41a8-43fa-8e7b-2a579cfacfc2,Toxicity,Expense,Cash
4e092022-2c64-4726-b219-2ee4b5b4f58a,1756925817351,"2025-09-04 00:26:57",300.0,,6b86fb91-20d2-4296-8fc0-11af8f5db354,Brewery,Expense,Cash
bd717186-8c29-4ca2-8b2d-a7fcd51db949,1756913381909,"2025-09-03 20:59:41",180.0,,02380fa8-41a8-43fa-8e7b-2a579cfacfc2,Toxicity,Expense,Cash
7d0c3ff6-59ef-4770-97db-e0319439cc71,1756913381909,"2025-09-03 20:59:41",500.0,,10000000-0000-0000-0000-000000000004,"Eating out",Expense,Cash
f902ae4b-2fd1-4e44-85bb-b2bde241aaa1,1756913381909,"2025-09-03 20:59:41",360.0,,02380fa8-41a8-43fa-8e7b-2a579cfacfc2,Toxicity,Expense,Cash
b25b0883-32cb-4b56-98be-5ef5a9428c29,1756913381909,"2025-09-03 20:59:41",200.0,,6b86fb91-20d2-4296-8fc0-11af8f5db354,Brewery,Expense,Cash
78feedeb-fe4a-4314-acc5-943e47e800c9,1756913381909,"2025-09-03 20:59:41",200.0,,10000000-0000-0000-0000-000000000001,Food,Expense,Cash
e5656a7c-611d-46fc-a94b-11a797f220fd,1756913381909,"2025-09-03 20:59:41",600.0,,02380fa8-41a8-43fa-8e7b-2a579cfacfc2,Toxicity,Expense,Cash
96281c4d-808c-48ba-928b-001f298bee19,1756913381909,"2025-09-03 20:59:41",200.0,,10000000-0000-0000-0000-000000000001,Food,Expense,Cash
1952faa2-baf8-4bc2-b81d-2342c0a38421,1756898123414,"2025-09-03 16:45:23",8550.0,,d71face0-704a-49ff-8c96-9778abb5d2e3,Bike,Expense,Cash
0ee2b6bb-4353-4392-91bc-4fd04882b11a,1756898123414,"2025-09-03 16:45:23",900.0,,02380fa8-41a8-43fa-8e7b-2a579cfacfc2,Toxicity,Expense,Cash
533ec6d7-7a5b-48e3-b595-6886b51c96ce,1756898123414,"2025-09-03 16:45:23",300.0,,10000000-0000-0000-0000-000000000004,"Eating out",Expense,Cash
3bc082ce-d058-4e0e-ba91-2d3e75b2f8e0,1756898093025,"2025-09-03 16:44:53",540.0,,02380fa8-41a8-43fa-8e7b-2a579cfacfc2,Toxicity,Expense,Cash
f694b470-7a84-428b-bae2-47b527a4428e,1756898093025,"2025-09-03 16:44:53",1500.0,,d71face0-704a-49ff-8c96-9778abb5d2e3,Bike,Expense,Cash
a0d6c225-ad70-42c3-a961-8473f1aa7bc0,1756891635490,"2025-09-03 14:57:15",500.0,,02380fa8-41a8-43fa-8e7b-2a579cfacfc2,Toxicity,Expense,Cash
958f1ef7-e75a-41df-a12d-0a8508678b1b,1756891635490,"2025-09-03 14:57:15",180.0,,02380fa8-41a8-43fa-8e7b-2a579cfacfc2,Toxicity,Expense,Cash
2466bf01-9054-436b-a191-6020dd4587d3,1756841420190,"2025-09-03 01:00:20",2500.0,,02380fa8-41a8-43fa-8e7b-2a579cfacfc2,Toxicity,Expense,Cash
ee3d49b9-406a-4838-a268-ecdd34992a57,1756841420190,"2025-09-03 01:00:20",400.0,,6b86fb91-20d2-4296-8fc0-11af8f5db354,Brewery,Expense,Cash
e5372c1a-3d75-4555-b70c-acf2ecc1f3f5,1756816549075,"2025-09-02 18:05:49",750.0,,02380fa8-41a8-43fa-8e7b-2a579cfacfc2,Toxicity,Expense,Cash
11143dfc-b4b4-4bba-8f4e-4a2835a44887,1756816549075,"2025-09-02 18:05:49",4940.0,,10000000-0000-0000-0000-000000000004,"Eating out",Expense,Cash
10201c20-207e-450b-a012-8045d4785b34,1756816549075,"2025-09-02 18:05:49",450.0,,02380fa8-41a8-43fa-8e7b-2a579cfacfc2,Toxicity,Expense,Cash
88fcdab5-6028-4b70-b00f-ca756b1ffd4a,1756795858178,"2025-09-02 12:20:58",600.0,,02380fa8-41a8-43fa-8e7b-2a579cfacfc2,Toxicity,Expense,Cash
a492f71f-5a32-4dce-84c3-d64db72bf9a8,1756795858178,"2025-09-02 12:20:58",750.0,,02380fa8-41a8-43fa-8e7b-2a579cfacfc2,Toxicity,Expense,Cash
dd2b387e-bea7-4b6a-8915-98a110d61f15,1756795858178,"2025-09-02 12:20:58",1400.0,,10000000-0000-0000-0000-000000000005,Transport,Expense,Cash
c599d012-2105-4823-aa88-65e781a830fa,1756739545217,"2025-09-01 20:42:25",360.0,,02380fa8-41a8-43fa-8e7b-2a579cfacfc2,Toxicity,Expense,Cash
9f41017f-d272-4187-a554-0ea36598392f,1756739545217,"2025-09-01 20:42:25",200.0,,10000000-0000-0000-0000-000000000004,"Eating out",Expense,Cash
cdcd6363-4279-4651-85b4-75781bbfd8fc,1756711408371,"2025-09-01 12:53:28",600.0,,02380fa8-41a8-43fa-8e7b-2a579cfacfc2,Toxicity,Expense,Cash
994e1015-5e13-40f7-9b44-5eb35b264998,1756711408371,"2025-09-01 12:53:28",1350.0,,10000000-0000-0000-0000-000000000005,Transport,Expense,Cash
75af11b0-ea1b-4314-ae49-42174dca591b,1756674276935,"2025-09-01 02:34:36",900.0,,02380fa8-41a8-43fa-8e7b-2a579cfacfc2,Toxicity,Expense,Cash
70310a6a-f5f1-43c2-ac48-0198b6c960e1,1756643010368,"2025-08-31 17:53:30",500.0,,10000000-0000-0000-0000-000000000004,"Eating out",Expense,Cash
b42d5267-c8c8-44ce-94e8-ef7a2704414a,1756643010368,"2025-08-31 17:53:30",600.0,,02380fa8-41a8-43fa-8e7b-2a579cfacfc2,Toxicity,Expense,Cash
d45d9920-ae1c-42ee-b678-b78aba9fee94,1756643010368,"2025-08-31 17:53:30",600.0,,02380fa8-41a8-43fa-8e7b-2a579cfacfc2,Toxicity,Expense,Cash
f9f70290-4aa8-45b2-879f-db5e8916982a,1756643010368,"2025-08-31 17:53:30",800.0,,10000000-0000-0000-0000-000000000004,"Eating out",Expense,Cash
f0dcd746-cd9c-4189-aa54-d0158c81df77,1756599862938,"2025-08-31 05:54:22",600.0,,10000000-0000-0000-0000-000000000004,"Eating out",Expense,Cash
6d464fec-5685-4a4e-9448-09e6178d5d0b,1756599862938,"2025-08-31 05:54:22",710.0,,02380fa8-41a8-43fa-8e7b-2a579cfacfc2,Toxicity,Expense,Cash
e40373bc-a8a0-49e1-928a-cd9f241334d4,1756599862938,"2025-08-31 05:54:22",200.0,,6b86fb91-20d2-4296-8fc0-11af8f5db354,Brewery,Expense,Cash
3e49ccb3-25fe-4031-8c69-ee1536cd13ed,1756599862938,"2025-08-31 05:54:22",360.0,,02380fa8-41a8-43fa-8e7b-2a579cfacfc2,Toxicity,Expense,Cash
5f9cb3f8-4824-4432-b6bb-967a6fce081c,1756578483260,"2025-08-30 23:58:03",780.0,,02380fa8-41a8-43fa-8e7b-2a579cfacfc2,Toxicity,Expense,Cash
ca85a619-6701-46f9-906c-f779bfee3433,1756578483260,"2025-08-30 23:58:03",200.0,,10000000-0000-0000-0000-000000000001,Food,Expense,Cash
758c3dfc-a2de-493f-9edf-01d70a89f308,1756578483260,"2025-08-30 23:58:03",5670.0,,968edc2b-7a45-41ec-8be9-e213be5528f8,Fuel,Expense,Cash
5cf226c6-22b2-4c7f-b8d7-ddcdcdb0b344,1756549418873,"2025-08-30 15:53:38",1080.0,,02380fa8-41a8-43fa-8e7b-2a579cfacfc2,Toxicity,Expense,Cash
a43d11f3-7dc5-4b99-93b0-0dc1f4454731,1756544574643,"2025-08-30 14:32:54",1200.0,,02380fa8-41a8-43fa-8e7b-2a579cfacfc2,Toxicity,Expense,Cash
b3096446-e812-45cc-8791-fb5a493e0be9,1756544574643,"2025-08-30 14:32:54",150.0,,6b86fb91-20d2-4296-8fc0-11af8f5db354,Brewery,Expense,Cash
e7dc2968-31fa-45c9-9c19-2a3bee3ac5cd,1756544574643,"2025-08-30 14:32:54",540.0,,02380fa8-41a8-43fa-8e7b-2a579cfacfc2,Toxicity,Expense,Cash
7787b635-8072-492f-b511-7a7e8fe75c6d,1756544574643,"2025-08-30 14:32:54",6000.0,,02380fa8-41a8-43fa-8e7b-2a579cfacfc2,Toxicity,Expense,Cash
34a1e4a6-d064-478d-88bb-66aac72ce967,1756480511643,"2025-08-29 20:45:11",800.0,,02380fa8-41a8-43fa-8e7b-2a579cfacfc2,Toxicity,Expense,Cash
9fa7e541-ec1d-4459-a774-29dcd3c4df2c,1756463018873,"2025-08-29 15:53:38",300.0,,02380fa8-41a8-43fa-8e7b-2a579cfacfc2,Toxicity,Expense,Cash
4db30ab8-bafa-464f-ac9c-c40511a52cd8,1756463018873,"2025-08-29 15:53:38",360.0,,02380fa8-41a8-43fa-8e7b-2a579cfacfc2,Toxicity,Expense,Cash
6574a9dc-c016-40e1-8f10-e501e865b22f,1756463018873,"2025-08-29 15:53:38",360.0,,02380fa8-41a8-43fa-8e7b-2a579cfacfc2,Toxicity,Expense,Cash
ecf4e108-1896-4d55-a132-a610fa97ce6f,1756463018873,"2025-08-29 15:53:38",360.0,,02380fa8-41a8-43fa-8e7b-2a579cfacfc2,Toxicity,Expense,Cash
e27e0efd-d545-4af0-9274-dd9b14b9f85d,1756463018873,"2025-08-29 15:53:38",360.0,,02380fa8-41a8-43fa-8e7b-2a579cfacfc2,Toxicity,Expense,Cash
444c09df-dc64-4d12-ae4e-7338aed4505d,1756463018873,"2025-08-29 15:53:38",4490.0,,02380fa8-41a8-43fa-8e7b-2a579cfacfc2,Toxicity,Expense,Cash
3408a1df-f882-4021-843e-20207cc1ab75,1756463018873,"2025-08-29 15:53:38",1540.0,,10000000-0000-0000-0000-000000000004,"Eating out",Expense,Cash
807c30d8-a9b2-4af9-9f46-a9dba6326086,1756394111643,"2025-08-28 20:45:11",400.0,,10000000-0000-0000-0000-000000000004,"Eating out",Expense,Cash
df8a57da-d7fe-4efe-8e20-1f3106bcb1f4,1756394111643,"2025-08-28 20:45:11",600.0,,02380fa8-41a8-43fa-8e7b-2a579cfacfc2,Toxicity,Expense,Cash
5aa1103c-569b-4e27-b35a-0af5644833e0,1756394111643,"2025-08-28 20:45:11",360.0,,02380fa8-41a8-43fa-8e7b-2a579cfacfc2,Toxicity,Expense,Cash
f5639a66-ef40-499e-831a-a048906b0014,1756394111643,"2025-08-28 20:45:11",4760.0,,10000000-0000-0000-0000-000000000004,"Eating out",Expense,Cash
f7c7cf19-cc51-4c6b-862f-21b880791b8e,1756375900058,"2025-08-28 15:41:40",540.0,,02380fa8-41a8-43fa-8e7b-2a579cfacfc2,Toxicity,Expense,Cash
11f1d28d-f225-48ba-bd3b-8cc8ad0d2c49,1756305351715,"2025-08-27 20:05:51",2500.0,,02380fa8-41a8-43fa-8e7b-2a579cfacfc2,Toxicity,Expense,Cash
67f5db36-a8e4-45ea-8657-a89c3a43cf72,1756290873529,"2025-08-27 16:04:33",800.0,,10000000-0000-0000-0000-000000000004,"Eating out",Expense,Cash
e5d59d73-9703-4ed6-b674-c04e162258c7,1756221634370,"2025-08-26 20:50:34",1030.0,,02380fa8-41a8-43fa-8e7b-2a579cfacfc2,Toxicity,Expense,Cash
32a43235-fc54-4be8-bd65-c9d32f88ea60,1756221634370,"2025-08-26 20:50:34",720.0,,02380fa8-41a8-43fa-8e7b-2a579cfacfc2,Toxicity,Expense,Cash
d3d71643-aac9-4ee1-beae-a825bfd79c6d,1756221634370,"2025-08-26 20:50:34",200.0,,6b86fb91-20d2-4296-8fc0-11af8f5db354,Brewery,Expense,Cash
d0162017-10db-4c88-a85e-8b5acbfabb2f,1756221634370,"2025-08-26 20:50:34",200.0,,10000000-0000-0000-0000-000000000001,Food,Expense,Cash
e2fbe84a-2e1e-45f1-936e-d77043a48e94,1756221634370,"2025-08-26 20:50:34",250.0,,02380fa8-41a8-43fa-8e7b-2a579cfacfc2,Toxicity,Expense,Cash
e0c8ccc3-c27e-4158-9849-12335f15523c,1756221634370,"2025-08-26 20:50:34",210.0,,02380fa8-41a8-43fa-8e7b-2a579cfacfc2,Toxicity,Expense,Cash
236924dc-916e-4063-8d48-df91c58ce24f,1756193717856,"2025-08-26 13:05:17",1030.0,,02380fa8-41a8-43fa-8e7b-2a579cfacfc2,Toxicity,Expense,Cash
b7e4cd5b-c512-4585-95b1-39d29b8b1772,1756193717856,"2025-08-26 13:05:17",400.0,,6b86fb91-20d2-4296-8fc0-11af8f5db354,Brewery,Expense,Cash
4a1b7936-e285-4bcc-9e2f-008e628ca4dd,1756193717856,"2025-08-26 13:05:17",5670.0,,968edc2b-7a45-41ec-8be9-e213be5528f8,Fuel,Expense,Cash
36177cfe-0cbf-4dc3-aa39-b7b44aeebdf0,1756182469366,"2025-08-26 09:57:49",600.0,,02380fa8-41a8-43fa-8e7b-2a579cfacfc2,Toxicity,Expense,Cash
3df5a81c-fa67-49de-8a3d-0ea26eea9853,1756150010018,"2025-08-26 00:56:50",1350.0,,10000000-0000-0000-0000-000000000004,"Eating out",Expense,Cash
5f2a5385-ea77-4bcc-89bc-07969563e33a,1756136982571,"2025-08-25 21:19:42",360.0,,02380fa8-41a8-43fa-8e7b-2a579cfacfc2,Toxicity,Expense,Cash
20e73ac7-11e1-4c96-9dff-3423a9a032ce,1756136982571,"2025-08-25 21:19:42",400.0,,6b86fb91-20d2-4296-8fc0-11af8f5db354,Brewery,Expense,Cash
ea2db257-4ede-4cff-b8bb-033a2fba76df,1756136982571,"2025-08-25 21:19:42",760.0,,02380fa8-41a8-43fa-8e7b-2a579cfacfc2,Toxicity,Expense,Cash
c99c70bc-b9cb-44f6-8127-5aee798bc86d,1756107234975,"2025-08-25 13:03:54",650.0,,02380fa8-41a8-43fa-8e7b-2a579cfacfc2,Toxicity,Expense,Cash
0322232a-add9-4a8a-b5bb-805f2c6f6963,1756107234975,"2025-08-25 13:03:54",360.0,,02380fa8-41a8-43fa-8e7b-2a579cfacfc2,Toxicity,Expense,Cash
ba5a0d46-82b8-489a-925c-64a1d8be01d1,1756107234975,"2025-08-25 13:03:54",2250.0,,02380fa8-41a8-43fa-8e7b-2a579cfacfc2,Toxicity,Expense,Cash
aecdd569-7308-479e-942a-804593ed78bc,1756107234975,"2025-08-25 13:03:54",1950.0,,10000000-0000-0000-0000-000000000004,"Eating out",Expense,Cash
4a57acf9-c05f-447d-b23e-ae5788aea04d,1756096984989,"2025-08-25 10:13:04",600.0,,02380fa8-41a8-43fa-8e7b-2a579cfacfc2,Toxicity,Expense,Cash
83862d0f-e8b5-4643-98b1-d99a28194586,1756051179508,"2025-08-24 21:29:39",150.0,,6b86fb91-20d2-4296-8fc0-11af8f5db354,Brewery,Expense,Cash
73411298-c00b-44e4-9adb-8976d972dff6,1756051179508,"2025-08-24 21:29:39",1050.0,,02380fa8-41a8-43fa-8e7b-2a579cfacfc2,Toxicity,Expense,Cash
c6759e01-b958-4e31-aedc-393588baa967,1756051179508,"2025-08-24 21:29:39",400.0,,6b86fb91-20d2-4296-8fc0-11af8f5db354,Brewery,Expense,Cash
dc4be3aa-e250-4773-8061-9cb92a9e7406,1756051179508,"2025-08-24 21:29:39",1500.0,,10000000-0000-0000-0000-000000000004,"Eating out",Expense,Cash
b74ca965-da86-45e0-955f-71823c04face,1756035378598,"2025-08-24 17:06:18",360.0,,02380fa8-41a8-43fa-8e7b-2a579cfacfc2,Toxicity,Expense,Cash
75ea026f-225d-46ba-9e4e-2aaada3f70fb,1756035378598,"2025-08-24 17:06:18",200.0,,6b86fb91-20d2-4296-8fc0-11af8f5db354,Brewery,Expense,Cash
49dbc4e0-33a3-497f-933e-d4e7f1d0cb55,1756035378598,"2025-08-24 17:06:18",200.0,,6b86fb91-20d2-4296-8fc0-11af8f5db354,Brewery,Expense,Cash
2321202c-f3a3-420c-b81e-c0f5cbdb8d1e,1756030277443,"2025-08-24 15:41:17",400.0,,6b86fb91-20d2-4296-8fc0-11af8f5db354,Brewery,Expense,Cash
b6f36430-1089-4eb3-abf2-9e6132ca1d59,1756030277443,"2025-08-24 15:41:17",540.0,,02380fa8-41a8-43fa-8e7b-2a579cfacfc2,Toxicity,Expense,Cash
1737b667-76dc-48a6-91b1-21d348825102,1756030277443,"2025-08-24 15:41:17",600.0,,02380fa8-41a8-43fa-8e7b-2a579cfacfc2,Toxicity,Expense,Cash
6c939cb8-96cd-416c-92f4-d575f163759a,1756030277443,"2025-08-24 15:41:17",300.0,,d71face0-704a-49ff-8c96-9778abb5d2e3,Bike,Expense,Cash
b99478fe-e1ae-4b16-880d-f6c8d021fc32,1755974621859,"2025-08-24 00:13:41",200.0,,10000000-0000-0000-0000-000000000001,Food,Expense,Cash
50e723fe-c79c-40f1-b1e6-7f6c6cdcbe50,1755974621859,"2025-08-24 00:13:41",200.0,,6b86fb91-20d2-4296-8fc0-11af8f5db354,Brewery,Expense,Cash
b6945a46-3b88-42c3-ac4d-a98d3c16cd4b,1755974621859,"2025-08-24 00:13:41",1160.0,,02380fa8-41a8-43fa-8e7b-2a579cfacfc2,Toxicity,Expense,Cash
7fc2d9bb-0161-4d6b-8535-bade8d7e5ded,1755974621859,"2025-08-24 00:13:41",4640.0,,10000000-0000-0000-0000-000000000004,"Eating out",Expense,Cash
c6788448-b4d4-4267-9228-9a68b089ed53,1755964779508,"2025-08-23 21:29:39",200.0,,10000000-0000-0000-0000-000000000001,Food,Expense,Cash
0679e5b2-8d22-4100-8401-b4af16cc597a,1755963025677,"2025-08-23 21:00:25",300.0,,02380fa8-41a8-43fa-8e7b-2a579cfacfc2,Toxicity,Expense,Cash
0f4aad07-5991-4710-80e9-0c94f013ddc4,1755963025677,"2025-08-23 21:00:25",100.0,,10000000-0000-0000-0000-000000000004,"Eating out",Expense,Cash
a68adf13-696f-47fe-9fa3-74e2e4532c31,1755963025677,"2025-08-23 21:00:25",200.0,,6b86fb91-20d2-4296-8fc0-11af8f5db354,Brewery,Expense,Cash
b3980a4c-f3f1-4181-a77a-21a2753dad0a,1755933683633,"2025-08-23 12:51:23",600.0,,02380fa8-41a8-43fa-8e7b-2a579cfacfc2,Toxicity,Expense,Cash
7daf046c-0ce1-42a7-adfa-c4b6fd620491,1755933683633,"2025-08-23 12:51:23",760.0,,02380fa8-41a8-43fa-8e7b-2a579cfacfc2,Toxicity,Expense,Cash
2480f39d-d07b-47a0-8a6f-417425d67c61,1755933683633,"2025-08-23 12:51:23",100.0,,6b86fb91-20d2-4296-8fc0-11af8f5db354,Brewery,Expense,Cash
1f967bc1-541a-4a88-b231-85a944a220c1,1755932498571,"2025-08-23 12:31:38",2510.0,,10000000-0000-0000-0000-000000000004,"Eating out",Expense,Cash
e9aca07c-68b0-4baa-b8a2-cddfab759b78,1755846098571,"2025-08-22 12:31:38",300.0,,02380fa8-41a8-43fa-8e7b-2a579cfacfc2,Toxicity,Expense,Cash
754d35c3-e181-4908-9ed9-5b183b97d3d9,1755846098571,"2025-08-22 12:31:38",600.0,,02380fa8-41a8-43fa-8e7b-2a579cfacfc2,Toxicity,Expense,Cash
c9c904a6-bdcb-4708-b7fc-8177e50cae99,1755846098571,"2025-08-22 12:31:38",600.0,,02380fa8-41a8-43fa-8e7b-2a579cfacfc2,Toxicity,Expense,Cash
05dbe9fb-7dbe-4f05-85ac-cb0cae93a962,1755846098571,"2025-08-22 12:31:38",300.0,,10000000-0000-0000-0000-000000000004,"Eating out",Expense,Cash
336ec36b-27e5-4c35-a05f-9580a1931378,1755846098571,"2025-08-22 12:31:38",820.0,,02380fa8-41a8-43fa-8e7b-2a579cfacfc2,Toxicity,Expense,Cash
5acd977c-1c58-473b-b90d-2ce8cdcfe51a,1755846098571,"2025-08-22 12:31:38",4320.0,,10000000-0000-0000-0000-000000000004,"Eating out",Expense,Cash
5a3274f0-353a-476a-8fdb-b76eabf50c6e,1755821712503,"2025-08-22 05:45:12",2000.0,,10000000-0000-0000-0000-000000000004,"Eating out",Expense,Cash
cfd91ecb-5f9f-4392-a27c-2b9b8f7d2f0f,1755821712503,"2025-08-22 05:45:12",400.0,,6b86fb91-20d2-4296-8fc0-11af8f5db354,Brewery,Expense,Cash
ed94d3f0-848e-43c6-b770-6deb0e377bb3,1755821712503,"2025-08-22 05:45:12",640.0,,02380fa8-41a8-43fa-8e7b-2a579cfacfc2,Toxicity,Expense,Cash
63a65cc7-d4a1-4b34-8b42-4dbcd51d3d2c,1755804915474,"2025-08-22 01:05:15",1700.0,,02380fa8-41a8-43fa-8e7b-2a579cfacfc2,Toxicity,Expense,Cash
741bb14d-e5f1-4987-a432-ed607362f835,1755792684677,"2025-08-21 21:41:24",400.0,,6b86fb91-20d2-4296-8fc0-11af8f5db354,Brewery,Expense,Cash
98fb9c39-bff7-4b39-aae4-224d28602169,1755792684677,"2025-08-21 21:41:24",360.0,,02380fa8-41a8-43fa-8e7b-2a579cfacfc2,Toxicity,Expense,Cash
d11afb95-b561-4e42-ae77-d463df4ddf6d,1755792684677,"2025-08-21 21:41:24",1500.0,,10000000-0000-0000-0000-000000000001,Food,Expense,Cash
b0f1579f-8adc-4447-b4ff-3dbea2624b2e,1755792684677,"2025-08-21 21:41:24",750.0,,02380fa8-41a8-43fa-8e7b-2a579cfacfc2,Toxicity,Expense,Cash
a4e8fcd9-f8e3-4923-9a2e-82f0e6db20c1,1755764489213,"2025-08-21 13:51:29",540.0,,02380fa8-41a8-43fa-8e7b-2a579cfacfc2,Toxicity,Expense,Cash
2b11f7af-f74d-494a-b166-467e8d3a9000,1755764489213,"2025-08-21 13:51:29",150.0,,6b86fb91-20d2-4296-8fc0-11af8f5db354,Brewery,Expense,Cash
8442937e-64aa-4d0b-b93b-ad65576297eb,1755764489213,"2025-08-21 13:51:29",1050.0,,10000000-0000-0000-0000-000000000004,"Eating out",Expense,Cash
8a911f72-c1a2-4861-b43f-d86eed917159,1755764489213,"2025-08-21 13:51:29",960.0,,02380fa8-41a8-43fa-8e7b-2a579cfacfc2,Toxicity,Expense,Cash
f44da0ab-b9f3-4ca1-ac2e-fa7a93c002d2,1755707973852,"2025-08-20 22:09:33",360.0,,02380fa8-41a8-43fa-8e7b-2a579cfacfc2,Toxicity,Expense,Cash
a52ff0a4-8bb8-4a11-8586-e46dbe991cca,1755707973852,"2025-08-20 22:09:33",200.0,,6b86fb91-20d2-4296-8fc0-11af8f5db354,Brewery,Expense,Cash
0e2931d2-9d72-43d1-bf9b-f3811d91ffb9,1755707973852,"2025-08-20 22:09:33",3000.0,,02380fa8-41a8-43fa-8e7b-2a579cfacfc2,Toxicity,Expense,Cash
94694a4f-3115-4419-b91c-d5876152b2d4,1755707973852,"2025-08-20 22:09:33",600.0,,02380fa8-41a8-43fa-8e7b-2a579cfacfc2,Toxicity,Expense,Cash
0c76786e-09f7-4a30-a8ef-7b18cfff3134,1755707973852,"2025-08-20 22:09:33",850.0,,02380fa8-41a8-43fa-8e7b-2a579cfacfc2,Toxicity,Expense,Cash
65d928cb-c5ff-4ede-a7b1-23335ce132ab,1755707973852,"2025-08-20 22:09:33",500.0,,6b86fb91-20d2-4296-8fc0-11af8f5db354,Brewery,Expense,Cash
bed8b555-a7fd-4587-8ade-ffc482bcf226,1755691576851,"2025-08-20 17:36:16",900.0,,10000000-0000-0000-0000-000000000004,"Eating out",Expense,Cash
73f34277-38f1-4154-a757-0a765303fda6,1755687902031,"2025-08-20 16:35:02",360.0,,02380fa8-41a8-43fa-8e7b-2a579cfacfc2,Toxicity,Expense,Cash
929f0421-6302-45c3-828c-91f5311c7883,1755687902031,"2025-08-20 16:35:02",200.0,,6b86fb91-20d2-4296-8fc0-11af8f5db354,Brewery,Expense,Cash
74d9cc75-2992-4ac5-9353-df9619e147fb,1755687902031,"2025-08-20 16:35:02",1250.0,,10000000-0000-0000-0000-000000000004,"Eating out",Expense,Cash
1d91e1f5-57e5-43ad-9029-65b753d06df8,1755687902031,"2025-08-20 16:35:02",400.0,,6b86fb91-20d2-4296-8fc0-11af8f5db354,Brewery,Expense,Cash
c41b341d-bd13-425e-9bd5-4a62ddc5908a,1755687902031,"2025-08-20 16:35:02",1010.0,,02380fa8-41a8-43fa-8e7b-2a579cfacfc2,Toxicity,Expense,Cash
38534bd3-16cf-4de3-a159-d92a24462f6b,1755673880417,"2025-08-20 12:41:20",600.0,,02380fa8-41a8-43fa-8e7b-2a579cfacfc2,Toxicity,Expense,Cash
d98efe38-bf81-4f94-b410-6eb298d9c72a,1755605176851,"2025-08-19 17:36:16",1900.0,,02380fa8-41a8-43fa-8e7b-2a579cfacfc2,Toxicity,Expense,Cash
31b13013-f831-4d1e-90f3-3bf5aad616fe,1755605176851,"2025-08-19 17:36:16",360.0,,02380fa8-41a8-43fa-8e7b-2a579cfacfc2,Toxicity,Expense,Cash
ee392315-af71-494a-8770-dcef303163cc,1755605176851,"2025-08-19 17:36:16",400.0,,6b86fb91-20d2-4296-8fc0-11af8f5db354,Brewery,Expense,Cash
8f63f5b2-0415-4576-a8e6-b14accb621ac,1755605176851,"2025-08-19 17:36:16",5670.0,,968edc2b-7a45-41ec-8be9-e213be5528f8,Fuel,Expense,Cash
520ac8bf-b1d4-4275-9215-95d5a23113a9,1755605176851,"2025-08-19 17:36:16",260.0,,6b86fb91-20d2-4296-8fc0-11af8f5db354,Brewery,Expense,Cash
4cb5df58-4090-4611-a95e-b260e78681da,1755605176851,"2025-08-19 17:36:16",200.0,,02380fa8-41a8-43fa-8e7b-2a579cfacfc2,Toxicity,Expense,Cash
73357ad0-bfec-4e57-b042-f55e27056334,1755541016787,"2025-08-18 23:46:56",360.0,,02380fa8-41a8-43fa-8e7b-2a579cfacfc2,Toxicity,Expense,Cash
b0bb83db-2038-496a-92d6-e9445573c5c1,1755525264443,"2025-08-18 19:24:24",360.0,,02380fa8-41a8-43fa-8e7b-2a579cfacfc2,Toxicity,Expense,Cash
5954c43e-4e12-459d-a48e-187e60820454,1755525264443,"2025-08-18 19:24:24",400.0,,6b86fb91-20d2-4296-8fc0-11af8f5db354,Brewery,Expense,Cash
ad4da849-0f6e-41f9-a148-e486dc337b19,1755525264443,"2025-08-18 19:24:24",150.0,,6b86fb91-20d2-4296-8fc0-11af8f5db354,Brewery,Expense,Cash
9f65db8e-0f45-48a4-a939-933d2cd2bfbd,1755525264443,"2025-08-18 19:24:24",100.0,,6b86fb91-20d2-4296-8fc0-11af8f5db354,Brewery,Expense,Cash
7f08dc51-cd26-4cc3-8f21-4e3550e73ada,1755525264443,"2025-08-18 19:24:24",380.0,,02380fa8-41a8-43fa-8e7b-2a579cfacfc2,Toxicity,Expense,Cash
3c39057f-9a41-4200-8c60-916d2c58d7e0,1755312116751,"2025-08-16 08:11:56",400.0,,6b86fb91-20d2-4296-8fc0-11af8f5db354,Brewery,Expense,Cash
d6614309-877a-4a4e-a7b3-9fdf5fe52ae8,1755253732507,"2025-08-15 15:58:52",400.0,,6b86fb91-20d2-4296-8fc0-11af8f5db354,Brewery,Expense,Cash
0da77fb5-8eff-4483-8172-e3d8f4dc3455,1755253732507,"2025-08-15 15:58:52",360.0,,02380fa8-41a8-43fa-8e7b-2a579cfacfc2,Toxicity,Expense,Cash
926b7a5d-93a8-4ec5-a515-46e27acbd838,1755253732507,"2025-08-15 15:58:52",400.0,,10000000-0000-0000-0000-000000000001,Food,Expense,Cash
0ce6cfb1-d4a2-4980-99ab-b534e1326915,1755183520446,"2025-08-14 20:28:40",360.0,,02380fa8-41a8-43fa-8e7b-2a579cfacfc2,Toxicity,Expense,Cash
6e633e08-c506-4c3e-bf78-a02b7f0f19aa,1755183520446,"2025-08-14 20:28:40",400.0,,6b86fb91-20d2-4296-8fc0-11af8f5db354,Brewery,Expense,Cash
b68eb46b-377b-4935-9f6d-873a442477d3,1755183520446,"2025-08-14 20:28:40",200.0,,10000000-0000-0000-0000-000000000001,Food,Expense,Cash
18c17537-830d-4c5a-9f58-c4cf3fcf0709,1755183520446,"2025-08-14 20:28:40",600.0,,02380fa8-41a8-43fa-8e7b-2a579cfacfc2,Toxicity,Expense,Cash
08d59cb9-f1c6-4184-bba4-b4869da422c0,1755152686902,"2025-08-14 11:54:46",600.0,,02380fa8-41a8-43fa-8e7b-2a579cfacfc2,Toxicity,Expense,Cash
24698217-2771-4340-93bc-db8be5c8f741,1755152686902,"2025-08-14 11:54:46",480.0,,02380fa8-41a8-43fa-8e7b-2a579cfacfc2,Toxicity,Expense,Cash
91f284ed-ec66-413a-9782-4f3c161623a1,1755152686902,"2025-08-14 11:54:46",1000.0,,10000000-0000-0000-0000-000000000002,House,Expense,Cash
efef26a7-5ff9-47ca-b10a-f1b5aecfb96b,1755152686902,"2025-08-14 11:54:46",360.0,,02380fa8-41a8-43fa-8e7b-2a579cfacfc2,Toxicity,Expense,Cash
66c14919-a963-412e-ac52-e987d1376a05,1755152686902,"2025-08-14 11:54:46",200.0,,6b86fb91-20d2-4296-8fc0-11af8f5db354,Brewery,Expense,Cash
295a5cec-3e45-4906-9bc4-f8715a045666,1755152686902,"2025-08-14 11:54:46",8140.0,,10000000-0000-0000-0000-000000000001,Food,Expense,Cash
ef46979c-9e91-42fd-a171-f81db8950e7a,1755105746010,"2025-08-13 22:52:26",540.0,,02380fa8-41a8-43fa-8e7b-2a579cfacfc2,Toxicity,Expense,Cash
912a6e37-a1f4-47f3-a40a-c9c999b4ca95,1755105746010,"2025-08-13 22:52:26",1300.0,,10000000-0000-0000-0000-000000000004,"Eating out",Expense,Cash
c364c216-fcac-4ef3-928f-eeca6a58c62a,1755074385870,"2025-08-13 14:09:45",960.0,,02380fa8-41a8-43fa-8e7b-2a579cfacfc2,Toxicity,Expense,Cash
bd8c1e63-909d-4120-9542-fe0efc8d05a7,1755074385870,"2025-08-13 14:09:45",400.0,,6b86fb91-20d2-4296-8fc0-11af8f5db354,Brewery,Expense,Cash
9db2d7d6-d838-4bb1-803f-0a7cf18e3aac,1755074385870,"2025-08-13 14:09:45",180.0,,02380fa8-41a8-43fa-8e7b-2a579cfacfc2,Toxicity,Expense,Cash
027154d3-aaee-424f-aef7-d7a3cff71bdd,1755074385870,"2025-08-13 14:09:45",200.0,,10000000-0000-0000-0000-000000000001,Food,Expense,Cash
2d1f667f-f096-45ed-9d25-2553dbb4ce3a,1755074385870,"2025-08-13 14:09:45",540.0,,02380fa8-41a8-43fa-8e7b-2a579cfacfc2,Toxicity,Expense,Cash
1f91a3aa-b126-48df-97b4-9cd8156b08a9,1755074385870,"2025-08-13 14:09:45",200.0,,6b86fb91-20d2-4296-8fc0-11af8f5db354,Brewery,Expense,Cash
7f79f4b5-055e-4c7d-b318-deedcfa35cca,1755025702160,"2025-08-13 00:38:22",2290.0,,10000000-0000-0000-0000-000000000004,"Eating out",Expense,Cash
9155a07a-e531-45ee-9abf-cca95cf97ee0,1755025702160,"2025-08-13 00:38:22",960.0,,02380fa8-41a8-43fa-8e7b-2a579cfacfc2,Toxicity,Expense,Cash
be135cb8-0ee5-4cf5-836f-95f2d273f2f9,1755013801049,"2025-08-12 21:20:01",54670.0,Rent,10000000-0000-0000-0000-000000000002,House,Expense,Cash
1a07cd8e-0891-4c98-ab4c-acd2c813aa7d,1754986961206,"2025-08-12 13:52:41",600.0,,02380fa8-41a8-43fa-8e7b-2a579cfacfc2,Toxicity,Expense,Cash
2293cc48-47d2-4960-8f2e-1baa0d3e76eb,1754986961206,"2025-08-12 13:52:41",750.0,,02380fa8-41a8-43fa-8e7b-2a579cfacfc2,Toxicity,Expense,Cash
4870813e-73b2-4a8d-b42e-a21128406741,1754986961206,"2025-08-12 13:52:41",360.0,,02380fa8-41a8-43fa-8e7b-2a579cfacfc2,Toxicity,Expense,Cash
8caa7864-1b8b-475f-8b5c-6117c15eff24,1754986961206,"2025-08-12 13:52:41",400.0,,6b86fb91-20d2-4296-8fc0-11af8f5db354,Brewery,Expense,Cash
609678b9-e66b-49a0-91d6-c920401adf67,1754986961206,"2025-08-12 13:52:41",1200.0,,10000000-0000-0000-0000-000000000004,"Eating out",Expense,Cash
6d9d0337-1360-40f4-8018-2ed604d8b919,1754986961206,"2025-08-12 13:52:41",200.0,,10000000-0000-0000-0000-000000000001,Food,Expense,Cash
e587d7c1-0bec-4bbb-9818-4d01b237ea3c,1754986961206,"2025-08-12 13:52:41",180.0,,02380fa8-41a8-43fa-8e7b-2a579cfacfc2,Toxicity,Expense,Cash
1cdfd0b2-43ba-4634-a5f6-88bd05f36962,1754986961206,"2025-08-12 13:52:41",750.0,,02380fa8-41a8-43fa-8e7b-2a579cfacfc2,Toxicity,Expense,Cash
05586df1-8278-4e8a-9040-4fedbc511225,1754927799201,"2025-08-11 21:26:39",2510.0,,10000000-0000-0000-0000-000000000004,"Eating out",Expense,Cash
3478bddf-9a38-4d63-a4a3-c0ad47046eca,1754893533693,"2025-08-11 11:55:33",840.0,,02380fa8-41a8-43fa-8e7b-2a579cfacfc2,Toxicity,Expense,Cash
70a07944-4da8-4f0a-8e41-b7ecdd3c6b88,1754893533693,"2025-08-11 11:55:33",190.0,,02380fa8-41a8-43fa-8e7b-2a579cfacfc2,Toxicity,Expense,Cash
a6e88fb5-83f6-4983-8542-e8f00dbdf190,1754893533693,"2025-08-11 11:55:33",400.0,,6b86fb91-20d2-4296-8fc0-11af8f5db354,Brewery,Expense,Cash
65b8e6bf-389a-44c3-bf68-c623a2670188,1754893533693,"2025-08-11 11:55:33",600.0,,10000000-0000-0000-0000-000000000004,"Eating out",Expense,Cash
8cfde7ba-3031-4b22-86a6-9faf8fa6690a,1754893533693,"2025-08-11 11:55:33",600.0,,02380fa8-41a8-43fa-8e7b-2a579cfacfc2,Toxicity,Expense,Cash
1c1913f5-a30f-486a-bae9-d905054a2266,1754893533693,"2025-08-11 11:55:33",4600.0,,10000000-0000-0000-0000-000000000001,Food,Expense,Cash
d027242d-8825-4435-b3cb-ddc0e55de51f,1754893533693,"2025-08-11 11:55:33",200.0,,6b86fb91-20d2-4296-8fc0-11af8f5db354,Brewery,Expense,Cash
040ce1b8-cfc0-4e80-b77f-26a5589bdb34,1754893533693,"2025-08-11 11:55:33",180.0,,02380fa8-41a8-43fa-8e7b-2a579cfacfc2,Toxicity,Expense,Cash
946c8103-e2c6-4df2-a909-5daf9564aa6c,1754893533693,"2025-08-11 11:55:33",3840.0,,10000000-0000-0000-0000-000000000002,House,Expense,Cash
155fb13d-b9b7-4124-bc44-28a8fa829b06,1754893533693,"2025-08-11 11:55:33",960.0,,02380fa8-41a8-43fa-8e7b-2a579cfacfc2,Toxicity,Expense,Cash
3407690a-e19f-404f-917f-5b24547d23b3,1754893533693,"2025-08-11 11:55:33",200.0,,10000000-0000-0000-0000-000000000001,Food,Expense,Cash
d130ad57-6265-4269-83a7-aef39a888994,1754811186688,"2025-08-10 13:03:06",500.0,,10000000-0000-0000-0000-000000000004,"Eating out",Expense,Cash
9fd49d08-9d6c-46d9-9225-93a3d5be4dd5,1754811186688,"2025-08-10 13:03:06",200.0,,10000000-0000-0000-0000-000000000005,Transport,Expense,Cash
b0e26c41-2d9f-47c7-a6e0-6b299dfd0c6a,1754728962510,"2025-08-09 14:12:42",600.0,,02380fa8-41a8-43fa-8e7b-2a579cfacfc2,Toxicity,Expense,Cash
7f4d379e-6311-4f58-86fe-e3a5dab125fb,1754728962510,"2025-08-09 14:12:42",600.0,,02380fa8-41a8-43fa-8e7b-2a579cfacfc2,Toxicity,Expense,Cash
3c465fb7-a157-4638-a691-bffa1b60f4d4,1754728962510,"2025-08-09 14:12:42",4740.0,,10000000-0000-0000-0000-000000000002,House,Expense,Cash
ab828645-3ce9-4d83-93e9-937e36229bd6,1754728962510,"2025-08-09 14:12:42",400.0,,6b86fb91-20d2-4296-8fc0-11af8f5db354,Brewery,Expense,Cash
8948533c-0850-441e-ac17-281db8cd132b,1754728962510,"2025-08-09 14:12:42",360.0,,02380fa8-41a8-43fa-8e7b-2a579cfacfc2,Toxicity,Expense,Cash
59f51a2d-35f6-4b72-ab92-d7573a2e8488,1754728962510,"2025-08-09 14:12:42",180.0,,02380fa8-41a8-43fa-8e7b-2a579cfacfc2,Toxicity,Expense,Cash
a7ac6008-f464-4283-8330-13ace40c9186,1754728962510,"2025-08-09 14:12:42",300.0,,02380fa8-41a8-43fa-8e7b-2a579cfacfc2,Toxicity,Expense,Cash
e664cbe4-4878-4a60-90a8-05d92d8ccdac,1754728962510,"2025-08-09 14:12:42",200.0,,6b86fb91-20d2-4296-8fc0-11af8f5db354,Brewery,Expense,Cash
758e998e-4fa2-434c-99d5-4e2ac07d92a4,1754728962510,"2025-08-09 14:12:42",660.0,,02380fa8-41a8-43fa-8e7b-2a579cfacfc2,Toxicity,Expense,Cash
83edcba2-bb6e-4727-bc86-2f2ee7c8babb,1754659644261,"2025-08-08 18:57:24",2340.0,,02380fa8-41a8-43fa-8e7b-2a579cfacfc2,Toxicity,Expense,Cash
1dea4b5b-e215-423c-bae3-5be149f6063c,1754659644261,"2025-08-08 18:57:24",1250.0,,10000000-0000-0000-0000-000000000004,"Eating out",Expense,Cash
433c9352-ccee-49aa-b206-c37b88363bcb,1754659644261,"2025-08-08 18:57:24",900.0,,02380fa8-41a8-43fa-8e7b-2a579cfacfc2,Toxicity,Expense,Cash
b134bd75-22ca-46ef-981f-a17b0c18e18c,1754659644261,"2025-08-08 18:57:24",200.0,,10000000-0000-0000-0000-000000000001,Food,Expense,Cash
a6b2977e-b7ea-40f1-b8fc-1f2e3ee2a074,1754659644261,"2025-08-08 18:57:24",180.0,,02380fa8-41a8-43fa-8e7b-2a579cfacfc2,Toxicity,Expense,Cash
22c17e9a-0314-46ca-9197-ecf0e2945bdb,1754659644261,"2025-08-08 18:57:24",400.0,,10000000-0000-0000-0000-000000000004,"Eating out",Expense,Cash
a329a071-b465-4a90-a29e-185f85007645,1754659644261,"2025-08-08 18:57:24",400.0,,6b86fb91-20d2-4296-8fc0-11af8f5db354,Brewery,Expense,Cash
546db233-05e1-4245-8118-d0183b46872e,1754659644261,"2025-08-08 18:57:24",600.0,,02380fa8-41a8-43fa-8e7b-2a579cfacfc2,Toxicity,Expense,Cash
e4b0d531-ea93-4bdf-b618-0a92dea54a54,1754620863322,"2025-08-08 08:11:03",720.0,,02380fa8-41a8-43fa-8e7b-2a579cfacfc2,Toxicity,Expense,Cash
3b24db35-327a-41f0-b680-8cc57a6cce4d,1754568859799,"2025-08-07 17:44:19",900.0,,10000000-0000-0000-0000-000000000004,"Eating out",Expense,Cash
8fda2d25-cfc9-4c94-9b06-90cdbef9a1be,1754568859799,"2025-08-07 17:44:19",540.0,,02380fa8-41a8-43fa-8e7b-2a579cfacfc2,Toxicity,Expense,Cash
132e6584-c62b-4125-a86b-e3e0f9369cab,1754568859799,"2025-08-07 17:44:19",300.0,,02380fa8-41a8-43fa-8e7b-2a579cfacfc2,Toxicity,Expense,Cash
8b5fc21e-aeea-45e9-a46f-c3dfb68051e9,1754568859799,"2025-08-07 17:44:19",5670.0,,968edc2b-7a45-41ec-8be9-e213be5528f8,Fuel,Expense,Cash
e901fc94-8ac4-48d0-9cac-a437369278b8,1754555693633,"2025-08-07 14:04:53",600.0,,02380fa8-41a8-43fa-8e7b-2a579cfacfc2,Toxicity,Expense,Cash
0a95ec53-3040-4184-a21d-7a21374fefa8,1754555693633,"2025-08-07 14:04:53",360.0,,02380fa8-41a8-43fa-8e7b-2a579cfacfc2,Toxicity,Expense,Cash
019d5298-2afd-42cc-8806-ab63eb9d7625,1754534463322,"2025-08-07 08:11:03",200.0,,10000000-0000-0000-0000-000000000001,Food,Expense,Cash
9f0a044b-5f0f-4bab-96b2-811b06a34a07,1754522995412,"2025-08-07 04:59:55",400.0,,6b86fb91-20d2-4296-8fc0-11af8f5db354,Brewery,Expense,Cash
6313d4b3-acfc-451c-9696-e776e64ddb10,1754502754835,"2025-08-06 23:22:34",200.0,,10000000-0000-0000-0000-000000000001,Food,Expense,Cash
e6c533f3-79c2-4ee2-8228-768113186acd,1754502754835,"2025-08-06 23:22:34",150.0,,6b86fb91-20d2-4296-8fc0-11af8f5db354,Brewery,Expense,Cash
47cb5e50-85d5-4758-8e91-39755bf9a0e3,1754502754835,"2025-08-06 23:22:34",150.0,,02380fa8-41a8-43fa-8e7b-2a579cfacfc2,Toxicity,Expense,Cash
f290b99c-9c78-44c1-9120-1e99048ca482,1754488681021,"2025-08-06 19:28:01",540.0,,02380fa8-41a8-43fa-8e7b-2a579cfacfc2,Toxicity,Expense,Cash
2ce536c3-c933-4410-9673-a1d6900837db,1754488681021,"2025-08-06 19:28:01",3000.0,"Haircut ",10000000-0000-0000-0000-000000000002,House,Expense,Cash
0c2c8829-4a0f-4d76-bfae-084de7e75def,1754413837168,"2025-08-05 22:40:37",660.0,,02380fa8-41a8-43fa-8e7b-2a579cfacfc2,Toxicity,Expense,Cash
d3f78125-6584-4bd0-8d79-3420624a1b2a,1754413837168,"2025-08-05 22:40:37",1200.0,,6b86fb91-20d2-4296-8fc0-11af8f5db354,Brewery,Expense,Cash
75ebebb8-e2a8-4095-8c50-a91d97bc30b2,1754413837168,"2025-08-05 22:40:37",300.0,,10000000-0000-0000-0000-000000000001,Food,Expense,Cash
a9a45c55-5128-4566-b0ba-535ad6a72ec9,1754383755401,"2025-08-05 14:19:15",100.0,,6b86fb91-20d2-4296-8fc0-11af8f5db354,Brewery,Expense,Cash
69ab9219-152c-425d-8376-89fee8abfbf7,1754383755401,"2025-08-05 14:19:15",180.0,,02380fa8-41a8-43fa-8e7b-2a579cfacfc2,Toxicity,Expense,Cash
a24c6f38-5cd0-40d4-a431-b16efbd5fea7,1754383755401,"2025-08-05 14:19:15",360.0,,02380fa8-41a8-43fa-8e7b-2a579cfacfc2,Toxicity,Expense,Cash
e3f6a1f5-03b0-4cd8-92fb-c478d50c756b,1754383755401,"2025-08-05 14:19:15",250.0,,6b86fb91-20d2-4296-8fc0-11af8f5db354,Brewery,Expense,Cash
10718921-f483-4c38-847d-2bbe5dd6ddff,1754383755401,"2025-08-05 14:19:15",360.0,,02380fa8-41a8-43fa-8e7b-2a579cfacfc2,Toxicity,Expense,Cash
caa12ac0-6ad8-45df-a6bf-05f94ef06f95,1754383755401,"2025-08-05 14:19:15",360.0,,02380fa8-41a8-43fa-8e7b-2a579cfacfc2,Toxicity,Expense,Cash
a92b0f24-68b8-4c05-9c52-479007d771fc,1754383755401,"2025-08-05 14:19:15",4870.0,,10000000-0000-0000-0000-000000000004,"Eating out",Expense,Cash
0f100d6a-1349-4c45-99cf-30477fd67506,1754360812424,"2025-08-05 07:56:52",600.0,,02380fa8-41a8-43fa-8e7b-2a579cfacfc2,Toxicity,Expense,Cash
fa2f23ef-fb35-4539-9297-6b43aec8331c,1754330225231,"2025-08-04 23:27:05",330.0,,02380fa8-41a8-43fa-8e7b-2a579cfacfc2,Toxicity,Expense,Cash
aab8a077-4c97-4c06-9e5d-416a8c94bf43,1754323564176,"2025-08-04 21:36:04",960.0,,02380fa8-41a8-43fa-8e7b-2a579cfacfc2,Toxicity,Expense,Cash
6f2adb79-5493-4b53-983e-7921663bd404,1754271890589,"2025-08-04 07:14:50",180.0,,02380fa8-41a8-43fa-8e7b-2a579cfacfc2,Toxicity,Expense,Cash
84a4ae3a-6822-4e70-a75c-3615515d986b,1754267034057,"2025-08-04 05:53:54",510.0,,02380fa8-41a8-43fa-8e7b-2a579cfacfc2,Toxicity,Expense,Cash
63119ddb-7c4a-497d-a22c-0ef7a3aea02f,1754267034057,"2025-08-04 05:53:54",400.0,,6b86fb91-20d2-4296-8fc0-11af8f5db354,Brewery,Expense,Cash
8afc29b7-5024-4142-984c-c984b06e68af,1754242048730,"2025-08-03 22:57:28",600.0,,02380fa8-41a8-43fa-8e7b-2a579cfacfc2,Toxicity,Expense,Cash
2a8b7cef-1cb7-48a9-8992-3cf67d1a4c5e,1754209454080,"2025-08-03 13:54:14",15880.0,,02380fa8-41a8-43fa-8e7b-2a579cfacfc2,Toxicity,Expense,Cash
06c08a80-ba45-42d3-b010-0e69b3aae01b,1754209454080,"2025-08-03 13:54:14",150.0,,6b86fb91-20d2-4296-8fc0-11af8f5db354,Brewery,Expense,Cash
2bfb9a8a-2234-428f-b71f-893e759f0878,1754209454080,"2025-08-03 13:54:14",11800.0,,10000000-0000-0000-0000-000000000001,Food,Expense,Cash
50c175f8-8cf6-4c55-b17d-5be117fb8f45,1754209454080,"2025-08-03 13:54:14",720.0,,02380fa8-41a8-43fa-8e7b-2a579cfacfc2,Toxicity,Expense,Cash
c094e4eb-0623-4ae4-af5b-06e6d1efd09f,1754209454080,"2025-08-03 13:54:14",200.0,,6b86fb91-20d2-4296-8fc0-11af8f5db354,Brewery,Expense,Cash
f51c886c-9103-4b60-9438-4683f0c94dc0,1754175733042,"2025-08-03 04:32:13",600.0,,02380fa8-41a8-43fa-8e7b-2a579cfacfc2,Toxicity,Expense,Cash
9879882e-298c-4967-a03b-dc5edfe33079,1754155187453,"2025-08-02 22:49:47",1440.0,,02380fa8-41a8-43fa-8e7b-2a579cfacfc2,Toxicity,Expense,Cash
918e8538-cc14-427a-946e-da77331d535c,1754120954625,"2025-08-02 13:19:14",600.0,,02380fa8-41a8-43fa-8e7b-2a579cfacfc2,Toxicity,Expense,Cash
768c5a22-fa73-40be-a753-38422c667772,1754120954625,"2025-08-02 13:19:14",400.0,,6b86fb91-20d2-4296-8fc0-11af8f5db354,Brewery,Expense,Cash
6bfaac78-a14d-4617-934d-1934899813cf,1754120954625,"2025-08-02 13:19:14",200.0,,10000000-0000-0000-0000-000000000001,Food,Expense,Cash
675430e1-59a9-4551-a71d-9328bfbb8ebf,1754120954625,"2025-08-02 13:19:14",540.0,,02380fa8-41a8-43fa-8e7b-2a579cfacfc2,Toxicity,Expense,Cash
d3ed7558-cb22-4ce0-8a51-66f1dc8980c6,1754086410543,"2025-08-02 03:43:30",250.0,,6b86fb91-20d2-4296-8fc0-11af8f5db354,Brewery,Expense,Cash
fa431732-2559-4702-b04f-cb66f008589f,1754086410543,"2025-08-02 03:43:30",200.0,,02380fa8-41a8-43fa-8e7b-2a579cfacfc2,Toxicity,Expense,Cash
70d39f78-a4e9-40f7-a554-ab6d224dd7e2,1754067474087,"2025-08-01 22:27:54",200.0,,10000000-0000-0000-0000-000000000001,Food,Expense,Cash
65d69544-343c-4294-8040-ad1ac721da37,1754067474087,"2025-08-01 22:27:54",600.0,,02380fa8-41a8-43fa-8e7b-2a579cfacfc2,Toxicity,Expense,Cash
b6b93b6a-6db9-461b-8495-b2ed1da226f4,1754056760708,"2025-08-01 19:29:20",5670.0,,968edc2b-7a45-41ec-8be9-e213be5528f8,Fuel,Expense,Cash
10816864-0486-424d-8782-d1b288b9854d,1754056760708,"2025-08-01 19:29:20",700.0,,02380fa8-41a8-43fa-8e7b-2a579cfacfc2,Toxicity,Expense,Cash
99b70a1d-b2c9-4bdd-85cd-1de52a2d94bf,1754038980957,"2025-08-01 14:33:00",500.0,,6b86fb91-20d2-4296-8fc0-11af8f5db354,Brewery,Expense,Cash
85eb0460-d3d0-4d99-b5e1-b8cd3a4f4faa,1753999393515,"2025-08-01 03:33:13",200.0,,02380fa8-41a8-43fa-8e7b-2a579cfacfc2,Toxicity,Expense,Cash
48b9d0e6-2b58-408d-820d-47e0c2bea6dd,1753966120790,"2025-07-31 18:18:40",800.0,,02380fa8-41a8-43fa-8e7b-2a579cfacfc2,Toxicity,Expense,Cash
2c4e8574-b199-49f5-85e6-7070bb02a8b3,1753954484031,"2025-07-31 15:04:44",200.0,,6b86fb91-20d2-4296-8fc0-11af8f5db354,Brewery,Expense,Cash
e84c289e-ac52-4598-8c30-6dbb8e1b1874,1753954484031,"2025-07-31 15:04:44",180.0,,02380fa8-41a8-43fa-8e7b-2a579cfacfc2,Toxicity,Expense,Cash
de12265e-e34c-4835-842d-ed73e14f1e1f,1753954484031,"2025-07-31 15:04:44",200.0,,6b86fb91-20d2-4296-8fc0-11af8f5db354,Brewery,Expense,Cash
b6b01dc7-171e-4747-ba2b-f2bb01dfe290,1753954484031,"2025-07-31 15:04:44",300.0,,02380fa8-41a8-43fa-8e7b-2a579cfacfc2,Toxicity,Expense,Cash
68125dc2-6186-45fb-bc2c-30685d608a56,1753954484031,"2025-07-31 15:04:44",240.0,,02380fa8-41a8-43fa-8e7b-2a579cfacfc2,Toxicity,Expense,Cash
28198c08-4075-4f2a-8e8e-a9431c689209,1753954484031,"2025-07-31 15:04:44",200.0,,10000000-0000-0000-0000-000000000001,Food,Expense,Cash
830fcefb-b3eb-42bc-b0f8-923f4d963714,1753954484031,"2025-07-31 15:04:44",200.0,,6b86fb91-20d2-4296-8fc0-11af8f5db354,Brewery,Expense,Cash
fb849e7c-c76c-41c2-9e3a-97574c65c7ba,1753954484031,"2025-07-31 15:04:44",500.0,,02380fa8-41a8-43fa-8e7b-2a579cfacfc2,Toxicity,Expense,Cash
c18e5a62-f1b8-4f29-9a5a-def742b5700b,1753947156746,"2025-07-31 13:02:36",3140.0,,02380fa8-41a8-43fa-8e7b-2a579cfacfc2,Toxicity,Expense,Cash
3bde0ebf-e1e6-493d-a9f4-817534c49702,1753879720790,"2025-07-30 18:18:40",200.0,,10000000-0000-0000-0000-000000000004,"Eating out",Expense,Cash
25894489-bda1-4b46-8465-7b19005eaf7d,1753879720790,"2025-07-30 18:18:40",200.0,,6b86fb91-20d2-4296-8fc0-11af8f5db354,Brewery,Expense,Cash
d1957fa1-0345-4622-9db7-27abac015a8a,1753879720790,"2025-07-30 18:18:40",590.0,,02380fa8-41a8-43fa-8e7b-2a579cfacfc2,Toxicity,Expense,Cash
baf2e9f3-b591-4afd-8c60-17eea1d7b9a1,1753879720790,"2025-07-30 18:18:40",6000.0,,02380fa8-41a8-43fa-8e7b-2a579cfacfc2,Toxicity,Expense,Cash
af065d58-3f15-4680-ae49-2008afc3c9fd,1753879720790,"2025-07-30 18:18:40",150.0,,6b86fb91-20d2-4296-8fc0-11af8f5db354,Brewery,Expense,Cash
e2dc1a28-dffd-4257-825a-dd65fc4f2697,1753876755097,"2025-07-30 17:29:15",5990.0,,10000000-0000-0000-0000-000000000004,"Eating out",Expense,Cash
b86cd7f1-4a39-400f-a4be-34868a8abd39,1753821839685,"2025-07-30 02:13:59",2410.0,,10000000-0000-0000-0000-000000000004,"Eating out",Expense,Cash
22350f79-fcf0-40fe-b177-10a695117fe2,1753795896390,"2025-07-29 19:01:36",500.0,,6b86fb91-20d2-4296-8fc0-11af8f5db354,Brewery,Expense,Cash
78576bfb-f2f7-4d77-a6aa-e1dce56b1b32,1753795896390,"2025-07-29 19:01:36",360.0,,02380fa8-41a8-43fa-8e7b-2a579cfacfc2,Toxicity,Expense,Cash
0cebfc9f-f2ca-42e7-9646-89bc2278fe1f,1753795896390,"2025-07-29 19:01:36",530.0,,02380fa8-41a8-43fa-8e7b-2a579cfacfc2,Toxicity,Expense,Cash
69558b80-119e-4257-95dd-8507d9d263dd,1753771646936,"2025-07-29 12:17:26",600.0,,02380fa8-41a8-43fa-8e7b-2a579cfacfc2,Toxicity,Expense,Cash
aa27ad96-47f2-4b9c-9c33-25c97cd1f451,1753771646936,"2025-07-29 12:17:26",200.0,,10000000-0000-0000-0000-000000000004,"Eating out",Expense,Cash
34ffe0fe-a60a-4c6c-8b71-888d2c53b950,1753708809834,"2025-07-28 18:50:09",1570.0,,02380fa8-41a8-43fa-8e7b-2a579cfacfc2,Toxicity,Expense,Cash
b29039d3-95b8-4d7f-a12a-48360a1cce88,1753708809834,"2025-07-28 18:50:09",100.0,,6b86fb91-20d2-4296-8fc0-11af8f5db354,Brewery,Expense,Cash
9c38dd9a-770d-4fa4-9078-baf50ff19cf2,1753708809834,"2025-07-28 18:50:09",6540.0,,10000000-0000-0000-0000-000000000001,Food,Expense,Cash
cbbb284e-f078-4d0f-b8d1-8ed5983cc41e,1753708809834,"2025-07-28 18:50:09",360.0,,02380fa8-41a8-43fa-8e7b-2a579cfacfc2,Toxicity,Expense,Cash
347028b1-eece-4f4b-a2cf-91a2f8408f68,1753708809834,"2025-07-28 18:50:09",700.0,,10000000-0000-0000-0000-000000000004,"Eating out",Expense,Cash
18f0ca81-534f-4357-944c-1692989e985b,1753708809834,"2025-07-28 18:50:09",400.0,,6b86fb91-20d2-4296-8fc0-11af8f5db354,Brewery,Expense,Cash
10bd8ef9-5001-48a3-ac9e-eb7544969c4b,1753708809834,"2025-07-28 18:50:09",1200.0,,02380fa8-41a8-43fa-8e7b-2a579cfacfc2,Toxicity,Expense,Cash
db02de07-2bd8-44e3-9807-eab9e9c62dbf,1753708809834,"2025-07-28 18:50:09",200.0,,10000000-0000-0000-0000-000000000001,Food,Expense,Cash
3e95f33d-6925-4952-8cc1-7b8962f7ef4b,1753708809834,"2025-07-28 18:50:09",5670.0,,968edc2b-7a45-41ec-8be9-e213be5528f8,Fuel,Expense,Cash
bb12d717-a65b-4058-bbbb-c1d997b4375b,1753657362808,"2025-07-28 04:32:42",400.0,,6b86fb91-20d2-4296-8fc0-11af8f5db354,Brewery,Expense,Cash
31f8d374-625d-42f0-8e78-590ff27f831f,1753657362808,"2025-07-28 04:32:42",360.0,,02380fa8-41a8-43fa-8e7b-2a579cfacfc2,Toxicity,Expense,Cash
ed1be3f9-42a8-421d-bf5e-016e4368981a,1753657362808,"2025-07-28 04:32:42",1750.0,,10000000-0000-0000-0000-000000000004,"Eating out",Expense,Cash
254585de-5a16-4612-a9f7-1f272da7440c,1753619450130,"2025-07-27 18:00:50",930.0,,02380fa8-41a8-43fa-8e7b-2a579cfacfc2,Toxicity,Expense,Cash
80b07744-bf7f-4339-9329-1efdab6fa746,1753619450130,"2025-07-27 18:00:50",200.0,,6b86fb91-20d2-4296-8fc0-11af8f5db354,Brewery,Expense,Cash
3c43e827-09dd-41cc-bacc-3f76561925dc,1753619450130,"2025-07-27 18:00:50",180.0,,02380fa8-41a8-43fa-8e7b-2a579cfacfc2,Toxicity,Expense,Cash
a024072b-6a8b-4de1-a9f7-404c954b93a1,1753619450130,"2025-07-27 18:00:50",5670.0,,10000000-0000-0000-0000-000000000004,"Eating out",Expense,Cash
be608cec-7345-4e96-8d92-11a9b3bbcda5,1753619450130,"2025-07-27 18:00:50",460.0,,02380fa8-41a8-43fa-8e7b-2a579cfacfc2,Toxicity,Expense,Cash
30c2320a-bb6f-46b7-8677-b68950cfcddf,1753619450130,"2025-07-27 18:00:50",1000.0,,02380fa8-41a8-43fa-8e7b-2a579cfacfc2,Toxicity,Expense,Cash
78e13c1b-5eb9-4463-962d-6523bb76da40,1753596036853,"2025-07-27 11:30:36",600.0,,02380fa8-41a8-43fa-8e7b-2a579cfacfc2,Toxicity,Expense,Cash
a26b12e2-4774-44b5-b8fc-c7e0173c6753,1753596036853,"2025-07-27 11:30:36",600.0,,02380fa8-41a8-43fa-8e7b-2a579cfacfc2,Toxicity,Expense,Cash
cf1eff78-3fa2-42cc-841e-3f75c11e9e10,1753562599685,"2025-07-27 02:13:19",9090.0,,10000000-0000-0000-0000-000000000004,"Eating out",Expense,Cash
9b0dd84a-fd52-4941-bbd8-86ade80a1e4a,1753559812446,"2025-07-27 01:26:52",400.0,,02380fa8-41a8-43fa-8e7b-2a579cfacfc2,Toxicity,Expense,Cash
e4636472-ae2f-44de-add8-c05ba351bbcc,1753544472119,"2025-07-26 21:11:12",1200.0,,10000000-0000-0000-0000-000000000004,"Eating out",Expense,Cash
e84c9f5d-bd17-485f-9af3-68b67923f825,1753544472119,"2025-07-26 21:11:12",360.0,,02380fa8-41a8-43fa-8e7b-2a579cfacfc2,Toxicity,Expense,Cash
458a510b-234a-43d6-97b3-8ccc3442c404,1753544472119,"2025-07-26 21:11:12",600.0,,02380fa8-41a8-43fa-8e7b-2a579cfacfc2,Toxicity,Expense,Cash
1c56b143-030c-449a-a9fa-4cafc37aec0c,1753536359881,"2025-07-26 18:55:59",3100.0,,10000000-0000-0000-0000-000000000004,"Eating out",Expense,Cash
816fcb07-f743-4aa9-a488-3a50749a2ea2,1753536359881,"2025-07-26 18:55:59",600.0,,02380fa8-41a8-43fa-8e7b-2a579cfacfc2,Toxicity,Expense,Cash
c06fd716-7293-457f-a718-d2f8640bed8d,1753536359881,"2025-07-26 18:55:59",200.0,,6b86fb91-20d2-4296-8fc0-11af8f5db354,Brewery,Expense,Cash
223ab104-0a6d-409f-8b94-113b11701dcf,1753536359881,"2025-07-26 18:55:59",360.0,,02380fa8-41a8-43fa-8e7b-2a579cfacfc2,Toxicity,Expense,Cash
871d2cd2-fa6c-41f9-97c5-c4d016cf2616,1753484441538,"2025-07-26 04:30:41",2200.0,,10000000-0000-0000-0000-000000000004,"Eating out",Expense,Cash
4a8438d1-03be-4f43-9591-b99f36ff333e,1753484441538,"2025-07-26 04:30:41",700.0,,02380fa8-41a8-43fa-8e7b-2a579cfacfc2,Toxicity,Expense,Cash
f09228bb-26be-41f9-8934-798dd535499d,1753455996000,"2025-07-25 20:36:36",400.0,,6b86fb91-20d2-4296-8fc0-11af8f5db354,Brewery,Expense,Cash
4e5c5cb3-f535-4c95-a969-f352f3957979,1753455996000,"2025-07-25 20:36:36",720.0,,02380fa8-41a8-43fa-8e7b-2a579cfacfc2,Toxicity,Expense,Cash
67ed7774-2371-49d2-b8e9-51bc38950ba2,1753455996000,"2025-07-25 20:36:36",1300.0,,10000000-0000-0000-0000-000000000004,"Eating out",Expense,Cash
540417fa-fe2b-40ee-8c84-3d638185de7d,1753455996000,"2025-07-25 20:36:36",360.0,,02380fa8-41a8-43fa-8e7b-2a579cfacfc2,Toxicity,Expense,Cash
a89f3dc0-a231-4315-9c2e-fdf56fe7d39d,1753433817594,"2025-07-25 14:26:57",600.0,,02380fa8-41a8-43fa-8e7b-2a579cfacfc2,Toxicity,Expense,Cash
43fa45ad-260e-424a-bd57-326eece973b5,1753433817594,"2025-07-25 14:26:57",200.0,,10000000-0000-0000-0000-000000000004,"Eating out",Expense,Cash
ba039f8a-0032-4243-88c3-a29e3817c14e,1753347369679,"2025-07-24 14:26:09",360.0,,02380fa8-41a8-43fa-8e7b-2a579cfacfc2,Toxicity,Expense,Cash
319eb071-2968-4ffb-a758-8b8d3fd1fb1c,1753347369679,"2025-07-24 14:26:09",400.0,,6b86fb91-20d2-4296-8fc0-11af8f5db354,Brewery,Expense,Cash
da0ad8d3-5404-439a-bd03-8c4a3546cf84,1753347369679,"2025-07-24 14:26:09",5420.0,,10000000-0000-0000-0000-000000000004,"Eating out",Expense,Cash
e8d40835-d1ed-421d-b029-b63e65623db6,1753347369679,"2025-07-24 14:26:09",360.0,,02380fa8-41a8-43fa-8e7b-2a579cfacfc2,Toxicity,Expense,Cash
ce8e85ee-2e3e-4d40-b84c-e9384eb3248b,1753335161118,"2025-07-24 11:02:41",600.0,,02380fa8-41a8-43fa-8e7b-2a579cfacfc2,Toxicity,Expense,Cash
295bfcda-24ab-4015-b3b9-453705b16270,1753297365848,"2025-07-24 00:32:45",180.0,,02380fa8-41a8-43fa-8e7b-2a579cfacfc2,Toxicity,Expense,Cash
53663861-5c2b-4868-a2d4-67b3c633da6a,1753297365848,"2025-07-24 00:32:45",900.0,,10000000-0000-0000-0000-000000000004,"Eating out",Expense,Cash
2c912b60-3cab-400c-9267-dc6b5c10bc6a,1753283866173,"2025-07-23 20:47:46",150.0,,6b86fb91-20d2-4296-8fc0-11af8f5db354,Brewery,Expense,Cash
b1f37994-7003-4125-a155-dcfcb9d1cc5a,1753283866173,"2025-07-23 20:47:46",400.0,,6b86fb91-20d2-4296-8fc0-11af8f5db354,Brewery,Expense,Cash
dbe67276-92c3-4f69-985d-8cd31a2bf651,1753283866173,"2025-07-23 20:47:46",360.0,,02380fa8-41a8-43fa-8e7b-2a579cfacfc2,Toxicity,Expense,Cash
bd5bff48-c19c-480c-9162-4369f3a5ff46,1753283866173,"2025-07-23 20:47:46",860.0,,02380fa8-41a8-43fa-8e7b-2a579cfacfc2,Toxicity,Expense,Cash
54eebdeb-95f0-4039-a8d5-94d82480b899,1753283866173,"2025-07-23 20:47:46",750.0,,10000000-0000-0000-0000-000000000004,"Eating out",Expense,Cash
829432c6-f4f1-432f-b88c-2ef0164faf88,1753283866173,"2025-07-23 20:47:46",9790.0,,10000000-0000-0000-0000-000000000002,House,Expense,Cash
a63983b8-287b-419a-85bf-73e5d7dc8762,1753262646112,"2025-07-23 14:54:06",720.0,,02380fa8-41a8-43fa-8e7b-2a579cfacfc2,Toxicity,Expense,Cash
4a08df1e-c82a-48f6-bb4f-0f4807628b68,1753262646112,"2025-07-23 14:54:06",600.0,,02380fa8-41a8-43fa-8e7b-2a579cfacfc2,Toxicity,Expense,Cash
1abacffb-93ad-4995-963a-0b0f9b5a3686,1753262646112,"2025-07-23 14:54:06",180.0,,02380fa8-41a8-43fa-8e7b-2a579cfacfc2,Toxicity,Expense,Cash
36b41fae-53ef-4bb1-883f-5952ca0c1787,1753262646112,"2025-07-23 14:54:06",600.0,,02380fa8-41a8-43fa-8e7b-2a579cfacfc2,Toxicity,Expense,Cash
7cfc5c22-b0c9-42b1-b10d-3f0919a9f088,1753262646112,"2025-07-23 14:54:06",780.0,,10000000-0000-0000-0000-000000000005,Transport,Expense,Cash
9f968ab1-94e4-4086-926e-729cb78a02a6,1753187956837,"2025-07-22 18:09:16",700.0,,10000000-0000-0000-0000-000000000001,Food,Expense,Cash
f148b174-69e4-4436-b18f-166464a170b3,1753187956837,"2025-07-22 18:09:16",360.0,,02380fa8-41a8-43fa-8e7b-2a579cfacfc2,Toxicity,Expense,Cash
5d9bf1d3-1de5-4ed9-bb7d-0d24585d33b0,1753187956837,"2025-07-22 18:09:16",200.0,,6b86fb91-20d2-4296-8fc0-11af8f5db354,Brewery,Expense,Cash
696edca3-6729-4927-b27e-6f653616f0f5,1753187956837,"2025-07-22 18:09:16",600.0,,02380fa8-41a8-43fa-8e7b-2a579cfacfc2,Toxicity,Expense,Cash
65c29f5e-ac83-4d5a-a10a-76a9a9ca6603,1753187956837,"2025-07-22 18:09:16",750.0,,02380fa8-41a8-43fa-8e7b-2a579cfacfc2,Toxicity,Expense,Cash
093a2075-7008-4eb5-82a0-054c5bc0802d,1753187956837,"2025-07-22 18:09:16",150.0,,10000000-0000-0000-0000-000000000002,House,Expense,Cash
c7d188a8-4ac9-4d7c-bb9f-1eeaf48ae847,1753167300716,"2025-07-22 12:25:00",360.0,,02380fa8-41a8-43fa-8e7b-2a579cfacfc2,Toxicity,Expense,Cash
8de87119-5962-487b-b05f-c01d9957f04f,1753167300716,"2025-07-22 12:25:00",5670.0,,968edc2b-7a45-41ec-8be9-e213be5528f8,Fuel,Expense,Cash
fa8c29ee-f243-4942-9ac5-72f36a04db18,1753167300716,"2025-07-22 12:25:00",3280.0,,10000000-0000-0000-0000-000000000004,"Eating out",Expense,Cash
724a0a68-14ff-4c6a-8a69-61eb590afcd4,1753167300716,"2025-07-22 12:25:00",4140.0,,10000000-0000-0000-0000-000000000001,Food,Expense,Cash
63c84330-39a2-44ca-b958-f6d0c2617ca5,1753167300716,"2025-07-22 12:25:00",300.0,,02380fa8-41a8-43fa-8e7b-2a579cfacfc2,Toxicity,Expense,Cash
de1ead70-9daa-4c0c-9c95-213af6e4804a,1753167300716,"2025-07-22 12:25:00",1000.0,,10000000-0000-0000-0000-000000000002,House,Expense,Cash
50b554b0-d4a8-4127-9623-51c2c9dde537,1753167300716,"2025-07-22 12:25:00",200.0,,10000000-0000-0000-0000-000000000001,Food,Expense,Cash
cd65e1cc-5ac4-478f-a273-4e717005410f,1753167300716,"2025-07-22 12:25:00",360.0,,02380fa8-41a8-43fa-8e7b-2a579cfacfc2,Toxicity,Expense,Cash
dc441981-67fc-41e9-a1eb-f9fa8445ac08,1753163552139,"2025-07-22 11:22:32",600.0,,02380fa8-41a8-43fa-8e7b-2a579cfacfc2,Toxicity,Expense,Cash
9760ea20-f8e8-43c0-aa4e-16491d9292d3,1753099410130,"2025-07-21 17:33:30",600.0,,02380fa8-41a8-43fa-8e7b-2a579cfacfc2,Toxicity,Expense,Cash
fc5d22c9-6bb9-4bcb-a6ae-8f30392b85ea,1752980256210,"2025-07-20 08:27:36",360.0,,02380fa8-41a8-43fa-8e7b-2a579cfacfc2,Toxicity,Expense,Cash
5fe5192a-3a70-485c-bbc0-2ec3197245fb,1752980256210,"2025-07-20 08:27:36",600.0,,6b86fb91-20d2-4296-8fc0-11af8f5db354,Brewery,Expense,Cash
e9e2cadb-8b70-484a-a244-def53fd25383,1752980256210,"2025-07-20 08:27:36",1500.0,,10000000-0000-0000-0000-000000000004,"Eating out",Expense,Cash
9ae5e2c0-2040-4eaf-ad40-07ef1659c47a,1752980256210,"2025-07-20 08:27:36",360.0,,02380fa8-41a8-43fa-8e7b-2a579cfacfc2,Toxicity,Expense,Cash
e84eb3e9-1266-4801-82b4-b3eb442d3ecc,1752980256210,"2025-07-20 08:27:36",200.0,,6b86fb91-20d2-4296-8fc0-11af8f5db354,Brewery,Expense,Cash
73008135-01c7-49db-9d40-2f61b2f0590d,1752980256210,"2025-07-20 08:27:36",450.0,,02380fa8-41a8-43fa-8e7b-2a579cfacfc2,Toxicity,Expense,Cash
0a4754e2-33da-49a0-9c49-8bb54137046f,1752980256210,"2025-07-20 08:27:36",2980.0,,10000000-0000-0000-0000-000000000004,"Eating out",Expense,Cash
0391c093-9c0c-4d18-ade9-2c58f923a0cf,1752961079450,"2025-07-20 03:07:59",2000.0,,02380fa8-41a8-43fa-8e7b-2a579cfacfc2,Toxicity,Expense,Cash
85ed536e-966d-433c-9acd-7627c0e03365,1752906018427,"2025-07-19 11:50:18",600.0,,02380fa8-41a8-43fa-8e7b-2a579cfacfc2,Toxicity,Expense,Cash
55fdb666-6583-44c1-8ba1-3185a284ef05,1752882697821,"2025-07-19 05:21:37",2750.0,,d71face0-704a-49ff-8c96-9778abb5d2e3,Bike,Expense,Cash
050df890-f468-46e8-af67-8e4ce6ebb1a5,1752882697821,"2025-07-19 05:21:37",540.0,,02380fa8-41a8-43fa-8e7b-2a579cfacfc2,Toxicity,Expense,Cash
268a4aec-5cd7-4afe-bddb-3215124e9cf6,1752882697821,"2025-07-19 05:21:37",200.0,,6b86fb91-20d2-4296-8fc0-11af8f5db354,Brewery,Expense,Cash
04578b8e-bb85-4a1f-bb82-3ea85ef07a94,1752882697821,"2025-07-19 05:21:37",1650.0,,10000000-0000-0000-0000-000000000004,"Eating out",Expense,Cash
2e093ceb-e5eb-4171-925e-5fb667380a98,1752882697821,"2025-07-19 05:21:37",300.0,,02380fa8-41a8-43fa-8e7b-2a579cfacfc2,Toxicity,Expense,Cash
cec9e8f9-2d00-46b7-9654-2d27a1035b8a,1752874369301,"2025-07-19 03:02:49",2140.0,,10000000-0000-0000-0000-000000000004,"Eating out",Expense,Cash
6634d767-d5bd-4c82-b12e-64cf9a377c60,1752874369301,"2025-07-19 03:02:49",400.0,,6b86fb91-20d2-4296-8fc0-11af8f5db354,Brewery,Expense,Cash
e1ab0447-b3ac-4037-9e50-cd6862846815,1752874369301,"2025-07-19 03:02:49",200.0,,02380fa8-41a8-43fa-8e7b-2a579cfacfc2,Toxicity,Expense,Cash
24eeb79d-1b0a-4f38-a364-0ebc8b816475,1752861990819,"2025-07-18 23:36:30",780.0,,02380fa8-41a8-43fa-8e7b-2a579cfacfc2,Toxicity,Expense,Cash
1b90691c-1a23-4474-bec5-1ce1a8a7f144,1752861990819,"2025-07-18 23:36:30",200.0,,6b86fb91-20d2-4296-8fc0-11af8f5db354,Brewery,Expense,Cash
c5727c1b-b57c-44a6-948f-40ec51da825d,1752832696696,"2025-07-18 15:28:16",600.0,,02380fa8-41a8-43fa-8e7b-2a579cfacfc2,Toxicity,Expense,Cash
53318915-8449-4803-aa2e-6acaba1c7805,1752818626955,"2025-07-18 11:33:46",2560.0,,10000000-0000-0000-0000-000000000004,"Eating out",Expense,Cash
a851dbda-d7fc-4c8b-a125-0b60399f9ea6,1752818555011,"2025-07-18 11:32:35",600.0,,02380fa8-41a8-43fa-8e7b-2a579cfacfc2,Toxicity,Expense,Cash
a7f56095-3d0c-4068-a219-766be52c801f,1752750391742,"2025-07-17 16:36:31",300.0,,6b86fb91-20d2-4296-8fc0-11af8f5db354,Brewery,Expense,Cash
5a6c96be-0828-4e4c-8a7b-ef489837a66c,1752750391742,"2025-07-17 16:36:31",180.0,,02380fa8-41a8-43fa-8e7b-2a579cfacfc2,Toxicity,Expense,Cash
60355726-9628-4ea1-ae91-7dc1b260157a,1752750391742,"2025-07-17 16:36:31",1780.0,,10000000-0000-0000-0000-000000000004,"Eating out",Expense,Cash
d7304812-a347-44d7-b944-2467f3ae8941,1752750391742,"2025-07-17 16:36:31",540.0,,02380fa8-41a8-43fa-8e7b-2a579cfacfc2,Toxicity,Expense,Cash
02d5bc2b-851f-41e5-a9f0-013f50d161c5,1752750391742,"2025-07-17 16:36:31",150.0,,6b86fb91-20d2-4296-8fc0-11af8f5db354,Brewery,Expense,Cash
c3e3127b-1cbf-4f38-aa4e-24a10cd0badf,1752750391742,"2025-07-17 16:36:31",180.0,,02380fa8-41a8-43fa-8e7b-2a579cfacfc2,Toxicity,Expense,Cash
11007c72-345d-471c-b40d-70e8d7595151,1752750391742,"2025-07-17 16:36:31",200.0,,6b86fb91-20d2-4296-8fc0-11af8f5db354,Brewery,Expense,Cash
bef44580-8651-4d29-896a-7b5af1ede5f1,1752750391742,"2025-07-17 16:36:31",200.0,,10000000-0000-0000-0000-000000000001,Food,Expense,Cash
aeb14e21-e3fc-4db4-b1ec-a5762c1d107b,1752750391742,"2025-07-17 16:36:31",360.0,,02380fa8-41a8-43fa-8e7b-2a579cfacfc2,Toxicity,Expense,Cash
b50528bf-7517-4d28-b4a5-23a0480e315d,1752708201499,"2025-07-17 04:53:21",400.0,,6b86fb91-20d2-4296-8fc0-11af8f5db354,Brewery,Expense,Cash
edb00f57-10bb-4531-8edc-f55bf0cdd07d,1752708201499,"2025-07-17 04:53:21",450.0,,02380fa8-41a8-43fa-8e7b-2a579cfacfc2,Toxicity,Expense,Cash
33bd1732-25d5-430f-a4d4-320cdc032d5d,1752681944066,"2025-07-16 21:35:44",180.0,,02380fa8-41a8-43fa-8e7b-2a579cfacfc2,Toxicity,Expense,Cash
134507a3-9852-456e-b427-4e7a61d78efc,1752681944066,"2025-07-16 21:35:44",200.0,,6b86fb91-20d2-4296-8fc0-11af8f5db354,Brewery,Expense,Cash
1aafa4e6-2719-475f-8d5f-955efbecd3b7,1752681944066,"2025-07-16 21:35:44",720.0,,02380fa8-41a8-43fa-8e7b-2a579cfacfc2,Toxicity,Expense,Cash
2a256896-227b-4634-b528-582909f9b5fa,1752658647388,"2025-07-16 15:07:27",600.0,,02380fa8-41a8-43fa-8e7b-2a579cfacfc2,Toxicity,Expense,Cash
4ce4c422-28cf-459d-b5d6-fe79eb605bc2,1752658647388,"2025-07-16 15:07:27",720.0,,02380fa8-41a8-43fa-8e7b-2a579cfacfc2,Toxicity,Expense,Cash
de17e9a4-2253-411b-9bcf-e9ca0563b1ee,1752658647388,"2025-07-16 15:07:27",700.0,,10000000-0000-0000-0000-000000000004,"Eating out",Expense,Cash
891d48e1-07c5-437d-a0bd-2216b2e0d1b8,1752658647388,"2025-07-16 15:07:27",200.0,,10000000-0000-0000-0000-000000000001,Food,Expense,Cash
46e7fb35-6536-4e81-9acd-2f9bd6be523d,1752584457369,"2025-07-15 18:30:57",200.0,,6b86fb91-20d2-4296-8fc0-11af8f5db354,Brewery,Expense,Cash
cc34344f-6a10-4dc2-93ac-c901e2b24d24,1752548765470,"2025-07-15 08:36:05",370.0,,02380fa8-41a8-43fa-8e7b-2a579cfacfc2,Toxicity,Expense,Cash
c24497dc-976d-4ad4-8ab3-206aa01d61c5,1752548765470,"2025-07-15 08:36:05",100.0,,6b86fb91-20d2-4296-8fc0-11af8f5db354,Brewery,Expense,Cash
8f1dc258-0ea8-4a10-926b-50d2ca625e9a,1752517976438,"2025-07-15 00:02:56",900.0,,02380fa8-41a8-43fa-8e7b-2a579cfacfc2,Toxicity,Expense,Cash
a274be0f-4ac6-4985-a117-12705f486f1a,1752517976438,"2025-07-15 00:02:56",200.0,,6b86fb91-20d2-4296-8fc0-11af8f5db354,Brewery,Expense,Cash
571835d6-a1ce-455f-a114-91a39b86470a,1752517976438,"2025-07-15 00:02:56",580.0,,10000000-0000-0000-0000-000000000005,Transport,Expense,Cash
0b051f0c-dde6-4f34-af56-ccf056d9591e,1752517976438,"2025-07-15 00:02:56",500.0,,10000000-0000-0000-0000-000000000005,Transport,Expense,Cash
9794047c-fa06-465d-be7e-8ec2096cd5ba,1752505580916,"2025-07-14 20:36:20",360.0,,02380fa8-41a8-43fa-8e7b-2a579cfacfc2,Toxicity,Expense,Cash
d6020208-3bba-455c-91f2-a6f05d75cc59,1752498603635,"2025-07-14 18:40:03",360.0,,02380fa8-41a8-43fa-8e7b-2a579cfacfc2,Toxicity,Expense,Cash
9d5fc30e-e289-453e-8b5d-caf4e7d4717c,1752426776875,"2025-07-13 22:42:56",900.0,,02380fa8-41a8-43fa-8e7b-2a579cfacfc2,Toxicity,Expense,Cash
21e1578c-7f58-4700-aef7-42135d12c21f,1752426776875,"2025-07-13 22:42:56",5000.0,,968edc2b-7a45-41ec-8be9-e213be5528f8,Fuel,Expense,Cash
c7e32133-15ca-4c78-96aa-a4de5c35d2b5,1752401060595,"2025-07-13 15:34:20",900.0,,02380fa8-41a8-43fa-8e7b-2a579cfacfc2,Toxicity,Expense,Cash
2a3517f6-85fb-418f-a5a9-263d785dbc4d,1752401060595,"2025-07-13 15:34:20",600.0,,6b86fb91-20d2-4296-8fc0-11af8f5db354,Brewery,Expense,Cash
2a44ad44-b361-47d1-b2b8-04c8b8a3b331,1752343088844,"2025-07-12 23:28:08",1550.0,,10000000-0000-0000-0000-000000000005,Transport,Expense,Cash
9c401d99-1288-4def-9021-021f0ee3cafd,1752331168737,"2025-07-12 20:09:28",190.0,,02380fa8-41a8-43fa-8e7b-2a579cfacfc2,Toxicity,Expense,Cash
c0b5db8c-7a5e-4d0a-a2dc-dbf4809f6982,1752331168737,"2025-07-12 20:09:28",10050.0,,10000000-0000-0000-0000-000000000004,"Eating out",Expense,Cash
736988b9-9185-4aa6-a761-39284413e2f9,1752331168737,"2025-07-12 20:09:28",147370.0,,10000000-0000-0000-0000-000000000003,Car,Expense,Cash
d614cb86-3b60-4164-b7dd-86b5c1ac6c0f,1752331168737,"2025-07-12 20:09:28",180.0,,02380fa8-41a8-43fa-8e7b-2a579cfacfc2,Toxicity,Expense,Cash
a6e0d77f-ea02-4a9a-8c0f-1cfc4b1549c9,1752306198109,"2025-07-12 13:13:18",900.0,,02380fa8-41a8-43fa-8e7b-2a579cfacfc2,Toxicity,Expense,Cash
91e3c818-3f92-452e-bfe5-1ec9d88a89a0,1752222240098,"2025-07-11 13:54:00",370.0,,02380fa8-41a8-43fa-8e7b-2a579cfacfc2,Toxicity,Expense,Cash
80bf9bd8-786d-4ae4-86e4-24accfa8e248,1752222240098,"2025-07-11 13:54:00",190.0,,02380fa8-41a8-43fa-8e7b-2a579cfacfc2,Toxicity,Expense,Cash
6a52f9fd-9181-4fae-9a3a-4734d6f0b382,1752222240098,"2025-07-11 13:54:00",3000.0,,968edc2b-7a45-41ec-8be9-e213be5528f8,Fuel,Expense,Cash
ef35bde0-e4b7-4a1a-9a49-4dc52eed1516,1752222240098,"2025-07-11 13:54:00",900.0,,02380fa8-41a8-43fa-8e7b-2a579cfacfc2,Toxicity,Expense,Cash
0a1f9e0e-e8de-4e6f-8897-e82dfc1438d7,1752222240098,"2025-07-11 13:54:00",100.0,,10000000-0000-0000-0000-000000000004,"Eating out",Expense,Cash
ec276b57-8389-4e24-9969-5fbacaf0e9fb,1752222240098,"2025-07-11 13:54:00",650.0,,10000000-0000-0000-0000-000000000001,Food,Expense,Cash
bf2934b7-cdb7-473b-b5cf-25ddc83db1de,1752158326884,"2025-07-10 20:08:46",780.0,,02380fa8-41a8-43fa-8e7b-2a579cfacfc2,Toxicity,Expense,Cash
e5005cab-ac25-44d7-9643-6636341e4686,1752158326884,"2025-07-10 20:08:46",22960.0,,10000000-0000-0000-0000-000000000011,Deposits,Income,Cash
60185c01-5201-4f98-98ce-0b6c68cc3d44,1752158326884,"2025-07-10 20:08:46",54590.0,,10000000-0000-0000-0000-000000000002,House,Expense,Cash
7f5b463e-fb37-45f5-ad91-7eb7fa8783d0,1752018436067,"2025-07-09 05:17:16",600.0,,6b86fb91-20d2-4296-8fc0-11af8f5db354,Brewery,Expense,Cash
ac34b8a5-2079-4d20-9e18-2a4fe4989571,1752018436067,"2025-07-09 05:17:16",200.0,,6b86fb91-20d2-4296-8fc0-11af8f5db354,Brewery,Expense,Cash
d1716d05-7107-4dc1-a943-dfd68bbc35cf,1751985459875,"2025-07-08 20:07:39",720.0,,02380fa8-41a8-43fa-8e7b-2a579cfacfc2,Toxicity,Expense,Cash
bd92a049-5217-494f-bf1e-554fb03b8638,1751977025730,"2025-07-08 17:47:05",600.0,,02380fa8-41a8-43fa-8e7b-2a579cfacfc2,Toxicity,Expense,Cash
80492f44-9cc0-44fa-bca3-298c7b43950b,1751966640897,"2025-07-08 14:54:00",540.0,,02380fa8-41a8-43fa-8e7b-2a579cfacfc2,Toxicity,Expense,Cash
c899b89a-8cf5-489c-840e-a89c6a8b802d,1751919145914,"2025-07-08 01:42:25",2040.0,,10000000-0000-0000-0000-000000000004,"Eating out",Expense,Cash
0f0b72d8-4045-432b-86f4-dc123ca944cb,1751900775598,"2025-07-07 20:36:15",360.0,,02380fa8-41a8-43fa-8e7b-2a579cfacfc2,Toxicity,Expense,Cash
e7a49ce3-5028-417c-bbaa-30f039730d73,1751900775598,"2025-07-07 20:36:15",900.0,,02380fa8-41a8-43fa-8e7b-2a579cfacfc2,Toxicity,Expense,Cash
7433d8d8-0338-43c6-a283-37ce21533b95,1751900775598,"2025-07-07 20:36:15",200.0,,6b86fb91-20d2-4296-8fc0-11af8f5db354,Brewery,Expense,Cash
b596289f-542c-444f-9554-223b33bd7bf6,1751857413440,"2025-07-07 08:33:33",3200.0,,10000000-0000-0000-0000-000000000004,"Eating out",Expense,Cash
a9ce4d78-2663-4609-becf-914bf2a88690,1751857413440,"2025-07-07 08:33:33",2300.0,,02380fa8-41a8-43fa-8e7b-2a579cfacfc2,Toxicity,Expense,Cash
accd91ca-1d64-444b-9e79-2c640589158e,1751857413440,"2025-07-07 08:33:33",200.0,,6b86fb91-20d2-4296-8fc0-11af8f5db354,Brewery,Expense,Cash
450b3450-5d76-4f30-82d1-888fa2b40f99,1751857413440,"2025-07-07 08:33:33",180.0,,02380fa8-41a8-43fa-8e7b-2a579cfacfc2,Toxicity,Expense,Cash
3ea36e80-9a08-4915-9678-6ad0ec19dd14,1751857413440,"2025-07-07 08:33:33",3740.0,,10000000-0000-0000-0000-000000000002,House,Expense,Cash
cb6cd200-3d22-4fd2-8ed2-1b59fc686980,1751821710018,"2025-07-06 22:38:30",5670.0,,968edc2b-7a45-41ec-8be9-e213be5528f8,Fuel,Expense,Cash
6a9e8470-3f96-415e-820c-f1cfbd0e858c,1751821710018,"2025-07-06 22:38:30",780.0,,02380fa8-41a8-43fa-8e7b-2a579cfacfc2,Toxicity,Expense,Cash
ab0d1f26-90e1-4157-a736-361cf160ebdd,1751805954976,"2025-07-06 18:15:54",900.0,,02380fa8-41a8-43fa-8e7b-2a579cfacfc2,Toxicity,Expense,Cash
068748be-9222-415e-8d2e-9afcf91d54bf,1751805954976,"2025-07-06 18:15:54",2990.0,,10000000-0000-0000-0000-000000000002,House,Expense,Cash
d6915540-a55d-4d07-abb6-14cb2c33d744,1751758970646,"2025-07-06 05:12:50",200.0,,6b86fb91-20d2-4296-8fc0-11af8f5db354,Brewery,Expense,Cash
b5204319-5736-4c15-b32e-1fcb8036b97a,1751758970646,"2025-07-06 05:12:50",390.0,,02380fa8-41a8-43fa-8e7b-2a579cfacfc2,Toxicity,Expense,Cash
80251c17-c11c-4e96-b5fd-941593174ab5,1751741686655,"2025-07-06 00:24:46",760.0,,02380fa8-41a8-43fa-8e7b-2a579cfacfc2,Toxicity,Expense,Cash
b825d4a7-1bea-4713-85a0-565c397fbb4f,1751741686655,"2025-07-06 00:24:46",1990.0,,10000000-0000-0000-0000-000000000004,"Eating out",Expense,Cash
327db366-e48d-4097-af73-a5e901632b5c,1751720312127,"2025-07-05 18:28:32",390.0,,02380fa8-41a8-43fa-8e7b-2a579cfacfc2,Toxicity,Expense,Cash
870242a4-1c3a-4792-8034-c3522a9d6df9,1751720312127,"2025-07-05 18:28:32",180.0,,02380fa8-41a8-43fa-8e7b-2a579cfacfc2,Toxicity,Expense,Cash
e6623240-a062-4f04-b5fa-d1afebe4c548,1751720312127,"2025-07-05 18:28:32",100.0,,10000000-0000-0000-0000-000000000004,"Eating out",Expense,Cash
ae67d0a9-6f61-4c0c-b9a6-7047d44b9df8,1751720312127,"2025-07-05 18:28:32",700.0,,10000000-0000-0000-0000-000000000004,"Eating out",Expense,Cash
953f92e5-1088-40c0-b318-9f16748d624f,1751720312127,"2025-07-05 18:28:32",540.0,,02380fa8-41a8-43fa-8e7b-2a579cfacfc2,Toxicity,Expense,Cash
05ef2a16-a7d7-45ec-9f45-dd079c1f6450,1751677548724,"2025-07-05 06:35:48",1150.0,,10000000-0000-0000-0000-000000000004,"Eating out",Expense,Cash
2253a114-3dd6-4bed-a5dd-f7460a23e192,1751677548724,"2025-07-05 06:35:48",900.0,,02380fa8-41a8-43fa-8e7b-2a579cfacfc2,Toxicity,Expense,Cash
1efa0916-dbf0-444d-a46e-aae25abb7115,1751677548724,"2025-07-05 06:35:48",100.0,,6b86fb91-20d2-4296-8fc0-11af8f5db354,Brewery,Expense,Cash
8bd54ca8-1d10-4f4f-a768-02a0bea0e150,1751662141715,"2025-07-05 02:19:01",400.0,,02380fa8-41a8-43fa-8e7b-2a579cfacfc2,Toxicity,Expense,Cash
a2f91390-1a3c-46c8-a50b-3591d717f6f8,1751662141715,"2025-07-05 02:19:01",740.0,,02380fa8-41a8-43fa-8e7b-2a579cfacfc2,Toxicity,Expense,Cash
e0186b2b-c500-419d-946e-5f677c2a6f65,1751623832205,"2025-07-04 15:40:32",660.0,,02380fa8-41a8-43fa-8e7b-2a579cfacfc2,Toxicity,Expense,Cash
e9dcb147-6b99-4be6-8cc8-f09cd554ece3,1751623832205,"2025-07-04 15:40:32",1080.0,,02380fa8-41a8-43fa-8e7b-2a579cfacfc2,Toxicity,Expense,Cash
7f8b725c-ea8c-420f-a7b2-52cea8a571a1,1751623832205,"2025-07-04 15:40:32",150.0,,6b86fb91-20d2-4296-8fc0-11af8f5db354,Brewery,Expense,Cash
2c134373-7b12-4e67-8f18-5af5af942cbb,1751623832205,"2025-07-04 15:40:32",860.0,,02380fa8-41a8-43fa-8e7b-2a579cfacfc2,Toxicity,Expense,Cash
1b00b8f3-737a-477c-9c89-6dcdc03c0b59,1751614234363,"2025-07-04 13:00:34",2510.0,,10000000-0000-0000-0000-000000000004,"Eating out",Expense,Cash
5b552af6-f52a-4290-a85c-b9cf70384714,1751527834363,"2025-07-03 13:00:34",450.0,,02380fa8-41a8-43fa-8e7b-2a579cfacfc2,Toxicity,Expense,Cash
42c084ad-5138-4293-ae00-a168120beed9,1751527834363,"2025-07-03 13:00:34",2868.5,,10000000-0000-0000-0000-000000000001,Food,Expense,Cash
95b86f63-17c6-472c-b7fd-4c5628912820,1751527834363,"2025-07-03 13:00:34",540.0,,02380fa8-41a8-43fa-8e7b-2a579cfacfc2,Toxicity,Expense,Cash
df7e38ee-c4d0-4cb5-89ac-709059d0cdd3,1751527834363,"2025-07-03 13:00:34",540.0,,02380fa8-41a8-43fa-8e7b-2a579cfacfc2,Toxicity,Expense,Cash
37da72b7-b6e1-456d-a044-f758162bc9e3,1751527834363,"2025-07-03 13:00:34",600.0,,02380fa8-41a8-43fa-8e7b-2a579cfacfc2,Toxicity,Expense,Cash
7f51b7df-3a04-4e7f-891c-b134ba6d710a,1751527834363,"2025-07-03 13:00:34",700.0,,02380fa8-41a8-43fa-8e7b-2a579cfacfc2,Toxicity,Expense,Cash
22b96bb7-9f18-47a1-8416-c04f0ea2c169,1751527834363,"2025-07-03 13:00:34",250.0,,6b86fb91-20d2-4296-8fc0-11af8f5db354,Brewery,Expense,Cash
f4452c1f-019e-4ebc-902b-05790cdee800,1751472446586,"2025-07-02 21:37:26",360.0,,02380fa8-41a8-43fa-8e7b-2a579cfacfc2,Toxicity,Expense,Cash
f22a2126-8755-454e-8f38-07d4693db014,1751472446586,"2025-07-02 21:37:26",360.0,,02380fa8-41a8-43fa-8e7b-2a579cfacfc2,Toxicity,Expense,Cash
a17f038b-98d4-46d1-801a-822577ff527d,1751472446586,"2025-07-02 21:37:26",200.0,,10000000-0000-0000-0000-000000000001,Food,Expense,Cash
12d6c2d6-451f-4c17-a8fb-f7fc8d322831,1751472446586,"2025-07-02 21:37:26",570.0,,02380fa8-41a8-43fa-8e7b-2a579cfacfc2,Toxicity,Expense,Cash
29337fba-17bf-437c-9047-feb79d8201f4,1751437275023,"2025-07-02 11:51:15",900.0,,02380fa8-41a8-43fa-8e7b-2a579cfacfc2,Toxicity,Expense,Cash
4e32105c-f8f2-41cb-bf55-7f8f8e53c1a4,1751437275023,"2025-07-02 11:51:15",810.0,,02380fa8-41a8-43fa-8e7b-2a579cfacfc2,Toxicity,Expense,Cash
6a2ca191-0a89-4e91-aa5c-7bdc6f8dddea,1751437275023,"2025-07-02 11:51:15",150.0,,10000000-0000-0000-0000-000000000004,"Eating out",Expense,Cash
6d022000-bd7d-44b4-be9e-998921fe4268,1751437275023,"2025-07-02 11:51:15",830.0,,02380fa8-41a8-43fa-8e7b-2a579cfacfc2,Toxicity,Expense,Cash
60a3e4d3-f963-4349-9f70-20c5e1f825b6,1751437275023,"2025-07-02 11:51:15",360.0,,02380fa8-41a8-43fa-8e7b-2a579cfacfc2,Toxicity,Expense,Cash
307a2fa0-4844-431c-bb19-e33240e50ad4,1751437275023,"2025-07-02 11:51:15",200.0,,6b86fb91-20d2-4296-8fc0-11af8f5db354,Brewery,Expense,Cash
d1eb808d-5ef1-4e12-8cc8-729a60131258,1751437275023,"2025-07-02 11:51:15",150.0,,02380fa8-41a8-43fa-8e7b-2a579cfacfc2,Toxicity,Expense,Cash
2c867cbc-d57f-4d49-8efd-6e0f8396a9fe,1751382726401,"2025-07-01 20:42:06",1940.0,,02380fa8-41a8-43fa-8e7b-2a579cfacfc2,Toxicity,Expense,Cash
43435e40-1e1f-4953-ad4d-a7a3eb0dc613,1751382726401,"2025-07-01 20:42:06",200.0,,6b86fb91-20d2-4296-8fc0-11af8f5db354,Brewery,Expense,Cash
6edbc7c7-d449-4545-8266-e03590030983,1751382726401,"2025-07-01 20:42:06",200.0,,10000000-0000-0000-0000-000000000001,Food,Expense,Cash
9aad4fb7-c6c6-45b3-86c8-0261d1b240d2,1751382726401,"2025-07-01 20:42:06",5670.0,,968edc2b-7a45-41ec-8be9-e213be5528f8,Fuel,Expense,Cash
efc2007e-a951-4c3a-8425-674f5a2e87e3,1751315008796,"2025-07-01 01:53:28",1700.0,,02380fa8-41a8-43fa-8e7b-2a579cfacfc2,Toxicity,Expense,Cash
0384283b-e69f-4673-b631-1f5b92d18442,1751315008796,"2025-07-01 01:53:28",500.0,,6b86fb91-20d2-4296-8fc0-11af8f5db354,Brewery,Expense,Cash
98702e3b-5f6d-405a-9417-933fc95b5299,1751308187320,"2025-06-30 23:59:47",850.0,,02380fa8-41a8-43fa-8e7b-2a579cfacfc2,Toxicity,Expense,Cash
b31fa829-0e44-44a6-b035-ccda7806dfe4,1751308187320,"2025-06-30 23:59:47",700.0,,10000000-0000-0000-0000-000000000004,"Eating out",Expense,Cash
cf8877d6-aa60-4e78-8b16-449b3fa04a73,1751291850726,"2025-06-30 19:27:30",300.0,,6b86fb91-20d2-4296-8fc0-11af8f5db354,Brewery,Expense,Cash
6b218799-2634-42c0-86e8-ccdeff5706de,1751263469322,"2025-06-30 11:34:29",600.0,,02380fa8-41a8-43fa-8e7b-2a579cfacfc2,Toxicity,Expense,Cash
3af8d3d9-3061-441f-8153-57252794d577,1751263469322,"2025-06-30 11:34:29",1500.0,,6b86fb91-20d2-4296-8fc0-11af8f5db354,Brewery,Expense,Cash
654ef4d3-70ee-42e1-aafc-949a0969ed9f,1751263469322,"2025-06-30 11:34:29",200.0,,6b86fb91-20d2-4296-8fc0-11af8f5db354,Brewery,Expense,Cash
af888d4b-45b5-4e06-8962-e81d66c2e577,1751263469322,"2025-06-30 11:34:29",180.0,,02380fa8-41a8-43fa-8e7b-2a579cfacfc2,Toxicity,Expense,Cash
ace7e6de-3b47-433f-9fb6-df3bc887b3ac,1751263469322,"2025-06-30 11:34:29",360.0,,02380fa8-41a8-43fa-8e7b-2a579cfacfc2,Toxicity,Expense,Cash
e832dccf-523c-4980-b993-ac8145da2fd4,1751221787320,"2025-06-29 23:59:47",2550.0,,10000000-0000-0000-0000-000000000004,"Eating out",Expense,Cash
c06e8e32-afb1-4bf2-85bd-1c301011e487,1751221787320,"2025-06-29 23:59:47",1200.0,,02380fa8-41a8-43fa-8e7b-2a579cfacfc2,Toxicity,Expense,Cash
7f0de488-f0ad-42c0-8ba4-e1275c217616,1751164487433,"2025-06-29 08:04:47",600.0,,02380fa8-41a8-43fa-8e7b-2a579cfacfc2,Toxicity,Expense,Cash
739f0ab4-0ec7-46f3-bf03-85c9751e69c6,1751152794916,"2025-06-29 04:49:54",200.0,,6b86fb91-20d2-4296-8fc0-11af8f5db354,Brewery,Expense,Cash
321d0fbb-1d68-4bae-a88f-9a264c6804a6,1751152790926,"2025-06-29 04:49:50",190.0,,02380fa8-41a8-43fa-8e7b-2a579cfacfc2,Toxicity,Expense,Cash
2c9e466d-ae29-4c1a-b1b0-4d86b469a815,1751135387320,"2025-06-28 23:59:47",1890.0,,10000000-0000-0000-0000-000000000002,House,Expense,Cash
789e9829-cdef-46a3-bf96-ee0ee00d1d82,1751125605720,"2025-06-28 21:16:45",1200.0,,02380fa8-41a8-43fa-8e7b-2a579cfacfc2,Toxicity,Expense,Cash
53606da3-3c79-40da-9edc-22ab96c0edd4,1751125605720,"2025-06-28 21:16:45",7000.0,,02380fa8-41a8-43fa-8e7b-2a579cfacfc2,Toxicity,Expense,Cash
a1e653e9-06ba-469e-a0c9-d8aae3430c12,1751112011150,"2025-06-28 17:30:11",1550.0,,6b86fb91-20d2-4296-8fc0-11af8f5db354,Brewery,Expense,Cash
0e6f202e-4b5d-4175-bd28-ae919c23822a,1751112011150,"2025-06-28 17:30:11",360.0,,02380fa8-41a8-43fa-8e7b-2a579cfacfc2,Toxicity,Expense,Cash
2c33b5d0-bedb-445f-814c-ba2477dc216a,1751112011150,"2025-06-28 17:30:11",2090.0,,10000000-0000-0000-0000-000000000004,"Eating out",Expense,Cash
a119c1ac-89d7-4f55-9bed-942ba019b392,1751045958783,"2025-06-27 23:09:18",3300.0,,10000000-0000-0000-0000-000000000004,"Eating out",Expense,Cash
6f0312d4-cc23-4314-aa50-a917ed06a145,1751013484988,"2025-06-27 14:08:04",300.0,,02380fa8-41a8-43fa-8e7b-2a579cfacfc2,Toxicity,Expense,Cash
8f2284ed-d0d6-4bc5-8f26-ee0bc9e98d2d,1751013484988,"2025-06-27 14:08:04",600.0,,02380fa8-41a8-43fa-8e7b-2a579cfacfc2,Toxicity,Expense,Cash
aea7b209-b277-4ae9-b1f8-4976e77fbba2,1750978930538,"2025-06-27 04:32:10",1300.0,,02380fa8-41a8-43fa-8e7b-2a579cfacfc2,Toxicity,Expense,Cash
2ccbe229-c4df-41c9-b60d-5285ec192467,1750978930538,"2025-06-27 04:32:10",660.0,,02380fa8-41a8-43fa-8e7b-2a579cfacfc2,Toxicity,Expense,Cash
70be8278-a023-44e9-b301-215eebf2fb7d,1750978930538,"2025-06-27 04:32:10",300.0,,02380fa8-41a8-43fa-8e7b-2a579cfacfc2,Toxicity,Expense,Cash
0963ee65-6352-40e1-8b66-4a68cd4ce929,1750978930538,"2025-06-27 04:32:10",200.0,,6b86fb91-20d2-4296-8fc0-11af8f5db354,Brewery,Expense,Cash
d04526b0-802c-4151-9422-63454ca8cc6c,1750978930538,"2025-06-27 04:32:10",180.0,,02380fa8-41a8-43fa-8e7b-2a579cfacfc2,Toxicity,Expense,Cash
bfde31ab-2042-48d1-b18f-8de967a5fa6b,1750950270446,"2025-06-26 20:34:30",800.0,,02380fa8-41a8-43fa-8e7b-2a579cfacfc2,Toxicity,Expense,Cash
4dbbd103-8353-4750-8d47-8072197273b6,1750948486788,"2025-06-26 20:04:46",300.0,,02380fa8-41a8-43fa-8e7b-2a579cfacfc2,Toxicity,Expense,Cash
af9335cd-2524-44b0-bf45-d78b9777ca9e,1750948486788,"2025-06-26 20:04:46",150.0,,10000000-0000-0000-0000-000000000002,House,Expense,Cash
e5e35e5e-0ee7-47a8-adc0-4f4a0b315796,1750935676690,"2025-06-26 16:31:16",1260.0,,02380fa8-41a8-43fa-8e7b-2a579cfacfc2,Toxicity,Expense,Cash
ca395761-cb05-42a4-8da1-46831722ff1c,1750892530538,"2025-06-26 04:32:10",1200.0,,02380fa8-41a8-43fa-8e7b-2a579cfacfc2,Toxicity,Expense,Cash
7720c090-21ad-403e-82de-fa0161a8c53d,1750863870446,"2025-06-25 20:34:30",370.0,,6b86fb91-20d2-4296-8fc0-11af8f5db354,Brewery,Expense,Cash
46cb7d97-c196-4fb2-a5e3-f3b024de6c7d,1750785954812,"2025-06-24 22:55:54",750.0,,02380fa8-41a8-43fa-8e7b-2a579cfacfc2,Toxicity,Expense,Cash
b9b78839-ae73-4383-ad22-563795b8bb76,1750758392934,"2025-06-24 15:16:32",1200.0,,02380fa8-41a8-43fa-8e7b-2a579cfacfc2,Toxicity,Expense,Cash
8bbe940f-2507-4359-9fb8-a455b0921fee,1750758392934,"2025-06-24 15:16:32",360.0,,02380fa8-41a8-43fa-8e7b-2a579cfacfc2,Toxicity,Expense,Cash
2e053e12-7f21-4f10-94a4-b2f703ce6d79,1750699554812,"2025-06-23 22:55:54",5250.0,,10000000-0000-0000-0000-000000000004,"Eating out",Expense,Cash
9dc9dd96-225b-4b91-8871-c72c108a75b2,1750699554812,"2025-06-23 22:55:54",360.0,,02380fa8-41a8-43fa-8e7b-2a579cfacfc2,Toxicity,Expense,Cash
0d41345c-6a8d-4a0d-b881-e87b0c8cc9d2,1750699554812,"2025-06-23 22:55:54",150.0,,6b86fb91-20d2-4296-8fc0-11af8f5db354,Brewery,Expense,Cash
dfab26cd-ff5e-476b-9d6b-c04087a2a89c,1750680545437,"2025-06-23 17:39:05",300.0,,02380fa8-41a8-43fa-8e7b-2a579cfacfc2,Toxicity,Expense,Cash
02462004-703f-423c-9494-1f791d3e73e9,1750671992934,"2025-06-23 15:16:32",360.0,,02380fa8-41a8-43fa-8e7b-2a579cfacfc2,Toxicity,Expense,Cash
bb299bfa-04f5-4c7c-b8a3-d206f3a9c2bb,1750671992934,"2025-06-23 15:16:32",100.0,,10000000-0000-0000-0000-000000000004,"Eating out",Expense,Cash
251fd024-2345-4eb1-94e2-00b2251b34ad,1750611841488,"2025-06-22 22:34:01",360.0,,02380fa8-41a8-43fa-8e7b-2a579cfacfc2,Toxicity,Expense,Cash
5de6ad7e-0b99-4632-89a0-be506e40f49c,1750580697311,"2025-06-22 13:54:57",1590.0,,02380fa8-41a8-43fa-8e7b-2a579cfacfc2,Toxicity,Expense,Cash
cbce6303-e022-4ace-86ac-bdfccea497fb,1750544293935,"2025-06-22 03:48:13",1300.0,,02380fa8-41a8-43fa-8e7b-2a579cfacfc2,Toxicity,Expense,Cash
3d16e008-356b-4223-9816-414c62d1c6a3,1750514399710,"2025-06-21 19:29:59",360.0,,02380fa8-41a8-43fa-8e7b-2a579cfacfc2,Toxicity,Expense,Cash
d2232746-6b91-44e4-8566-7be5d0124a73,1750514399710,"2025-06-21 19:29:59",600.0,,02380fa8-41a8-43fa-8e7b-2a579cfacfc2,Toxicity,Expense,Cash
a4efc1db-4caa-4a9d-b10a-22219a6ea083,1750501592914,"2025-06-21 15:56:32",960.0,,02380fa8-41a8-43fa-8e7b-2a579cfacfc2,Toxicity,Expense,Cash
88b8ccae-46e5-435b-85c9-6e5323d074d9,1750431287565,"2025-06-20 20:24:47",300.0,,02380fa8-41a8-43fa-8e7b-2a579cfacfc2,Toxicity,Expense,Cash
35a2298e-b956-4cb3-8c7f-432b5de006f5,1750428313146,"2025-06-20 19:35:13",330.0,,02380fa8-41a8-43fa-8e7b-2a579cfacfc2,Toxicity,Expense,Cash
4c546717-d482-45c8-8b70-5c39c84a631c,1750428309780,"2025-06-20 19:35:09",1600.0,,10000000-0000-0000-0000-000000000004,"Eating out",Expense,Cash
82a29b8a-7aeb-4fb0-94d9-c5454d72127b,1750413364316,"2025-06-20 15:26:04",600.0,,02380fa8-41a8-43fa-8e7b-2a579cfacfc2,Toxicity,Expense,Cash
a2a89d62-6144-4655-a609-69489a5a4e78,1750412654563,"2025-06-20 15:14:14",100.0,,6b86fb91-20d2-4296-8fc0-11af8f5db354,Brewery,Expense,Cash
0f7cafa4-b5c2-408b-8911-45e58f15d73a,1750412639417,"2025-06-20 15:13:59",340.0,,02380fa8-41a8-43fa-8e7b-2a579cfacfc2,Toxicity,Expense,Cash
c25d239b-cd7b-4d35-a8f8-31349897f4bb,1750404927783,"2025-06-20 13:05:27",600.0,,02380fa8-41a8-43fa-8e7b-2a579cfacfc2,Toxicity,Expense,Cash
c88eb863-cbe5-4b6d-9651-85c0c1243d3d,1750359338979,"2025-06-20 00:25:38",5670.0,,968edc2b-7a45-41ec-8be9-e213be5528f8,Fuel,Expense,Cash
f4596ee5-60e6-4c7c-bfcd-f4b168eedad4,1750265897054,"2025-06-18 22:28:17",360.0,,02380fa8-41a8-43fa-8e7b-2a579cfacfc2,Toxicity,Expense,Cash
fd4a17a0-5065-45e1-877e-0d0779006a52,1750235383453,"2025-06-18 13:59:43",540.0,,02380fa8-41a8-43fa-8e7b-2a579cfacfc2,Toxicity,Expense,Cash
d1892dac-e8d1-47c0-9a4a-5e0130f9d67d,1750235383453,"2025-06-18 13:59:43",450.0,,02380fa8-41a8-43fa-8e7b-2a579cfacfc2,Toxicity,Expense,Cash
00d22518-c6a5-4a35-8cdb-4a1c33099d60,1750173965718,"2025-06-17 20:56:05",380.0,,02380fa8-41a8-43fa-8e7b-2a579cfacfc2,Toxicity,Expense,Cash
cb1d0a32-4249-41f2-825c-f4dd453bfa52,1750173965718,"2025-06-17 20:56:05",100.0,,6b86fb91-20d2-4296-8fc0-11af8f5db354,Brewery,Expense,Cash
db6a87c3-1935-4279-a287-6862e08974fd,1750173965718,"2025-06-17 20:56:05",1000.0,,10000000-0000-0000-0000-000000000004,"Eating out",Expense,Cash
9949d4a6-3721-408b-96b5-1112f8e23696,1750173965718,"2025-06-17 20:56:05",380.0,,02380fa8-41a8-43fa-8e7b-2a579cfacfc2,Toxicity,Expense,Cash
70d78783-b415-459f-bbe8-b79f02313b2c,1750173965718,"2025-06-17 20:56:05",200.0,,6b86fb91-20d2-4296-8fc0-11af8f5db354,Brewery,Expense,Cash
778e095b-c8ed-44c5-9a9d-507662014795,1750173965718,"2025-06-17 20:56:05",650.0,,02380fa8-41a8-43fa-8e7b-2a579cfacfc2,Toxicity,Expense,Cash
0a73e20c-0614-4460-ac97-40f3ad4c94fb,1750154005250,"2025-06-17 15:23:25",3140.0,,10000000-0000-0000-0000-000000000004,"Eating out",Expense,Cash
1d0f7dbd-5c6c-403d-8e5c-e66a5370d785,1750154005250,"2025-06-17 15:23:25",1540.0,,10000000-0000-0000-0000-000000000004,"Eating out",Expense,Cash
63ecad34-0f61-4df1-a182-43400af7b9c1,1750154005250,"2025-06-17 15:23:25",660.0,,02380fa8-41a8-43fa-8e7b-2a579cfacfc2,Toxicity,Expense,Cash
0060cbbf-47b7-4509-9c1a-ab4a36e69725,1749960767439,"2025-06-15 09:42:47",720.0,,02380fa8-41a8-43fa-8e7b-2a579cfacfc2,Toxicity,Expense,Cash
9459a7cc-1ec8-4204-ba79-48f0bec79adc,1749925800000,"2025-06-15 00:00:00",55900.0,Rent,10000000-0000-0000-0000-000000000002,House,Expense,Cash
76b17f72-669d-440d-9020-b75bb3bf4534,1749925800000,"2025-06-15 00:00:00",50000.0,,10000000-0000-0000-0000-000000000011,Deposits,Income,Cash
61b72848-d0e1-4466-85e7-43c9966163cd,1749874367439,"2025-06-14 09:42:47",5670.0,,968edc2b-7a45-41ec-8be9-e213be5528f8,Fuel,Expense,Cash
79f1c636-a86c-4779-b852-9a73ace594e7,1749874367439,"2025-06-14 09:42:47",540.0,,02380fa8-41a8-43fa-8e7b-2a579cfacfc2,Toxicity,Expense,Cash
56900ed5-a4c8-4a4a-a2a4-e6921b06fcbf,1749874367439,"2025-06-14 09:42:47",180.0,,02380fa8-41a8-43fa-8e7b-2a579cfacfc2,Toxicity,Expense,Cash
ca83ba4f-2445-4de7-a943-cf1e07688a03,1749842636631,"2025-06-14 00:53:56",4130.0,,10000000-0000-0000-0000-000000000004,"Eating out",Expense,Cash
6a246be7-12b5-4b1f-9aab-9f55712157c0,1749820052517,"2025-06-13 18:37:32",360.0,,02380fa8-41a8-43fa-8e7b-2a579cfacfc2,Toxicity,Expense,Cash
aebc5769-a8b8-459d-94fe-e9b617520817,1749820052517,"2025-06-13 18:37:32",100.0,,6b86fb91-20d2-4296-8fc0-11af8f5db354,Brewery,Expense,Cash
5b978c6b-f94c-4054-a67e-a5de957a4033,1749820052517,"2025-06-13 18:37:32",360.0,,02380fa8-41a8-43fa-8e7b-2a579cfacfc2,Toxicity,Expense,Cash
f928cce2-412d-4b4a-896a-d6cce25df0b8,1749820052517,"2025-06-13 18:37:32",100.0,,6b86fb91-20d2-4296-8fc0-11af8f5db354,Brewery,Expense,Cash
3f270831-a0e6-4de0-a0c8-8d4e61bf0924,1749820052517,"2025-06-13 18:37:32",360.0,,02380fa8-41a8-43fa-8e7b-2a579cfacfc2,Toxicity,Expense,Cash
f8fde65c-c33e-42ad-840e-c77d62c0723e,1749820052517,"2025-06-13 18:37:32",380.0,,10000000-0000-0000-0000-000000000004,"Eating out",Expense,Cash
61efc390-636a-4562-a36c-df7c6624bed8,1749794384989,"2025-06-13 11:29:44",380.0,,02380fa8-41a8-43fa-8e7b-2a579cfacfc2,Toxicity,Expense,Cash
3fe96448-041f-4a07-b2b1-6465120199ac,1749794384989,"2025-06-13 11:29:44",200.0,,6b86fb91-20d2-4296-8fc0-11af8f5db354,Brewery,Expense,Cash
9a267ebf-145a-4b8a-a3a1-e5c596ace8c9,1749769919802,"2025-06-13 04:41:59",400.0,,02380fa8-41a8-43fa-8e7b-2a579cfacfc2,Toxicity,Expense,Cash
6eb438f3-92c3-416f-ab1e-d4172f5cbcdf,1749769919802,"2025-06-13 04:41:59",200.0,,6b86fb91-20d2-4296-8fc0-11af8f5db354,Brewery,Expense,Cash
df059815-eaef-484b-a343-f703c346a38a,1749756992065,"2025-06-13 01:06:32",1150.0,,02380fa8-41a8-43fa-8e7b-2a579cfacfc2,Toxicity,Expense,Cash
d17e46d8-4044-40d6-b78a-9c2c9eca2a97,1749756236631,"2025-06-13 00:53:56",480.0,,02380fa8-41a8-43fa-8e7b-2a579cfacfc2,Toxicity,Expense,Cash
ba72fddb-373b-45b5-b88f-961a0b774f5e,1749756236631,"2025-06-13 00:53:56",850.0,,02380fa8-41a8-43fa-8e7b-2a579cfacfc2,Toxicity,Expense,Cash
d3df983d-7bf5-4940-a51a-46d03a7ca376,1749746552035,"2025-06-12 22:12:32",900.0,,02380fa8-41a8-43fa-8e7b-2a579cfacfc2,Toxicity,Expense,Cash
fe844077-d36f-4a31-8cae-00444f2eb3cf,1749746552035,"2025-06-12 22:12:32",1200.0,,02380fa8-41a8-43fa-8e7b-2a579cfacfc2,Toxicity,Expense,Cash
5183efbd-cf63-4ddf-8b45-7a3cf9745c1c,1749674124429,"2025-06-12 02:05:24",1200.0,,02380fa8-41a8-43fa-8e7b-2a579cfacfc2,Toxicity,Expense,Cash
61209b57-cc94-4832-8afd-00be3713404f,1749674124429,"2025-06-12 02:05:24",300.0,,6b86fb91-20d2-4296-8fc0-11af8f5db354,Brewery,Expense,Cash
1aa1d1ca-f907-4925-94f5-9eaee1df2cae,1749656990027,"2025-06-11 21:19:50",2830.0,,10000000-0000-0000-0000-000000000004,"Eating out",Expense,Cash
c67b44f4-6f11-425e-b485-bccda7be9f8d,1749640331623,"2025-06-11 16:42:11",360.0,,02380fa8-41a8-43fa-8e7b-2a579cfacfc2,Toxicity,Expense,Cash
eb7bfd0b-4a1f-4d35-960b-39425e01c06e,1749640331623,"2025-06-11 16:42:11",180.0,,02380fa8-41a8-43fa-8e7b-2a579cfacfc2,Toxicity,Expense,Cash
a24311c9-30d7-43b7-b3d8-6d254d98415d,1749627980631,"2025-06-11 13:16:20",600.0,,02380fa8-41a8-43fa-8e7b-2a579cfacfc2,Toxicity,Expense,Cash
e8bce96a-aa6b-4f97-938e-5c860df35595,1749570590027,"2025-06-10 21:19:50",980.0,,10000000-0000-0000-0000-000000000001,Food,Expense,Cash
2d26a80d-1afd-40cc-bcef-9fb90b8c5f46,1749570590027,"2025-06-10 21:19:50",500.0,,10000000-0000-0000-0000-000000000002,House,Expense,Cash
2525f0aa-c5ba-4290-b6c4-fff221c027cc,1749570590027,"2025-06-10 21:19:50",700.0,,02380fa8-41a8-43fa-8e7b-2a579cfacfc2,Toxicity,Expense,Cash
33e59a2c-a20b-41eb-8f66-7a0981089eb4,1749570590027,"2025-06-10 21:19:50",540.0,,02380fa8-41a8-43fa-8e7b-2a579cfacfc2,Toxicity,Expense,Cash
3c818bd4-499d-41c3-ac5f-d9837ae10e99,1749544302269,"2025-06-10 14:01:42",600.0,,02380fa8-41a8-43fa-8e7b-2a579cfacfc2,Toxicity,Expense,Cash
9339e5e0-a0a8-44f3-b42d-fefcbe952e30,1749458942814,"2025-06-09 14:19:02",600.0,,02380fa8-41a8-43fa-8e7b-2a579cfacfc2,Toxicity,Expense,Cash
e73eeeab-eedb-4df0-ad3b-d7fc48de52dd,1749458942814,"2025-06-09 14:19:02",540.0,,02380fa8-41a8-43fa-8e7b-2a579cfacfc2,Toxicity,Expense,Cash
fd891c8e-d3fd-4392-80e7-08ddffdb4a35,1749458942814,"2025-06-09 14:19:02",300.0,,10000000-0000-0000-0000-000000000004,"Eating out",Expense,Cash
ef2478c4-244b-43b4-b32e-e5664e637453,1749458942814,"2025-06-09 14:19:02",700.0,,02380fa8-41a8-43fa-8e7b-2a579cfacfc2,Toxicity,Expense,Cash
8a5c507a-49ec-4fae-9d51-b69a59d2a94c,1749413266623,"2025-06-09 01:37:46",3950.0,,10000000-0000-0000-0000-000000000004,"Eating out",Expense,Cash
598e8148-ca95-43d4-a19a-91825c13d40e,1749393335562,"2025-06-08 20:05:35",1400.0,,02380fa8-41a8-43fa-8e7b-2a579cfacfc2,Toxicity,Expense,Cash
4adf4e8d-e9e7-4a26-89b8-d91bc7d2a126,1749393335562,"2025-06-08 20:05:35",900.0,,02380fa8-41a8-43fa-8e7b-2a579cfacfc2,Toxicity,Expense,Cash
0006c6af-c163-4fbf-8b6b-dc533d5f16a7,1749393335562,"2025-06-08 20:05:35",5670.0,,968edc2b-7a45-41ec-8be9-e213be5528f8,Fuel,Expense,Cash
29642434-c240-4f3e-b78e-9d9c6a5be4e9,1749393335562,"2025-06-08 20:05:35",490.0,,6b86fb91-20d2-4296-8fc0-11af8f5db354,Brewery,Expense,Cash
f8a5a1c7-8f5c-4fa0-9658-746507217186,1749393335562,"2025-06-08 20:05:35",190.0,,02380fa8-41a8-43fa-8e7b-2a579cfacfc2,Toxicity,Expense,Cash
36029882-d846-4752-8b07-b64c92af5ebb,1749366093253,"2025-06-08 12:31:33",900.0,,02380fa8-41a8-43fa-8e7b-2a579cfacfc2,Toxicity,Expense,Cash
23727089-a50a-4497-9947-852a1438c215,1749280465377,"2025-06-07 12:44:25",540.0,,02380fa8-41a8-43fa-8e7b-2a579cfacfc2,Toxicity,Expense,Cash
d40b5491-784c-48af-99f7-fc69daad24dd,1749280465377,"2025-06-07 12:44:25",540.0,,02380fa8-41a8-43fa-8e7b-2a579cfacfc2,Toxicity,Expense,Cash
14c0c4ff-8582-4dbf-a6a6-ba93dde9f500,1749280465377,"2025-06-07 12:44:25",1000.0,,10000000-0000-0000-0000-000000000001,Food,Expense,Cash
0e6550fb-e599-4c54-bfd2-37b3e9f0d16a,1749280465377,"2025-06-07 12:44:25",830.0,,02380fa8-41a8-43fa-8e7b-2a579cfacfc2,Toxicity,Expense,Cash
51f20798-abdc-4883-b903-e676e919b1fd,1749280465377,"2025-06-07 12:44:25",1200.0,,02380fa8-41a8-43fa-8e7b-2a579cfacfc2,Toxicity,Expense,Cash
348c7cfb-e7aa-495d-b87d-f04a9e653968,1749280465377,"2025-06-07 12:44:25",300.0,,10000000-0000-0000-0000-000000000004,"Eating out",Expense,Cash
869d91a2-d94d-41f3-abdb-eb8222a942a1,1749280465377,"2025-06-07 12:44:25",11000.0,,10000000-0000-0000-0000-000000000004,"Eating out",Expense,Cash
47853f72-1511-4625-b37e-7515734e8ebe,1749222344731,"2025-06-06 20:35:44",180.0,,02380fa8-41a8-43fa-8e7b-2a579cfacfc2,Toxicity,Expense,Cash
52c63fe2-1c45-4b77-a16e-ba015d4f24e9,1749222344731,"2025-06-06 20:35:44",400.0,,10000000-0000-0000-0000-000000000001,Food,Expense,Cash
2011eed7-1807-4efc-9745-abae70f798be,1749222344731,"2025-06-06 20:35:44",1260.0,,02380fa8-41a8-43fa-8e7b-2a579cfacfc2,Toxicity,Expense,Cash
8f768cd7-cc9a-4799-a037-064920b35d6a,1749198945280,"2025-06-06 14:05:45",900.0,,02380fa8-41a8-43fa-8e7b-2a579cfacfc2,Toxicity,Expense,Cash
9d8c2981-4a42-496d-8d7d-f0ed683f119a,1749138322813,"2025-06-05 21:15:22",780.0,,02380fa8-41a8-43fa-8e7b-2a579cfacfc2,Toxicity,Expense,Cash
bd465a4c-0b4f-40b3-8494-73bd0d2aea96,1749138322813,"2025-06-05 21:15:22",150.0,,6b86fb91-20d2-4296-8fc0-11af8f5db354,Brewery,Expense,Cash
77ebbc62-f7be-485b-b412-2b2c966d1481,1749138322813,"2025-06-05 21:15:22",570.0,,02380fa8-41a8-43fa-8e7b-2a579cfacfc2,Toxicity,Expense,Cash
85d4fd64-5b50-496d-aa39-867cbeed999d,1749138322813,"2025-06-05 21:15:22",600.0,,02380fa8-41a8-43fa-8e7b-2a579cfacfc2,Toxicity,Expense,Cash
1bd823a6-d409-4166-bdb8-d00e49b8697b,1749115841455,"2025-06-05 15:00:41",900.0,,02380fa8-41a8-43fa-8e7b-2a579cfacfc2,Toxicity,Expense,Cash
fcc41cc6-1cc3-48a8-8d38-803545291a9c,1749115841455,"2025-06-05 15:00:41",200.0,,10000000-0000-0000-0000-000000000001,Food,Expense,Cash
c6389ec1-1a43-4a2f-bb67-0fe7861e837a,1749034530199,"2025-06-04 16:25:30",4200.0,,10000000-0000-0000-0000-000000000004,"Eating out",Expense,Cash
02d63b7d-ae03-457a-9757-b3abf607c3c1,1749034530199,"2025-06-04 16:25:30",1080.0,,02380fa8-41a8-43fa-8e7b-2a579cfacfc2,Toxicity,Expense,Cash
b12a7c51-b55d-40a8-9d9e-ee82d5049b2a,1749034530199,"2025-06-04 16:25:30",720.0,,02380fa8-41a8-43fa-8e7b-2a579cfacfc2,Toxicity,Expense,Cash
0fdd48b1-e41a-404e-8d42-3c8d72ba93eb,1749034530199,"2025-06-04 16:25:30",950.0,,02380fa8-41a8-43fa-8e7b-2a579cfacfc2,Toxicity,Expense,Cash
810a301c-783c-4153-8866-7ffdef181c1b,1749034530199,"2025-06-04 16:25:30",250.0,,6b86fb91-20d2-4296-8fc0-11af8f5db354,Brewery,Expense,Cash
3b17f63b-fddf-4ba5-aebd-bb4e4ff7f028,1748965494515,"2025-06-03 21:14:54",1130.0,,02380fa8-41a8-43fa-8e7b-2a579cfacfc2,Toxicity,Expense,Cash
98689b8d-238c-4e9a-aab4-5b118e618a7a,1748965494515,"2025-06-03 21:14:54",750.0,,02380fa8-41a8-43fa-8e7b-2a579cfacfc2,Toxicity,Expense,Cash
2ea8d5f7-f4eb-40f4-91e3-cefc831e71b8,1748919131329,"2025-06-03 08:22:11",750.0,,02380fa8-41a8-43fa-8e7b-2a579cfacfc2,Toxicity,Expense,Cash
3252936e-e999-474b-a898-00562b52d77d,1748862964320,"2025-06-02 16:46:04",8030.0,,10000000-0000-0000-0000-000000000002,House,Expense,Cash
286f913c-6a52-4b8b-99d5-c23bc2e9c282,1748862964320,"2025-06-02 16:46:04",1580.0,,02380fa8-41a8-43fa-8e7b-2a579cfacfc2,Toxicity,Expense,Cash
80e1f94a-3bb4-4702-a6d0-5b850462abb5,1748862964320,"2025-06-02 16:46:04",200.0,,6b86fb91-20d2-4296-8fc0-11af8f5db354,Brewery,Expense,Cash
a1f1458d-a494-4252-a60a-fcaa88852aa0,1748833083226,"2025-06-02 08:28:03",2240.0,,02380fa8-41a8-43fa-8e7b-2a579cfacfc2,Toxicity,Expense,Cash
412421d0-8e3d-4b13-83c0-a0930471acd2,1748832731329,"2025-06-02 08:22:11",5670.0,,968edc2b-7a45-41ec-8be9-e213be5528f8,Fuel,Expense,Cash
9ef63e42-a96a-4cca-bcc5-17ce0e4294d8,1748801817321,"2025-06-01 23:46:57",5120.0,,10000000-0000-0000-0000-000000000004,"Eating out",Expense,Cash
3fae4c0f-eff8-4ca9-9381-707df7d2d8df,1748764691503,"2025-06-01 13:28:11",3000.0,,10000000-0000-0000-0000-000000000002,House,Expense,Cash
ef6b0b1f-d73d-41e1-81a0-a63a9214d335,1748764691503,"2025-06-01 13:28:11",700.0,,6b86fb91-20d2-4296-8fc0-11af8f5db354,Brewery,Expense,Cash
2a908517-51ae-40e8-8456-9c21357daf87,1748764691503,"2025-06-01 13:28:11",500.0,,10000000-0000-0000-0000-000000000001,Food,Expense,Cash
1c78afcd-96ec-4678-b457-86d5b71ed56d,1748694042591,"2025-05-31 17:50:42",7670.0,,968edc2b-7a45-41ec-8be9-e213be5528f8,Fuel,Expense,Cash
9fc94f77-f78e-4fdd-9c08-170fffeff658,1748694042591,"2025-05-31 17:50:42",500.0,,d71face0-704a-49ff-8c96-9778abb5d2e3,Bike,Expense,Cash
74653495-158d-46ca-b0f6-d240bd1dc050,1748694042591,"2025-05-31 17:50:42",920.0,,02380fa8-41a8-43fa-8e7b-2a579cfacfc2,Toxicity,Expense,Cash
4b28b847-8d99-4da1-a8cf-890dfa90db35,1748614082870,"2025-05-30 19:38:02",900.0,,02380fa8-41a8-43fa-8e7b-2a579cfacfc2,Toxicity,Expense,Cash
9598a392-341a-4572-8055-9959813bf512,1748527682870,"2025-05-29 19:38:02",900.0,,02380fa8-41a8-43fa-8e7b-2a579cfacfc2,Toxicity,Expense,Cash
c5a473fd-21a5-4e7a-a3ee-a74a2b3bbb39,1748438828869,"2025-05-28 18:57:08",900.0,,02380fa8-41a8-43fa-8e7b-2a579cfacfc2,Toxicity,Expense,Cash
abbccce1-2e7c-4bed-b4c7-96564858dca1,1748276569579,"2025-05-26 21:52:49",900.0,,02380fa8-41a8-43fa-8e7b-2a579cfacfc2,Toxicity,Expense,Cash
c9541d38-36be-46b2-b5d2-61c6058a2018,1747994176886,"2025-05-23 15:26:16",900.0,,02380fa8-41a8-43fa-8e7b-2a579cfacfc2,Toxicity,Expense,Cash
75082864-e045-4fac-9798-30b01bb52b11,1747926981862,"2025-05-22 20:46:21",900.0,,02380fa8-41a8-43fa-8e7b-2a579cfacfc2,Toxicity,Expense,Cash
9bed7746-e968-4214-9638-4fabf2fc6ace,1747758130815,"2025-05-20 21:52:10",1300.0,,02380fa8-41a8-43fa-8e7b-2a579cfacfc2,Toxicity,Expense,Cash
17fdb4f1-fc4a-4409-b414-802988891c53,1747662692843,"2025-05-19 19:21:32",360.0,,02380fa8-41a8-43fa-8e7b-2a579cfacfc2,Toxicity,Expense,Cash
6522c218-0fbf-4fbd-a3f1-88181fcd6b63,1747662692843,"2025-05-19 19:21:32",720.0,,02380fa8-41a8-43fa-8e7b-2a579cfacfc2,Toxicity,Expense,Cash
8daf1cfc-56b2-458c-8b68-9261b8ae6af6,1747662692843,"2025-05-19 19:21:32",5670.0,,968edc2b-7a45-41ec-8be9-e213be5528f8,Fuel,Expense,Cash
ea73aab1-b0fe-4a96-aba1-9df45c3509c2,1747613072177,"2025-05-19 05:34:32",450.0,,10000000-0000-0000-0000-000000000004,"Eating out",Expense,Cash
2cf456c5-5efb-44e0-a816-f599a95c7b2e,1747579023042,"2025-05-18 20:07:03",26990.0,,10000000-0000-0000-0000-000000000002,House,Expense,Cash
b9e6e14a-4900-414c-8981-18a8b5b2014f,1747492623042,"2025-05-17 20:07:03",1300.0,,02380fa8-41a8-43fa-8e7b-2a579cfacfc2,Toxicity,Expense,Cash
236a982a-8556-4a1f-9366-03c2ffd1d291,1747386087521,"2025-05-16 14:31:27",900.0,,02380fa8-41a8-43fa-8e7b-2a579cfacfc2,Toxicity,Expense,Cash
32880b2b-841e-4d62-b0a8-d1e4230c554e,1747314920673,"2025-05-15 18:45:20",900.0,,02380fa8-41a8-43fa-8e7b-2a579cfacfc2,Toxicity,Expense,Cash
896c30f9-c7b4-4052-9af6-c4c9f7298a6d,1747225675315,"2025-05-14 17:57:55",100.0,,d71face0-704a-49ff-8c96-9778abb5d2e3,Bike,Expense,Cash
59d1f35d-b9bc-4160-8048-9c5b7231a284,1747225675315,"2025-05-14 17:57:55",900.0,,02380fa8-41a8-43fa-8e7b-2a579cfacfc2,Toxicity,Expense,Cash
a31e98a0-ee95-490f-8e20-b955cd39452e,1747109025262,"2025-05-13 09:33:45",1300.0,,02380fa8-41a8-43fa-8e7b-2a579cfacfc2,Toxicity,Expense,Cash
785fb047-43a1-413d-983d-70481c54dcaf,1747056955371,"2025-05-12 19:05:55",36000.0,,10000000-0000-0000-0000-000000000011,Deposits,Income,Cash
341d20e2-5943-4b34-83fe-ee24d201cf5f,1747056955371,"2025-05-12 19:05:55",53820.0,,10000000-0000-0000-0000-000000000002,House,Expense,Cash
98c13914-0ab5-4609-82fb-37e439639165,1747024093514,"2025-05-12 09:58:13",9790.0,,10000000-0000-0000-0000-000000000002,House,Expense,Cash
641eb5f4-0054-4314-b195-5aae1a8420b7,1746953693379,"2025-05-11 14:24:53",900.0,,02380fa8-41a8-43fa-8e7b-2a579cfacfc2,Toxicity,Expense,Cash
60bdbdc9-3fb9-4e43-af8d-483340c4fe80,1746715023042,"2025-05-08 20:07:03",9900.0,,10000000-0000-0000-0000-000000000003,Car,Expense,Cash
755659d2-c494-46e8-a257-326934347638,1746700037231,"2025-05-08 15:57:17",380.0,,02380fa8-41a8-43fa-8e7b-2a579cfacfc2,Toxicity,Expense,Cash
977c4a79-a89c-4499-9632-702bc9738896,1746367748715,"2025-05-04 19:39:08",1300.0,,02380fa8-41a8-43fa-8e7b-2a579cfacfc2,Toxicity,Expense,Cash
25994c6c-f565-4ba4-9758-9bd11695e986,1746281348715,"2025-05-03 19:39:08",900.0,,02380fa8-41a8-43fa-8e7b-2a579cfacfc2,Toxicity,Expense,Cash
35616441-dbf8-4b2c-a192-cc4b314ce7a3,1746201829383,"2025-05-02 21:33:49",910.0,,02380fa8-41a8-43fa-8e7b-2a579cfacfc2,Toxicity,Expense,Cash
e5153901-84b6-4e89-914e-63d15c9ad439,1746178419482,"2025-05-02 15:03:39",1090.0,,02380fa8-41a8-43fa-8e7b-2a579cfacfc2,Toxicity,Expense,Cash
633f3f1c-cf9f-410b-8382-394d401726dd,1746092019482,"2025-05-01 15:03:39",5670.0,,968edc2b-7a45-41ec-8be9-e213be5528f8,Fuel,Expense,Cash
29fb3b7e-63f3-4407-9e3a-c5ab297601c1,1746028433932,"2025-04-30 21:23:53",1400.0,,02380fa8-41a8-43fa-8e7b-2a579cfacfc2,Toxicity,Expense,Cash
d8a70d7f-05bc-4ddd-a267-e866716e7819,1746003962481,"2025-04-30 14:36:02",300.0,,02380fa8-41a8-43fa-8e7b-2a579cfacfc2,Toxicity,Expense,Cash
8b8aa553-f09b-4b07-9692-7f038ad6be19,1745941114747,"2025-04-29 21:08:34",1400.0,,02380fa8-41a8-43fa-8e7b-2a579cfacfc2,Toxicity,Expense,Cash
c637935e-7bce-44b2-bd96-5d69596ed3ac,1745941114747,"2025-04-29 21:08:34",400.0,,6b86fb91-20d2-4296-8fc0-11af8f5db354,Brewery,Expense,Cash
2c619dd4-b72e-4c0c-a703-6f32e05697b9,1745941114747,"2025-04-29 21:08:34",500.0,,02380fa8-41a8-43fa-8e7b-2a579cfacfc2,Toxicity,Expense,Cash
93853cff-4165-4388-9381-93d16c8c5de0,1745941114747,"2025-04-29 21:08:34",2000.0,,02380fa8-41a8-43fa-8e7b-2a579cfacfc2,Toxicity,Expense,Cash
b1cf5605-c4a0-4110-ad76-fddb33b89042,1745764012929,"2025-04-27 19:56:52",3000.0,,10000000-0000-0000-0000-000000000002,House,Expense,Cash
a146d0b3-ddfa-40e1-b57c-478ac795f796,1745764012929,"2025-04-27 19:56:52",1090.0,,02380fa8-41a8-43fa-8e7b-2a579cfacfc2,Toxicity,Expense,Cash
4bd6cd5c-4495-490e-8486-8c71fb2a3908,1745678304785,"2025-04-26 20:08:24",900.0,,02380fa8-41a8-43fa-8e7b-2a579cfacfc2,Toxicity,Expense,Cash
d412538b-dfa9-4c40-a079-4d458da930a4,1745589843007,"2025-04-25 19:34:03",6200.0,,d71face0-704a-49ff-8c96-9778abb5d2e3,Bike,Expense,Cash
907565b5-d9e9-4685-8219-022e49306e00,1745589843007,"2025-04-25 19:34:03",1800.0,,d71face0-704a-49ff-8c96-9778abb5d2e3,Bike,Expense,Cash
0ab9e46b-771c-486c-969f-385e995a05fb,1745589843007,"2025-04-25 19:34:03",200.0,,02380fa8-41a8-43fa-8e7b-2a579cfacfc2,Toxicity,Expense,Cash
2e4cdd22-bf23-4df0-8b02-8f081b85180b,1745589843007,"2025-04-25 19:34:03",150.0,,02380fa8-41a8-43fa-8e7b-2a579cfacfc2,Toxicity,Expense,Cash
f5d32db8-821f-4f4a-b536-ad1cae435994,1745561329903,"2025-04-25 11:38:49",1200.0,,02380fa8-41a8-43fa-8e7b-2a579cfacfc2,Toxicity,Expense,Cash
17416d5d-2e2d-445e-920b-47e46bac6c24,1745398937060,"2025-04-23 14:32:17",1300.0,,02380fa8-41a8-43fa-8e7b-2a579cfacfc2,Toxicity,Expense,Cash
88b5932b-e3b7-4752-82f3-07a3d54b84d0,1745398937060,"2025-04-23 14:32:17",3740.0,,10000000-0000-0000-0000-000000000004,"Eating out",Expense,Cash
3371fe59-3068-4842-a1a9-8a5e3391c384,1745302129903,"2025-04-22 11:38:49",190.0,,02380fa8-41a8-43fa-8e7b-2a579cfacfc2,Toxicity,Expense,Cash
638bb250-3741-48a3-a546-13d25b613b2b,1745290661352,"2025-04-22 08:27:41",1300.0,,02380fa8-41a8-43fa-8e7b-2a579cfacfc2,Toxicity,Expense,Cash
fa22199b-3121-4aed-8738-5df9d49499db,1745290661352,"2025-04-22 08:27:41",5670.0,,968edc2b-7a45-41ec-8be9-e213be5528f8,Fuel,Expense,Cash
61e80d99-35d5-4e4a-a0d1-606fe7000ded,1745215938052,"2025-04-21 11:42:18",5580.0,"Engine oil",d71face0-704a-49ff-8c96-9778abb5d2e3,Bike,Expense,Cash
beeaf773-01be-40d6-ae76-c91bc92806bf,1745215938052,"2025-04-21 11:42:18",27490.0,"Engine oil",10000000-0000-0000-0000-000000000003,Car,Expense,Cash
d1c37083-d6e1-4277-b386-4f0f2e432cba,1745169090148,"2025-04-20 22:41:30",280.0,,02380fa8-41a8-43fa-8e7b-2a579cfacfc2,Toxicity,Expense,Cash
9d1e29ee-789a-4e58-9d0d-b244aaccb373,1745169090148,"2025-04-20 22:41:30",2800.0,,02380fa8-41a8-43fa-8e7b-2a579cfacfc2,Toxicity,Expense,Cash
05e20d82-d5ed-46f3-9118-fb08ae1d3f99,1745169090148,"2025-04-20 22:41:30",8000.0,,02380fa8-41a8-43fa-8e7b-2a579cfacfc2,Toxicity,Expense,Cash
cf7ded67-b956-4b64-8680-14432dcaf51e,1744949228777,"2025-04-18 09:37:08",900.0,,02380fa8-41a8-43fa-8e7b-2a579cfacfc2,Toxicity,Expense,Cash
1fa21111-be88-4222-8145-342be6a4788b,1744907478789,"2025-04-17 22:01:18",370.0,,02380fa8-41a8-43fa-8e7b-2a579cfacfc2,Toxicity,Expense,Cash
bb8a5942-e4a3-43ff-a31a-598ff8663c1c,1744819690523,"2025-04-16 21:38:10",4200.0,,10000000-0000-0000-0000-000000000004,"Eating out",Expense,Cash
9ae3a085-ccaa-4858-8897-d3c3b23a6a31,1744819690523,"2025-04-16 21:38:10",900.0,,02380fa8-41a8-43fa-8e7b-2a579cfacfc2,Toxicity,Expense,Cash
aaeb5f04-2354-4b0a-81a0-b71230a45bc3,1744819690523,"2025-04-16 21:38:10",3300.0,,10000000-0000-0000-0000-000000000002,House,Expense,Cash
fe99bbd3-a2ae-4bc8-acc9-aecf7a68157d,1744798759420,"2025-04-16 15:49:19",190.0,,02380fa8-41a8-43fa-8e7b-2a579cfacfc2,Toxicity,Expense,Cash
9fded3be-534b-4682-8561-2b09ad7a1b33,1744650689414,"2025-04-14 22:41:29",2250.0,,02380fa8-41a8-43fa-8e7b-2a579cfacfc2,Toxicity,Expense,Cash
a63dafc9-db72-44d9-8b1e-5e7606305835,1744564289414,"2025-04-13 22:41:29",900.0,,02380fa8-41a8-43fa-8e7b-2a579cfacfc2,Toxicity,Expense,Cash
cdc0fb50-5a59-42d9-bd7c-7eb88d461927,1744285237871,"2025-04-10 17:10:37",900.0,,02380fa8-41a8-43fa-8e7b-2a579cfacfc2,Toxicity,Expense,Cash
57e7d4fe-edef-4284-bd21-3f31e15ca7d7,1744192500033,"2025-04-09 15:25:00",900.0,,02380fa8-41a8-43fa-8e7b-2a579cfacfc2,Toxicity,Expense,Cash
e4e0b74d-dca5-4a09-8ea6-5291effc8d7f,1744192500033,"2025-04-09 15:25:00",53980.0,Rent,10000000-0000-0000-0000-000000000002,House,Expense,Cash
9db1772b-ff2b-4367-965f-f3a107846a4a,1744106100033,"2025-04-08 15:25:00",38000.0,,10000000-0000-0000-0000-000000000011,Deposits,Income,Cash
0680103d-6468-41ec-bd0c-b030b58d93dc,1744106100033,"2025-04-08 15:25:00",900.0,,02380fa8-41a8-43fa-8e7b-2a579cfacfc2,Toxicity,Expense,Cash
28377245-cb83-4bf7-a071-56ec073bbc2e,1743863807292,"2025-04-05 20:06:47",1270.0,,02380fa8-41a8-43fa-8e7b-2a579cfacfc2,Toxicity,Expense,Cash
00abd905-7d55-4f9b-963e-ffb7cd01d0c6,1743787879601,"2025-04-04 23:01:19",780.0,,02380fa8-41a8-43fa-8e7b-2a579cfacfc2,Toxicity,Expense,Cash
80e2a3d7-ce02-4d4c-8866-d8c86630fc3b,1743755025844,"2025-04-04 13:53:45",840.0,,02380fa8-41a8-43fa-8e7b-2a579cfacfc2,Toxicity,Expense,Cash
b352536c-8525-4c90-834e-4bdfbbc49fd3,1743668625844,"2025-04-03 13:53:45",900.0,,02380fa8-41a8-43fa-8e7b-2a579cfacfc2,Toxicity,Expense,Cash
43eeb7fa-8896-4b79-8773-849b6ae1a5d8,1743582225844,"2025-04-02 13:53:45",900.0,,02380fa8-41a8-43fa-8e7b-2a579cfacfc2,Toxicity,Expense,Cash
47cd89bb-257f-428e-875e-ca90cfe4f356,1743409425844,"2025-03-31 13:53:45",740.0,,02380fa8-41a8-43fa-8e7b-2a579cfacfc2,Toxicity,Expense,Cash
8e0b5b40-299e-4e1a-b765-b600bc9b11b6,1743409425844,"2025-03-31 13:53:45",900.0,,02380fa8-41a8-43fa-8e7b-2a579cfacfc2,Toxicity,Expense,Cash
34020a4b-3608-4ccd-a5ef-5db1828bea75,1743323025844,"2025-03-30 13:53:45",900.0,,02380fa8-41a8-43fa-8e7b-2a579cfacfc2,Toxicity,Expense,Cash
3b718ea9-0e14-4a15-b1c4-1bfe1b1ec888,1743236625844,"2025-03-29 13:53:45",5670.0,,968edc2b-7a45-41ec-8be9-e213be5528f8,Fuel,Expense,Cash
9e7e5be0-101d-471d-a20d-801b658e82ca,1743236625844,"2025-03-29 13:53:45",190.0,,02380fa8-41a8-43fa-8e7b-2a579cfacfc2,Toxicity,Expense,Cash
6c4ed2dc-d154-42b2-b3a9-68d2cb22adf1,1743236625844,"2025-03-29 13:53:45",1890.0,,10000000-0000-0000-0000-000000000002,House,Expense,Cash
b2c5dcb6-1fbb-42ba-ba02-09445ff12423,1743236625844,"2025-03-29 13:53:45",900.0,,02380fa8-41a8-43fa-8e7b-2a579cfacfc2,Toxicity,Expense,Cash
04418592-3aeb-4e6e-aae9-a134cc0567a0,1743236625844,"2025-03-29 13:53:45",660.0,,10000000-0000-0000-0000-000000000002,House,Expense,Cash
d3350e0c-71e1-46e3-b736-194e3dfdb6fb,1743230778022,"2025-03-29 12:16:18",900.0,,02380fa8-41a8-43fa-8e7b-2a579cfacfc2,Toxicity,Expense,Cash
2242b5a1-8dca-4b87-bcd0-0667a3cec3bf,1743176324775,"2025-03-28 21:08:44",900.0,,02380fa8-41a8-43fa-8e7b-2a579cfacfc2,Toxicity,Expense,Cash
5fa0fc18-f9a2-456a-8e9e-311b34688779,1743120644187,"2025-03-28 05:40:44",1000.0,,02380fa8-41a8-43fa-8e7b-2a579cfacfc2,Toxicity,Expense,Cash
060a030a-38c2-4b74-9db7-47c99ca6c814,1743089924775,"2025-03-27 21:08:44",3790.0,,10000000-0000-0000-0000-000000000002,House,Expense,Cash
a97997b5-3285-456a-8db7-322cbbd938b9,1743001352740,"2025-03-26 20:32:32",740.0,,02380fa8-41a8-43fa-8e7b-2a579cfacfc2,Toxicity,Expense,Cash
e63c6c54-53ef-4aa7-80ed-c96e1f744f0f,1743001352740,"2025-03-26 20:32:32",200.0,,02380fa8-41a8-43fa-8e7b-2a579cfacfc2,Toxicity,Expense,Cash
516d3895-f7cc-4784-a630-ed9b427cc8fa,1743001352740,"2025-03-26 20:32:32",200.0,,02380fa8-41a8-43fa-8e7b-2a579cfacfc2,Toxicity,Expense,Cash
4c0347b0-46e3-448e-9c53-8222fe3906d7,1743001352740,"2025-03-26 20:32:32",200.0,,6b86fb91-20d2-4296-8fc0-11af8f5db354,Brewery,Expense,Cash
90f226ee-0ae4-457f-9960-7a7de6b02a06,1742914952740,"2025-03-25 20:32:32",370.0,,02380fa8-41a8-43fa-8e7b-2a579cfacfc2,Toxicity,Expense,Cash
ac259a1c-d623-4e73-bf79-f57a32cba8ee,1742794770553,"2025-03-24 11:09:30",910.0,,02380fa8-41a8-43fa-8e7b-2a579cfacfc2,Toxicity,Expense,Cash
313b6697-6e8f-43a3-ad2b-df6604d1eefb,1742794770553,"2025-03-24 11:09:30",1200.0,,10000000-0000-0000-0000-000000000002,House,Expense,Cash
4be302ea-1b3d-40bf-9f96-2235229e81d9,1742708910117,"2025-03-23 11:18:30",1090.0,,02380fa8-41a8-43fa-8e7b-2a579cfacfc2,Toxicity,Expense,Cash
355fde05-2250-45db-9911-e6a8086dad00,1742708910117,"2025-03-23 11:18:30",180.0,,02380fa8-41a8-43fa-8e7b-2a579cfacfc2,Toxicity,Expense,Cash
280bd31c-2d45-49ee-b09e-07eab840e55e,1742708910117,"2025-03-23 11:18:30",4400.0,,10000000-0000-0000-0000-000000000001,Food,Expense,Cash
6ec0a7c9-9920-445c-8d1b-f2c2e6115686,1742708910117,"2025-03-23 11:18:30",120.0,,10000000-0000-0000-0000-000000000002,House,Expense,Cash
9b345a7e-c758-4d1e-a315-a582807f151e,1742657420724,"2025-03-22 21:00:20",190.0,,02380fa8-41a8-43fa-8e7b-2a579cfacfc2,Toxicity,Expense,Cash
3f017cfc-9f8f-42a0-a026-c80c25c82fa9,1742567409847,"2025-03-21 20:00:09",180.0,,02380fa8-41a8-43fa-8e7b-2a579cfacfc2,Toxicity,Expense,Cash
d584c2de-2ecb-4bfc-bfcb-fcb8b5671fd8,1742482671600,"2025-03-20 20:27:51",1500.0,"Haircut ",10000000-0000-0000-0000-000000000002,House,Expense,Cash
48132037-5b36-49c0-b359-3faf605fb45c,1742481009847,"2025-03-20 20:00:09",1080.0,,02380fa8-41a8-43fa-8e7b-2a579cfacfc2,Toxicity,Expense,Cash
9f178b49-54f3-4104-b686-c3341c35f9f4,1742275025046,"2025-03-18 10:47:05",900.0,,02380fa8-41a8-43fa-8e7b-2a579cfacfc2,Toxicity,Expense,Cash
1883d617-bff5-4024-9815-9197bdf941c5,1742223298800,"2025-03-17 20:24:58",910.0,,02380fa8-41a8-43fa-8e7b-2a579cfacfc2,Toxicity,Expense,Cash
3b65c669-7ee5-48f1-b0c1-b33366d9ce6f,1742050899950,"2025-03-15 20:31:39",1090.0,,02380fa8-41a8-43fa-8e7b-2a579cfacfc2,Toxicity,Expense,Cash
8c8c4721-0878-44bc-84fb-783a605917e1,1741968760757,"2025-03-14 21:42:40",370.0,,02380fa8-41a8-43fa-8e7b-2a579cfacfc2,Toxicity,Expense,Cash
52fb6a23-3d28-448a-8401-86914929928c,1741950720674,"2025-03-14 16:42:00",22000.0,"Consultancy ",8f3ee15b-f6b5-472f-8deb-939998b50f55,Career,Expense,Cash
2ff902bd-f14b-4c33-aa38-30521ad7d5f4,1741950720674,"2025-03-14 16:42:00",370.0,,02380fa8-41a8-43fa-8e7b-2a579cfacfc2,Toxicity,Expense,Cash
d0dcc037-1d22-4250-b37a-3eda65fd8a7b,1741950720674,"2025-03-14 16:42:00",910.0,,02380fa8-41a8-43fa-8e7b-2a579cfacfc2,Toxicity,Expense,Cash
6077a86e-0d51-4154-bbdf-1ea3769231a5,1741869013289,"2025-03-13 18:00:13",320.0,,10000000-0000-0000-0000-000000000005,Transport,Expense,Cash
10238de1-a25b-416c-9759-2ef96d8c5c35,1741869013289,"2025-03-13 18:00:13",205000.0,,10000000-0000-0000-0000-000000000003,Car,Expense,Cash
db517cb3-7653-4acc-89da-2e019f461226,1741869013289,"2025-03-13 18:00:13",1260.0,,02380fa8-41a8-43fa-8e7b-2a579cfacfc2,Toxicity,Expense,Cash
676ab5bd-c153-4e3b-af94-6f862e215543,1741791233068,"2025-03-12 20:23:53",900.0,,02380fa8-41a8-43fa-8e7b-2a579cfacfc2,Toxicity,Expense,Cash
061976bf-b87c-4802-8c79-d17a4a8be690,1741791233068,"2025-03-12 20:23:53",22000.0,Consultancy,8f3ee15b-f6b5-472f-8deb-939998b50f55,Career,Expense,Cash
5caea02d-f2ec-4191-ba2c-af11e5ea0f3c,1741774215475,"2025-03-12 15:40:15",370.0,,02380fa8-41a8-43fa-8e7b-2a579cfacfc2,Toxicity,Expense,Cash
5472f27f-6271-437c-bea8-9271659ff8f1,1741774215475,"2025-03-12 15:40:15",1050.0,,10000000-0000-0000-0000-000000000001,Food,Expense,Cash
90638e89-474a-411a-8855-1d3fb3a16ce0,1741701156487,"2025-03-11 19:22:36",1090.0,,02380fa8-41a8-43fa-8e7b-2a579cfacfc2,Toxicity,Expense,Cash
cb51a259-d12f-471e-8a64-c7a8df5fc67a,1741587285812,"2025-03-10 11:44:45",910.0,,02380fa8-41a8-43fa-8e7b-2a579cfacfc2,Toxicity,Expense,Cash
bd7be827-b9c1-4701-9ae3-8e8c2eb51f2d,1741519201816,"2025-03-09 16:50:01",370.0,,02380fa8-41a8-43fa-8e7b-2a579cfacfc2,Toxicity,Expense,Cash
232197c6-8f0f-4785-a9d6-1f0bc9c7eb24,1741519201816,"2025-03-09 16:50:01",1100.0,,6b86fb91-20d2-4296-8fc0-11af8f5db354,Brewery,Expense,Cash
426bc13a-e2df-4266-a36c-434a97d74ab5,1741436911936,"2025-03-08 17:58:31",940.0,,02380fa8-41a8-43fa-8e7b-2a579cfacfc2,Toxicity,Expense,Cash
09f3a886-52d6-4a3f-9b8a-2f6aae1863b7,1741436911936,"2025-03-08 17:58:31",5000.0,,10000000-0000-0000-0000-000000000002,House,Expense,Cash
0d002785-0627-4fc9-b3a1-0d4b66a0d20a,1741421864469,"2025-03-08 13:47:44",51730.0,Rent,10000000-0000-0000-0000-000000000002,House,Expense,Cash
e115ab46-4d5b-46da-adac-eed027c1a9d8,1741421864469,"2025-03-08 13:47:44",30000.0,,10000000-0000-0000-0000-000000000011,Deposits,Income,Cash
fee7bb88-e8cf-457d-8b51-be97be184ce8,1741359611855,"2025-03-07 20:30:11",370.0,,02380fa8-41a8-43fa-8e7b-2a579cfacfc2,Toxicity,Expense,Cash
d1e644d8-7c2f-487b-94ef-4d669c339c89,1741329835175,"2025-03-07 12:13:55",30000.0,Consultancy,8f3ee15b-f6b5-472f-8deb-939998b50f55,Career,Expense,Cash
a1fb0d81-c3fb-4924-9656-8d16a26ba91d,1741329835175,"2025-03-07 12:13:55",310.0,,02380fa8-41a8-43fa-8e7b-2a579cfacfc2,Toxicity,Expense,Cash
ff465bb2-5b49-4663-a620-78cebf7620f9,1741274814232,"2025-03-06 20:56:54",730.0,,02380fa8-41a8-43fa-8e7b-2a579cfacfc2,Toxicity,Expense,Cash
2424462d-4f45-4d36-8dca-cc15aba5a7d8,1741274814232,"2025-03-06 20:56:54",340.0,,02380fa8-41a8-43fa-8e7b-2a579cfacfc2,Toxicity,Expense,Cash
6498d928-ca61-4bde-b48e-3ceeb8e0aeb5,1741274814232,"2025-03-06 20:56:54",5100.0,,968edc2b-7a45-41ec-8be9-e213be5528f8,Fuel,Expense,Cash
cc1e1adb-b51d-4c72-81ff-0a767005e538,1741114498906,"2025-03-05 00:24:58",910.0,,02380fa8-41a8-43fa-8e7b-2a579cfacfc2,Toxicity,Expense,Cash
93d34c84-8def-4c70-8eec-183cea11d5fd,1741114498906,"2025-03-05 00:24:58",550.0,,02380fa8-41a8-43fa-8e7b-2a579cfacfc2,Toxicity,Expense,Cash
2d6b2315-3050-4f51-95a4-d4d8f6ed79d9,1741028098906,"2025-03-04 00:24:58",900.0,,02380fa8-41a8-43fa-8e7b-2a579cfacfc2,Toxicity,Expense,Cash
cfbde783-1287-400f-9ab0-f032ec3d9d73,1740997071798,"2025-03-03 15:47:51",720.0,,02380fa8-41a8-43fa-8e7b-2a579cfacfc2,Toxicity,Expense,Cash
86546b43-28b5-4e0a-b799-6a0c96a842a9,1740928227435,"2025-03-02 20:40:27",720.0,,02380fa8-41a8-43fa-8e7b-2a579cfacfc2,Toxicity,Expense,Cash
c008418c-0b5e-48e3-8559-04c34f3f28ee,1740928227435,"2025-03-02 20:40:27",900.0,,02380fa8-41a8-43fa-8e7b-2a579cfacfc2,Toxicity,Expense,Cash
1607e6bf-6e67-445d-9ce0-422955829740,1740928227435,"2025-03-02 20:40:27",350.0,,10000000-0000-0000-0000-000000000003,Car,Expense,Cash
f1cbe6c7-5d04-41dd-901a-76bebe0bd4e2,1740910583806,"2025-03-02 15:46:23",190.0,,02380fa8-41a8-43fa-8e7b-2a579cfacfc2,Toxicity,Expense,Cash
b7de7cea-12cb-4e9b-853f-6d14b441c5e9,1740824183806,"2025-03-01 15:46:23",30000.0,"Consultancy ",8f3ee15b-f6b5-472f-8deb-939998b50f55,Career,Expense,Cash
9a2c037b-0d95-46a2-9169-0244e0ca6fbd,1740756325783,"2025-02-28 20:55:25",1000.0,,10000000-0000-0000-0000-000000000004,"Eating out",Expense,Cash
aad282e4-10a8-4e3f-bfd8-732155abf438,1740756325783,"2025-02-28 20:55:25",8090.0,,10000000-0000-0000-0000-000000000002,House,Expense,Cash
4c2bd36f-0b85-421e-9512-90091bfa07e8,1740582916568,"2025-02-26 20:45:16",2000.0,"Haircut ",10000000-0000-0000-0000-000000000002,House,Expense,Cash
eabaaafe-8dfa-4c9c-aa8e-884c5839f94c,1740582916568,"2025-02-26 20:45:16",180.0,,02380fa8-41a8-43fa-8e7b-2a579cfacfc2,Toxicity,Expense,Cash
a5e554e8-f259-431c-ac14-ced1198c429d,1740539103375,"2025-02-26 08:35:03",900.0,,02380fa8-41a8-43fa-8e7b-2a579cfacfc2,Toxicity,Expense,Cash
2a2eefe2-e7fb-4812-b568-e39bfc49290d,1740497972179,"2025-02-25 21:09:32",550.0,,02380fa8-41a8-43fa-8e7b-2a579cfacfc2,Toxicity,Expense,Cash
f5a01133-de24-4510-a3fd-75d03d842bb4,1740392931890,"2025-02-24 15:58:51",1050.0,,02380fa8-41a8-43fa-8e7b-2a579cfacfc2,Toxicity,Expense,Cash
ad41ee50-09be-48ce-aa42-3967d6e9b741,1740392931890,"2025-02-24 15:58:51",7490.0,,10000000-0000-0000-0000-000000000002,House,Expense,Cash
4d069a88-2e06-4915-b6c3-1156a6dc978c,1740392931890,"2025-02-24 15:58:51",11990.0,Azure,8f3ee15b-f6b5-472f-8deb-939998b50f55,Career,Expense,Cash
333790d9-5d93-47f1-aa7e-fe610118a0a1,1740326212166,"2025-02-23 21:26:52",330.0,,02380fa8-41a8-43fa-8e7b-2a579cfacfc2,Toxicity,Expense,Cash
a8b4b07b-d340-4448-b3dd-d39cad22a656,1740122470613,"2025-02-21 12:51:10",900.0,,02380fa8-41a8-43fa-8e7b-2a579cfacfc2,Toxicity,Expense,Cash
f791bd6d-1783-4569-a89a-0d4342893e83,1740015721183,"2025-02-20 07:12:01",1660.0,,10000000-0000-0000-0000-000000000005,Transport,Expense,Cash
bfb4f161-e106-4a5c-b4ce-a51f74262b29,1739983651919,"2025-02-19 22:17:31",4110.0,,02380fa8-41a8-43fa-8e7b-2a579cfacfc2,Toxicity,Expense,Cash
43acb301-c677-47e5-bf5e-07a6368fe4ae,1739983651919,"2025-02-19 22:17:31",1300.0,,02380fa8-41a8-43fa-8e7b-2a579cfacfc2,Toxicity,Expense,Cash
2dfc7318-86c1-4052-b985-777bbefa8111,1739983651919,"2025-02-19 22:17:31",180.0,,02380fa8-41a8-43fa-8e7b-2a579cfacfc2,Toxicity,Expense,Cash
bf05ca66-9d94-4a3e-a68c-b7aebec92b5a,1739983651919,"2025-02-19 22:17:31",250.0,,6b86fb91-20d2-4296-8fc0-11af8f5db354,Brewery,Expense,Cash
4415eb15-8fac-4d9b-9ec4-725b420f814b,1739983651919,"2025-02-19 22:17:31",6760.0,,10000000-0000-0000-0000-000000000004,"Eating out",Expense,Cash
2314a7f8-2ff6-468a-924d-663bc9e53eb3,1739957194318,"2025-02-19 14:56:34",2020.0,,10000000-0000-0000-0000-000000000005,Transport,Expense,Cash
adca92ba-f7ef-4595-8201-2e9a2c38c142,1739943356168,"2025-02-19 11:05:56",1660.0,,10000000-0000-0000-0000-000000000005,Transport,Expense,Cash
740319aa-5913-4c37-971e-47a869e5ab36,1739903021415,"2025-02-18 23:53:41",12770.0,,10000000-0000-0000-0000-000000000002,House,Expense,Cash
4158153e-7d07-4bbd-aa29-3f3e4cd4ba36,1739856956168,"2025-02-18 11:05:56",1560.0,,10000000-0000-0000-0000-000000000005,Transport,Expense,Cash
511d9fd1-0d00-42ce-aab3-2b931369afd1,1739811597260,"2025-02-17 22:29:57",12010.0,,10000000-0000-0000-0000-000000000002,House,Expense,Cash
1630907a-b346-4910-b28e-bb1b0355f3cd,1739767480391,"2025-02-17 10:14:40",900.0,,02380fa8-41a8-43fa-8e7b-2a579cfacfc2,Toxicity,Expense,Cash
7755e14b-0262-405e-91ca-c9e1265c999e,1739727743262,"2025-02-16 23:12:23",900.0,,02380fa8-41a8-43fa-8e7b-2a579cfacfc2,Toxicity,Expense,Cash
4b91fd1d-de9f-4b49-8972-d9eae9fda392,1739554943262,"2025-02-14 23:12:23",900.0,,02380fa8-41a8-43fa-8e7b-2a579cfacfc2,Toxicity,Expense,Cash
cc80aad7-d741-4ec7-b427-1ef0c2c5db41,1739447952780,"2025-02-13 17:29:12",320.0,,02380fa8-41a8-43fa-8e7b-2a579cfacfc2,Toxicity,Expense,Cash
ddf86f5f-0ba7-4040-95f9-d6a03d8ab7dd,1739226954591,"2025-02-11 04:05:54",1080.0,,02380fa8-41a8-43fa-8e7b-2a579cfacfc2,Toxicity,Expense,Cash
0037dd3b-2ab6-40c1-99b7-318c3d5c5517,1739226954591,"2025-02-11 04:05:54",2000.0,,10000000-0000-0000-0000-000000000002,House,Expense,Cash
a7ad936e-68e2-4282-84c5-0f3d3f4f94c4,1739199060058,"2025-02-10 20:21:00",1080.0,,02380fa8-41a8-43fa-8e7b-2a579cfacfc2,Toxicity,Expense,Cash
c74d3a05-fc1b-40a2-b68e-d9df6035e7cc,1739199060058,"2025-02-10 20:21:00",47080.0,Rent,10000000-0000-0000-0000-000000000002,House,Expense,Cash
619eae1c-747b-4fa8-b4d4-5d41d07e4351,1739191815681,"2025-02-10 18:20:15",600.0,,10000000-0000-0000-0000-000000000004,"Eating out",Expense,Cash
094e8a86-e084-4bf2-b108-63780bb30dd2,1739191815681,"2025-02-10 18:20:15",200.0,,10000000-0000-0000-0000-000000000004,"Eating out",Expense,Cash
c697c8fc-b064-417e-bbf6-8a2a49251c67,1739167553837,"2025-02-10 11:35:53",9790.0,,10000000-0000-0000-0000-000000000002,House,Expense,Cash
b603038a-0409-457f-8ce0-9b8a35d5645b,1739015765273,"2025-02-08 17:26:05",2040.0,,10000000-0000-0000-0000-000000000007,Entertainment,Expense,Cash
00c5068c-eba6-43b7-bdb2-b83faca80788,1739015765273,"2025-02-08 17:26:05",2040.0,,10000000-0000-0000-0000-000000000007,Entertainment,Expense,Cash
07273058-78ef-4077-b200-2737000a94e3,1739015765273,"2025-02-08 17:26:05",900.0,,02380fa8-41a8-43fa-8e7b-2a579cfacfc2,Toxicity,Expense,Cash
aa7ca499-1b1b-4cc2-a291-f3a9a450eef2,1738929365273,"2025-02-07 17:26:05",370.0,,02380fa8-41a8-43fa-8e7b-2a579cfacfc2,Toxicity,Expense,Cash
3bdf59b3-87f9-4313-8990-088b9a9a23e2,1738842965273,"2025-02-06 17:26:05",360.0,,02380fa8-41a8-43fa-8e7b-2a579cfacfc2,Toxicity,Expense,Cash
27d885df-efa7-41e2-9ed0-63541d0ba842,1738842965273,"2025-02-06 17:26:05",700.0,,02380fa8-41a8-43fa-8e7b-2a579cfacfc2,Toxicity,Expense,Cash
ee1a061b-284d-435c-8e34-01af27bbedcc,1738671242677,"2025-02-04 17:44:02",1080.0,,02380fa8-41a8-43fa-8e7b-2a579cfacfc2,Toxicity,Expense,Cash
7cab9e9a-2606-4d09-a6f8-97493865e81c,1738584842677,"2025-02-03 17:44:02",900.0,,02380fa8-41a8-43fa-8e7b-2a579cfacfc2,Toxicity,Expense,Cash
71226f3f-3be0-4270-bb45-4a0473fca720,1738511376519,"2025-02-02 21:19:36",720.0,,02380fa8-41a8-43fa-8e7b-2a579cfacfc2,Toxicity,Expense,Cash
8fa63ff9-6255-4d69-a8ee-5ac2b1c77fac,1738406342007,"2025-02-01 16:09:02",6470.0,,10000000-0000-0000-0000-000000000005,Transport,Expense,Cash
8c808992-b0a9-4fe6-bbc8-b8ea01bcca7f,1738403717145,"2025-02-01 15:25:17",740.0,,02380fa8-41a8-43fa-8e7b-2a579cfacfc2,Toxicity,Expense,Cash
fed466ed-f55c-401a-b7d0-64e210a00ea0,1738403717145,"2025-02-01 15:25:17",450.0,,10000000-0000-0000-0000-000000000005,Transport,Expense,Cash
fb397eac-1860-4d9c-a205-2812e2016d66,1738403717145,"2025-02-01 15:25:17",2080.0,,10000000-0000-0000-0000-000000000005,Transport,Expense,Cash
d79351e1-b396-4fbb-a294-7d153965ca3a,1738345237494,"2025-01-31 23:10:37",2690.0,,10000000-0000-0000-0000-000000000004,"Eating out",Expense,Cash
91f4ce5d-6153-4d7d-979d-24dbdc3ceee7,1738345237494,"2025-01-31 23:10:37",1160.0,,10000000-0000-0000-0000-000000000005,Transport,Expense,Cash
88457097-f027-4c2b-b2ca-6b713ebc0a52,1738258837494,"2025-01-30 23:10:37",3100.0,,7adc3dbd-e8b1-494f-8685-6c84d84c4f96,Hospital,Expense,Cash
50d041d8-9447-4d41-b6ac-0a21614dcd44,1738242077692,"2025-01-30 18:31:17",3100.0,,10000000-0000-0000-0000-000000000002,House,Expense,Cash
07a1fa4e-8586-4876-8dc3-1633e8fd5a24,1738242077692,"2025-01-30 18:31:17",900.0,,10000000-0000-0000-0000-000000000005,Transport,Expense,Cash
d288f6fd-66cf-499a-981d-dc5d08c9e089,1738242077692,"2025-01-30 18:31:17",360.0,,02380fa8-41a8-43fa-8e7b-2a579cfacfc2,Toxicity,Expense,Cash
6ad60012-4740-405b-9fc7-cb4b10eac64e,1738242077692,"2025-01-30 18:31:17",500.0,,6b86fb91-20d2-4296-8fc0-11af8f5db354,Brewery,Expense,Cash
c29491d4-04b9-408a-bdb4-3b54a90c4e61,1738242077692,"2025-01-30 18:31:17",6530.0,,10000000-0000-0000-0000-000000000007,Entertainment,Expense,Cash
dfa13570-517c-4e65-a2de-60b1e57ae2e8,1738242077692,"2025-01-30 18:31:17",5880.0,,10000000-0000-0000-0000-000000000007,Entertainment,Expense,Cash
d5f7868b-d7f0-4e85-b5b9-4441b37de9a0,1738242077692,"2025-01-30 18:31:17",300.0,,10000000-0000-0000-0000-000000000007,Entertainment,Expense,Cash
2b8f49ce-d363-49a6-974e-c56371d8e8a6,1738242077692,"2025-01-30 18:31:17",13000.0,,10000000-0000-0000-0000-000000000007,Entertainment,Expense,Cash
71bc0280-5881-48f1-8c58-26d9815692f2,1738074145979,"2025-01-28 19:52:25",360.0,,02380fa8-41a8-43fa-8e7b-2a579cfacfc2,Toxicity,Expense,Cash
d70bdb81-bd5f-48ba-80e3-9ec39f22ecc0,1738074145979,"2025-01-28 19:52:25",200.0,,6b86fb91-20d2-4296-8fc0-11af8f5db354,Brewery,Expense,Cash
d540b57a-32d7-45e6-8bc2-76e29d14ebc0,1738074145979,"2025-01-28 19:52:25",1700.0,,10000000-0000-0000-0000-000000000003,Car,Expense,Cash
e6a4eb7e-ef7d-487c-8a64-ab3812f59f47,1738074145979,"2025-01-28 19:52:25",900.0,,02380fa8-41a8-43fa-8e7b-2a579cfacfc2,Toxicity,Expense,Cash
a88becda-ff77-4ff9-bafb-024917607a2e,1738050217778,"2025-01-28 13:13:37",900.0,,02380fa8-41a8-43fa-8e7b-2a579cfacfc2,Toxicity,Expense,Cash
4d16065d-ae7c-4e65-a029-59b9b22a86a2,1737963817778,"2025-01-27 13:13:37",500.0,,10000000-0000-0000-0000-000000000004,"Eating out",Expense,Cash
7121c058-498e-4f7d-98db-0b595f0c7763,1737963817778,"2025-01-27 13:13:37",640.0,,10000000-0000-0000-0000-000000000004,"Eating out",Expense,Cash
614a7c52-284f-4e0d-b14b-8fe44faad76e,1737803646656,"2025-01-25 16:44:06",2490.0,,10000000-0000-0000-0000-000000000001,Food,Expense,Cash
12184d1c-2280-4b9c-9f1a-d11ca6d90c75,1737717246656,"2025-01-24 16:44:06",900.0,,02380fa8-41a8-43fa-8e7b-2a579cfacfc2,Toxicity,Expense,Cash
188f9dda-8dbd-477c-80d8-d27aacee07fe,1737574639282,"2025-01-23 01:07:19",14490.0,,10000000-0000-0000-0000-000000000002,House,Expense,Cash
7cb25470-42b9-4c20-b9b8-76b9646a7f66,1737357228895,"2025-01-20 12:43:48",720.0,,02380fa8-41a8-43fa-8e7b-2a579cfacfc2,Toxicity,Expense,Cash
83ac7f83-0ebc-4628-9ae9-5bb61931f00b,1737354919837,"2025-01-20 12:05:19",970.0,,02380fa8-41a8-43fa-8e7b-2a579cfacfc2,Toxicity,Expense,Cash
4fc0266d-43c6-4f69-849e-f4397f5610b2,1737204452607,"2025-01-18 18:17:32",15900.0,,10000000-0000-0000-0000-000000000005,Transport,Expense,Cash
48015a59-51a3-4b8d-9d8d-d19395e8734f,1737184673006,"2025-01-18 12:47:53",510.0,,02380fa8-41a8-43fa-8e7b-2a579cfacfc2,Toxicity,Expense,Cash
1f74b260-94e0-4ed9-80cf-83a5352781b3,1737134272347,"2025-01-17 22:47:52",1700.0,,02380fa8-41a8-43fa-8e7b-2a579cfacfc2,Toxicity,Expense,Cash
d4d483a8-7e07-4af3-90ca-07cc8906a829,1737109379499,"2025-01-17 15:52:59",3000.0,,968edc2b-7a45-41ec-8be9-e213be5528f8,Fuel,Expense,Cash
e34f8554-e5f4-4f58-b65c-324e34424aef,1737041943893,"2025-01-16 21:09:03",1620.0,,02380fa8-41a8-43fa-8e7b-2a579cfacfc2,Toxicity,Expense,Cash
e4df9162-c138-4a33-a2bd-b0025cfea176,1736953181065,"2025-01-15 20:29:41",900.0,,02380fa8-41a8-43fa-8e7b-2a579cfacfc2,Toxicity,Expense,Cash
8725181b-bb3b-4443-ab10-ef9344893cc6,1736953181065,"2025-01-15 20:29:41",400.0,,6b86fb91-20d2-4296-8fc0-11af8f5db354,Brewery,Expense,Cash
109376db-6c37-4967-8164-aff4f067b247,1736953181065,"2025-01-15 20:29:41",1080.0,,02380fa8-41a8-43fa-8e7b-2a579cfacfc2,Toxicity,Expense,Cash
b35e85a1-63c8-4a8a-aef6-fe953b1a161c,1736953181065,"2025-01-15 20:29:41",2160.0,,10000000-0000-0000-0000-000000000004,"Eating out",Expense,Cash
7aac1d5d-d2d7-4f96-a864-94947a169071,1736857447112,"2025-01-14 17:54:07",510.0,,02380fa8-41a8-43fa-8e7b-2a579cfacfc2,Toxicity,Expense,Cash
487fe99c-4baf-4b57-a283-bb51dc2adc26,1736837442876,"2025-01-14 12:20:42",1900.0,,10000000-0000-0000-0000-000000000004,"Eating out",Expense,Cash
728c15c1-d1f6-4bf5-bd70-b1575d8c3c7a,1736774127456,"2025-01-13 18:45:27",540.0,,02380fa8-41a8-43fa-8e7b-2a579cfacfc2,Toxicity,Expense,Cash
3d6b7c70-b1a3-433e-8401-52b220f693ee,1736678576646,"2025-01-12 16:12:56",180.0,,02380fa8-41a8-43fa-8e7b-2a579cfacfc2,Toxicity,Expense,Cash
08a7d84b-5491-4976-aaad-2f24a3dd0c7e,1736678576646,"2025-01-12 16:12:56",820.0,,02380fa8-41a8-43fa-8e7b-2a579cfacfc2,Toxicity,Expense,Cash
a313eb87-7b39-497e-813b-4087ec695627,1736667244188,"2025-01-12 13:04:04",1620.0,,02380fa8-41a8-43fa-8e7b-2a579cfacfc2,Toxicity,Expense,Cash
97de908b-a74d-4b81-a89f-75ee6a5f1b2a,1736612477929,"2025-01-11 21:51:17",1300.0,,02380fa8-41a8-43fa-8e7b-2a579cfacfc2,Toxicity,Expense,Cash
b96d1490-a3b1-41aa-aad5-4b92214965e0,1736595017003,"2025-01-11 17:00:17",4190.0,,10000000-0000-0000-0000-000000000001,Food,Expense,Cash
324a7a7c-858a-4549-9310-1045ea747e71,1736595017003,"2025-01-11 17:00:17",800.0,,02380fa8-41a8-43fa-8e7b-2a579cfacfc2,Toxicity,Expense,Cash
3722b4f1-c92f-499b-8c38-d0e956505f78,1736595017003,"2025-01-11 17:00:17",800.0,,10000000-0000-0000-0000-000000000004,"Eating out",Expense,Cash
2da0635d-4357-496b-8bea-80d81d080bc5,1736595017003,"2025-01-11 17:00:17",360.0,,02380fa8-41a8-43fa-8e7b-2a579cfacfc2,Toxicity,Expense,Cash
103e839e-3103-4f01-aaa4-28d1dc9ac948,1736592187439,"2025-01-11 16:13:07",7200.0,,10000000-0000-0000-0000-000000000001,Food,Expense,Cash
3ccf906c-0859-47c6-bb13-c76b457c0225,1736592187439,"2025-01-11 16:13:07",18740.0,,10000000-0000-0000-0000-000000000002,House,Expense,Cash
7ed90efa-65bb-4651-96c8-8d29f6127a31,1736577565479,"2025-01-11 12:09:25",1500.0,,6b86fb91-20d2-4296-8fc0-11af8f5db354,Brewery,Expense,Cash
dd8a6aab-88fa-4096-a2ae-e6a19fc0fd36,1736545296537,"2025-01-11 03:11:36",4960.0,,10000000-0000-0000-0000-000000000004,"Eating out",Expense,Cash
33f1add4-2998-4904-bd53-06c42dd15d92,1736526077929,"2025-01-10 21:51:17",5000.0,,968edc2b-7a45-41ec-8be9-e213be5528f8,Fuel,Expense,Cash
f0c7ae90-80ea-4737-89e7-fc1801656546,1736526077929,"2025-01-10 21:51:17",3500.0,"Haircut ",10000000-0000-0000-0000-000000000002,House,Expense,Cash
3c56b66a-006f-4b87-a629-dd0facb87b83,1736526077929,"2025-01-10 21:51:17",180.0,,02380fa8-41a8-43fa-8e7b-2a579cfacfc2,Toxicity,Expense,Cash
4ef32b26-18a2-431f-8382-848ac73fc426,1736526077929,"2025-01-10 21:51:17",2450.0,,02380fa8-41a8-43fa-8e7b-2a579cfacfc2,Toxicity,Expense,Cash
85789171-0277-43d0-a196-c16ae00d796b,1736526077929,"2025-01-10 21:51:17",360.0,,02380fa8-41a8-43fa-8e7b-2a579cfacfc2,Toxicity,Expense,Cash
ca84326e-572f-4242-8159-f55554bec4ce,1736526077929,"2025-01-10 21:51:17",380.0,,02380fa8-41a8-43fa-8e7b-2a579cfacfc2,Toxicity,Expense,Cash
2ba6dbc0-20dc-4d6f-a28c-a3e354297d3b,1736526077929,"2025-01-10 21:51:17",600.0,,02380fa8-41a8-43fa-8e7b-2a579cfacfc2,Toxicity,Expense,Cash
5c758376-5f64-436f-a36c-6e175a42ddab,1736526077929,"2025-01-10 21:51:17",200.0,,6b86fb91-20d2-4296-8fc0-11af8f5db354,Brewery,Expense,Cash
dd306dfa-ae2c-4ed0-897f-24b86995dc84,1736526077929,"2025-01-10 21:51:17",720.0,,02380fa8-41a8-43fa-8e7b-2a579cfacfc2,Toxicity,Expense,Cash
edb5561a-67f3-4b1b-88fb-631772b2aa8a,1736443920903,"2025-01-09 23:02:00",450.0,,10000000-0000-0000-0000-000000000005,Transport,Expense,Cash
ef2eafaf-3592-4723-8d81-b470272000c1,1736439677929,"2025-01-09 21:51:17",1000.0,,10000000-0000-0000-0000-000000000005,Transport,Expense,Cash
99085b56-2ce2-4419-9f29-74f2234af5e5,1736361000000,"2025-01-09 00:00:00",48860.0,Rent,10000000-0000-0000-0000-000000000002,House,Expense,Cash
14b14731-ab19-49cb-b78d-d28502a8ec62,1736316950361,"2025-01-08 11:45:50",4000.0,,10000000-0000-0000-0000-000000000003,Car,Expense,Cash
ae273ffe-93cb-4b94-b863-c12c18ed8dea,1736316950361,"2025-01-08 11:45:50",380.0,,02380fa8-41a8-43fa-8e7b-2a579cfacfc2,Toxicity,Expense,Cash
4be9d26b-990a-4361-acd1-a67cc891eb71,1736216478338,"2025-01-07 07:51:18",370.0,,02380fa8-41a8-43fa-8e7b-2a579cfacfc2,Toxicity,Expense,Cash
03302de8-f0ed-4ec8-99cb-bd77c97521f1,1736003982114,"2025-01-04 20:49:42",360.0,,02380fa8-41a8-43fa-8e7b-2a579cfacfc2,Toxicity,Expense,Cash
7aaeec59-1108-495e-afb8-3f75d764b043,1736003982114,"2025-01-04 20:49:42",600.0,,6b86fb91-20d2-4296-8fc0-11af8f5db354,Brewery,Expense,Cash
5a4c774c-8f6e-4fae-9125-412c1d2ca638,1735912594396,"2025-01-03 19:26:34",990.0,,02380fa8-41a8-43fa-8e7b-2a579cfacfc2,Toxicity,Expense,Cash
434253a6-ba41-46df-9dc9-996fee385e36,1735912594396,"2025-01-03 19:26:34",300.0,,6b86fb91-20d2-4296-8fc0-11af8f5db354,Brewery,Expense,Cash
efdaeeb3-a059-4958-8658-89c38e94075a,1735912594396,"2025-01-03 19:26:34",400.0,,02380fa8-41a8-43fa-8e7b-2a579cfacfc2,Toxicity,Expense,Cash
b1b47eb9-abd2-4f5c-8794-12a07518896d,1735861900118,"2025-01-03 05:21:40",11700.0,,10000000-0000-0000-0000-000000000002,House,Expense,Cash
12e7fd22-6968-480f-b0dd-d9d3540e8c4f,1735861900118,"2025-01-03 05:21:40",8570.0,,968edc2b-7a45-41ec-8be9-e213be5528f8,Fuel,Expense,Cash
0645fd8b-ad62-4c05-bd50-52ca1a8d9ddf,1735861900118,"2025-01-03 05:21:40",990.0,,02380fa8-41a8-43fa-8e7b-2a579cfacfc2,Toxicity,Expense,Cash
b950068d-2b09-4434-b750-b813dc8c508a,1735861900118,"2025-01-03 05:21:40",400.0,,6b86fb91-20d2-4296-8fc0-11af8f5db354,Brewery,Expense,Cash
ceee3645-497c-4e40-a7da-bb0eb6a80702,1735748690481,"2025-01-01 21:54:50",3430.0,,10000000-0000-0000-0000-000000000003,Car,Expense,Cash
a560b1c0-28e8-4021-b70e-589a41123fd2,1735676428804,"2025-01-01 01:50:28",2850.0,,10000000-0000-0000-0000-000000000004,"Eating out",Expense,Cash
a5277bf5-c851-4036-8321-656d7f0c13ee,1735676385957,"2025-01-01 01:49:45",5520.0,,10000000-0000-0000-0000-000000000004,"Eating out",Expense,Cash
6b806553-1968-4d38-b590-11564657d377,1735636345869,"2024-12-31 14:42:25",1540.0,,10000000-0000-0000-0000-000000000005,Transport,Expense,Cash
465526c2-278d-474f-b9e3-61537b339963,1735636345869,"2024-12-31 14:42:25",240.0,,02380fa8-41a8-43fa-8e7b-2a579cfacfc2,Toxicity,Expense,Cash
7c9edb58-25f2-4b9b-afbc-fff4e9a0a476,1735502834910,"2024-12-30 01:37:14",2890.0,,10000000-0000-0000-0000-000000000004,"Eating out",Expense,Cash
8f3f1d6f-eaaf-4400-bf4a-da5e306ebbd9,1735464371192,"2024-12-29 14:56:11",3400.0,,10000000-0000-0000-0000-000000000004,"Eating out",Expense,Cash
26795db7-c38a-4adb-92e4-244c062fcaee,1735464371192,"2024-12-29 14:56:11",360.0,,02380fa8-41a8-43fa-8e7b-2a579cfacfc2,Toxicity,Expense,Cash
a84b07a9-4bcb-430c-a8e9-a98dd5a7377b,1735464371192,"2024-12-29 14:56:11",250.0,,6b86fb91-20d2-4296-8fc0-11af8f5db354,Brewery,Expense,Cash
c32719d9-f118-467d-a2aa-7cff1ad0b621,1735464371192,"2024-12-29 14:56:11",190.0,,02380fa8-41a8-43fa-8e7b-2a579cfacfc2,Toxicity,Expense,Cash
c970e076-f60e-4b12-aea7-3fac860aae7b,1735464371192,"2024-12-29 14:56:11",150.0,,6b86fb91-20d2-4296-8fc0-11af8f5db354,Brewery,Expense,Cash
0f3083d4-5ee8-4968-a232-69de90bd480c,1735405919250,"2024-12-28 22:41:59",500.0,,6b86fb91-20d2-4296-8fc0-11af8f5db354,Brewery,Expense,Cash
105091ee-8c45-4a0c-88a6-894fb5e3df98,1735373468396,"2024-12-28 13:41:08",1600.0,,10000000-0000-0000-0000-000000000004,"Eating out",Expense,Cash
0a131eb5-9cd3-4883-9177-daa854ee4de4,1735316771668,"2024-12-27 21:56:11",180.0,,02380fa8-41a8-43fa-8e7b-2a579cfacfc2,Toxicity,Expense,Cash
494de323-423d-49e4-a6c6-9548fc530774,1735316771668,"2024-12-27 21:56:11",100.0,,6b86fb91-20d2-4296-8fc0-11af8f5db354,Brewery,Expense,Cash
589d4ba4-24e9-47b3-a9a5-29a119c00a6f,1735316771668,"2024-12-27 21:56:11",2750.0,,10000000-0000-0000-0000-000000000004,"Eating out",Expense,Cash
f9c9f5e5-6d47-4927-b7a3-ed4ac0deee75,1735290096113,"2024-12-27 14:31:36",590.0,,02380fa8-41a8-43fa-8e7b-2a579cfacfc2,Toxicity,Expense,Cash
a1eef867-2a66-43a0-b41a-c3725478ba9d,1735290096113,"2024-12-27 14:31:36",1200.0,,02380fa8-41a8-43fa-8e7b-2a579cfacfc2,Toxicity,Expense,Cash
bdb58d19-b948-43e3-a6a4-62c1e620727a,1735284078947,"2024-12-27 12:51:18",5670.0,,968edc2b-7a45-41ec-8be9-e213be5528f8,Fuel,Expense,Cash
e591feb4-b54b-4f29-b387-7e4d3d1b5ed3,1735241405246,"2024-12-27 01:00:05",1820.0,,10000000-0000-0000-0000-000000000004,"Eating out",Expense,Cash
52ab860c-120c-48d4-a980-bfa8b5e42683,1735235579935,"2024-12-26 23:22:59",720.0,,02380fa8-41a8-43fa-8e7b-2a579cfacfc2,Toxicity,Expense,Cash
fab5698f-9898-4cc6-930c-b3b0e4bed41a,1735216130461,"2024-12-26 17:58:50",1800.0,,02380fa8-41a8-43fa-8e7b-2a579cfacfc2,Toxicity,Expense,Cash
f2788c2d-feaf-4fb3-800e-5f5a213001a6,1735202878778,"2024-12-26 14:17:58",650.0,,10000000-0000-0000-0000-000000000001,Food,Expense,Cash
3bb81b9b-779a-4e47-b4dd-3ead21db3129,1735147917314,"2024-12-25 23:01:57",1660.0,,02380fa8-41a8-43fa-8e7b-2a579cfacfc2,Toxicity,Expense,Cash
6688d2d6-2f84-4bd8-ba5c-7c2c8d512a07,1735147917314,"2024-12-25 23:01:57",980.0,,02380fa8-41a8-43fa-8e7b-2a579cfacfc2,Toxicity,Expense,Cash
141ce0bd-e840-4ab1-afb1-85286615b68e,1735078681621,"2024-12-25 03:48:01",890.0,,10000000-0000-0000-0000-000000000004,"Eating out",Expense,Cash
d6324286-4446-4a65-95d5-253560a0348f,1735039120629,"2024-12-24 16:48:40",400.0,,02380fa8-41a8-43fa-8e7b-2a579cfacfc2,Toxicity,Expense,Cash
96b3abe8-b80d-4936-9b21-66c6a46aa7dc,1735039120629,"2024-12-24 16:48:40",360.0,,02380fa8-41a8-43fa-8e7b-2a579cfacfc2,Toxicity,Expense,Cash
f3c5e36d-dba5-4a1c-8579-d51d9cb9cf64,1735039120629,"2024-12-24 16:48:40",100.0,,6b86fb91-20d2-4296-8fc0-11af8f5db354,Brewery,Expense,Cash
f7be6e5a-2372-42bb-adbf-1ed4f5402499,1735039120629,"2024-12-24 16:48:40",200.0,,6b86fb91-20d2-4296-8fc0-11af8f5db354,Brewery,Expense,Cash
140b1767-6440-478b-92f7-99e80eac50d0,1735039120629,"2024-12-24 16:48:40",150.0,,02380fa8-41a8-43fa-8e7b-2a579cfacfc2,Toxicity,Expense,Cash
7bd4f89c-2e77-42d3-96ae-05fd1c2adb7b,1734963022652,"2024-12-23 19:40:22",180.0,,02380fa8-41a8-43fa-8e7b-2a579cfacfc2,Toxicity,Expense,Cash
afa58c6c-a786-4ad2-8e45-bea967ca5de8,1734963022652,"2024-12-23 19:40:22",360.0,,02380fa8-41a8-43fa-8e7b-2a579cfacfc2,Toxicity,Expense,Cash
f4beb6c1-631b-4709-affe-f9c6a0ae6239,1734963022652,"2024-12-23 19:40:22",100.0,,6b86fb91-20d2-4296-8fc0-11af8f5db354,Brewery,Expense,Cash
ce6bdf7a-f6b6-4be8-8825-9c6d1ac0c768,1734963022652,"2024-12-23 19:40:22",5670.0,,968edc2b-7a45-41ec-8be9-e213be5528f8,Fuel,Expense,Cash
d41e4c15-93fe-4328-8f91-2d1b5f25dcad,1734900528507,"2024-12-23 02:18:48",43680.0,,10000000-0000-0000-0000-000000000005,Transport,Expense,Cash
25244919-6c5d-4373-b7c5-9532c8b07e63,1734900528507,"2024-12-23 02:18:48",24630.0,,10000000-0000-0000-0000-000000000005,Transport,Expense,Cash
ccd804fd-513c-46c8-9c3d-2c2c12d0e116,1734864613222,"2024-12-22 16:20:13",3140.0,,10000000-0000-0000-0000-000000000004,"Eating out",Expense,Cash
fb7ad687-d1eb-4bb1-a5f8-72a4d499ce4a,1734864613222,"2024-12-22 16:20:13",360.0,,02380fa8-41a8-43fa-8e7b-2a579cfacfc2,Toxicity,Expense,Cash
5a4ab3ee-c4a6-46f5-b4d3-b019eece65c9,1734864613222,"2024-12-22 16:20:13",360.0,,02380fa8-41a8-43fa-8e7b-2a579cfacfc2,Toxicity,Expense,Cash
9a0b8b9a-8093-4d76-8782-7777644778e1,1734864613222,"2024-12-22 16:20:13",200.0,,6b86fb91-20d2-4296-8fc0-11af8f5db354,Brewery,Expense,Cash
6479a672-93a9-4d01-a6dd-3182e14f8e57,1734807061473,"2024-12-22 00:21:01",13990.0,,10000000-0000-0000-0000-000000000002,House,Expense,Cash
3e3acf6f-99a2-4aca-8cda-2400273398b4,1734797611204,"2024-12-21 21:43:31",180.0,,02380fa8-41a8-43fa-8e7b-2a579cfacfc2,Toxicity,Expense,Cash
2f270a11-8a33-4d74-8315-23bf7c5add40,1734797611204,"2024-12-21 21:43:31",720.0,,02380fa8-41a8-43fa-8e7b-2a579cfacfc2,Toxicity,Expense,Cash
ca778c32-db65-4bee-8cb1-bc0ee332b701,1734759651003,"2024-12-21 11:10:51",200.0,,6b86fb91-20d2-4296-8fc0-11af8f5db354,Brewery,Expense,Cash
33bf1cbd-d415-4c21-b609-809d5b7fe958,1734759646416,"2024-12-21 11:10:46",400.0,,02380fa8-41a8-43fa-8e7b-2a579cfacfc2,Toxicity,Expense,Cash
7435ff9c-e9f8-41b0-b665-a37afedc04ac,1734759639947,"2024-12-21 11:10:39",360.0,,02380fa8-41a8-43fa-8e7b-2a579cfacfc2,Toxicity,Expense,Cash
d7699e12-9c56-4350-9fd8-041bdd492a9e,1734682217470,"2024-12-20 13:40:17",1130.0,,10000000-0000-0000-0000-000000000002,House,Expense,Cash
7fd8c113-5e5a-4c83-8bae-4bc457c398fe,1734680478306,"2024-12-20 13:11:18",150.0,,6b86fb91-20d2-4296-8fc0-11af8f5db354,Brewery,Expense,Cash
ff8b3762-bc55-4a3a-9b14-61ad048982f8,1734612226293,"2024-12-19 18:13:46",4430.0,,10000000-0000-0000-0000-000000000002,House,Expense,Cash
e1f498d5-cbc2-431a-94ed-cd9c1dcf119f,1734547813939,"2024-12-19 00:20:13",1670.0,Facewash,10000000-0000-0000-0000-000000000002,House,Expense,Cash
83bcc841-a40d-4110-b1bc-9d42578e1384,1734367249162,"2024-12-16 22:10:49",180.0,,02380fa8-41a8-43fa-8e7b-2a579cfacfc2,Toxicity,Expense,Cash
484d45d2-706a-41fa-959d-2d32bb506cbd,1734367249162,"2024-12-16 22:10:49",400.0,,10000000-0000-0000-0000-000000000004,"Eating out",Expense,Cash
9808c189-e6d6-4a71-9ff7-8e7f3de9151a,1734367249162,"2024-12-16 22:10:49",1000.0,,10000000-0000-0000-0000-000000000002,House,Expense,Cash
4e0d794c-5954-4d09-bfb8-9bde8580eadd,1734367249162,"2024-12-16 22:10:49",1400.0,,10000000-0000-0000-0000-000000000004,"Eating out",Expense,Cash
b7083d1f-179e-41a3-9306-a55e41e9f7db,1734367249162,"2024-12-16 22:10:49",600.0,,02380fa8-41a8-43fa-8e7b-2a579cfacfc2,Toxicity,Expense,Cash
2d6a0b20-b795-4cf6-9307-63569906e6e5,1734345753554,"2024-12-16 16:12:33",150.0,,6b86fb91-20d2-4296-8fc0-11af8f5db354,Brewery,Expense,Cash
23df314b-c90a-490b-81c7-74e1422e7ff9,1734345753554,"2024-12-16 16:12:33",360.0,,02380fa8-41a8-43fa-8e7b-2a579cfacfc2,Toxicity,Expense,Cash
b7967aaf-1e6c-475d-97cc-dbf0b416734f,1734345753554,"2024-12-16 16:12:33",1200.0,,d71face0-704a-49ff-8c96-9778abb5d2e3,Bike,Expense,Cash
136ac51f-3e37-4660-bb7b-2f258aa28616,1734294887509,"2024-12-16 02:04:47",2080.0,,10000000-0000-0000-0000-000000000004,"Eating out",Expense,Cash
34389e42-08f1-4678-8ea9-4290c2bbc8a8,1734146856589,"2024-12-14 08:57:36",150.0,,6b86fb91-20d2-4296-8fc0-11af8f5db354,Brewery,Expense,Cash
b018d055-f3b5-4efb-befd-c8860d4b8615,1734090134709,"2024-12-13 17:12:14",510.0,,02380fa8-41a8-43fa-8e7b-2a579cfacfc2,Toxicity,Expense,Cash
fef3723a-6eb7-4b4b-8bd2-3625695ee8d3,1734090134709,"2024-12-13 17:12:14",650.0,,6b86fb91-20d2-4296-8fc0-11af8f5db354,Brewery,Expense,Cash
3318199c-85d2-4e08-bc12-b931f3c0915b,1734090134709,"2024-12-13 17:12:14",360.0,,02380fa8-41a8-43fa-8e7b-2a579cfacfc2,Toxicity,Expense,Cash
7f0a6960-8b16-474b-b946-2960a5e4a10a,1734090134709,"2024-12-13 17:12:14",360.0,,02380fa8-41a8-43fa-8e7b-2a579cfacfc2,Toxicity,Expense,Cash
9b5f98eb-0b02-425f-b301-e19c34e77db0,1734030997607,"2024-12-13 00:46:37",2930.0,,10000000-0000-0000-0000-000000000004,"Eating out",Expense,Cash
24ab0f20-aa6d-4889-a09a-48842bc0c282,1734013962549,"2024-12-12 20:02:42",360.0,,02380fa8-41a8-43fa-8e7b-2a579cfacfc2,Toxicity,Expense,Cash
a997cffe-a055-4079-bea3-cba29549f6a8,1733854688012,"2024-12-10 23:48:08",550.0,,10000000-0000-0000-0000-000000000004,"Eating out",Expense,Cash
681820eb-c5a2-4489-8a66-f10cceaccee9,1733854688012,"2024-12-10 23:48:08",570.0,,02380fa8-41a8-43fa-8e7b-2a579cfacfc2,Toxicity,Expense,Cash
26f8d76a-710c-464d-a5fc-c2256d240756,1733843040905,"2024-12-10 20:34:00",300.0,,02380fa8-41a8-43fa-8e7b-2a579cfacfc2,Toxicity,Expense,Cash
d020a2c3-8eb2-41d4-9120-a06e7d6b4314,1733782144286,"2024-12-10 03:39:04",3080.0,,10000000-0000-0000-0000-000000000004,"Eating out",Expense,Cash
31b47289-758d-4233-82f8-4c9ba046f810,1733741623168,"2024-12-09 16:23:43",2500.0,"Haircut ",10000000-0000-0000-0000-000000000002,House,Expense,Cash
c0967acb-25b9-4bd1-96d6-3d27641b95c2,1733741623168,"2024-12-09 16:23:43",180.0,,02380fa8-41a8-43fa-8e7b-2a579cfacfc2,Toxicity,Expense,Cash
22d37fab-2709-4364-aa4d-4a3972163435,1733741623168,"2024-12-09 16:23:43",650.0,,02380fa8-41a8-43fa-8e7b-2a579cfacfc2,Toxicity,Expense,Cash
2e06d197-1150-4a95-b743-879754d814c0,1733741623168,"2024-12-09 16:23:43",1510.0,,10000000-0000-0000-0000-000000000002,House,Expense,Cash
34037d21-3a29-4ccc-b9e7-d2c347be8040,1733704467439,"2024-12-09 06:04:27",2350.0,"Bank charges ",10000000-0000-0000-0000-000000000002,House,Expense,Cash
049b5ea1-31ca-42fc-9b78-a5505fb7be62,1733704467439,"2024-12-09 06:04:27",760.0,,02380fa8-41a8-43fa-8e7b-2a579cfacfc2,Toxicity,Expense,Cash
35db8056-389f-4f01-a8a9-a6bfcd142866,1733704467439,"2024-12-09 06:04:27",600.0,,10000000-0000-0000-0000-000000000004,"Eating out",Expense,Cash
518956fe-c41d-4908-991f-58a2064f8632,1733674400602,"2024-12-08 21:43:20",600.0,,02380fa8-41a8-43fa-8e7b-2a579cfacfc2,Toxicity,Expense,Cash
2562cbfb-e272-4101-b1bb-a4726e07689c,1733674400602,"2024-12-08 21:43:20",5670.0,,968edc2b-7a45-41ec-8be9-e213be5528f8,Fuel,Expense,Cash
8b0c1268-27f9-421b-a1f5-a7896c413651,1733631249562,"2024-12-08 09:44:09",540.0,,02380fa8-41a8-43fa-8e7b-2a579cfacfc2,Toxicity,Expense,Cash
b91d62ff-b43b-43e0-b816-c47dd113fd19,1733631249562,"2024-12-08 09:44:09",2110.0,,10000000-0000-0000-0000-000000000004,"Eating out",Expense,Cash
485ef30c-f55f-4502-ba63-cc974167739e,1733598576020,"2024-12-08 00:39:36",2930.0,,10000000-0000-0000-0000-000000000004,"Eating out",Expense,Cash
7f19aa13-7cbc-4e6e-946f-29be13c40c86,1733592374490,"2024-12-07 22:56:14",600.0,,02380fa8-41a8-43fa-8e7b-2a579cfacfc2,Toxicity,Expense,Cash
3437ea07-b67b-402a-a112-256a645dec66,1733592374490,"2024-12-07 22:56:14",360.0,,02380fa8-41a8-43fa-8e7b-2a579cfacfc2,Toxicity,Expense,Cash
99b095e6-1fa4-4f34-8c31-791a0d297a77,1733575813212,"2024-12-07 18:20:13",2720.0,,10000000-0000-0000-0000-000000000004,"Eating out",Expense,Cash
04481bd0-3c5b-4327-88ef-ac08f649fe86,1733575813212,"2024-12-07 18:20:13",280.0,,02380fa8-41a8-43fa-8e7b-2a579cfacfc2,Toxicity,Expense,Cash
00a4098f-dcea-43f0-9124-580e4d279646,1733575813212,"2024-12-07 18:20:13",360.0,,02380fa8-41a8-43fa-8e7b-2a579cfacfc2,Toxicity,Expense,Cash
a54358d0-d5db-4333-86c7-b1c1704ff67c,1733546212952,"2024-12-07 10:06:52",350.0,,10000000-0000-0000-0000-000000000004,"Eating out",Expense,Cash
470a9ed4-f303-4252-98bf-d7a3b53251ac,1733506419880,"2024-12-06 23:03:39",2940.0,,6b86fb91-20d2-4296-8fc0-11af8f5db354,Brewery,Expense,Cash
fba232be-adbb-43ba-b392-06eda4aeb3fc,1733503556422,"2024-12-06 22:15:56",900.0,,10000000-0000-0000-0000-000000000004,"Eating out",Expense,Cash
92207720-4378-4c0f-bb0a-9869f84ec2a4,1733503556422,"2024-12-06 22:15:56",540.0,,02380fa8-41a8-43fa-8e7b-2a579cfacfc2,Toxicity,Expense,Cash
38d02bd0-aa12-4fc0-a4b1-ff666fe17360,1733472055921,"2024-12-06 13:30:55",600.0,,02380fa8-41a8-43fa-8e7b-2a579cfacfc2,Toxicity,Expense,Cash
9babf18a-2186-40c3-a1a6-964fee525143,1733423400000,"2024-12-06 00:00:00",48370.0,Rent,10000000-0000-0000-0000-000000000002,House,Expense,Cash
e6adc898-0dfe-44b9-922e-0f6b3669450f,1733420019880,"2024-12-05 23:03:39",3500.0,,10000000-0000-0000-0000-000000000004,"Eating out",Expense,Cash
7d470dde-f09b-43a0-a905-8512dc282021,1733394359079,"2024-12-05 15:55:59",600.0,,02380fa8-41a8-43fa-8e7b-2a579cfacfc2,Toxicity,Expense,Cash
08e805f7-8064-4f1c-a0f7-fd4eea450c1b,1733331518023,"2024-12-04 22:28:38",600.0,,10000000-0000-0000-0000-000000000004,"Eating out",Expense,Cash
11020406-b4bd-4145-8026-a1efba88bfd1,1733331518023,"2024-12-04 22:28:38",700.0,,10000000-0000-0000-0000-000000000004,"Eating out",Expense,Cash
1fa0ee9a-cb62-4090-91c7-0ea4a4082baa,1733331518023,"2024-12-04 22:28:38",710.0,,02380fa8-41a8-43fa-8e7b-2a579cfacfc2,Toxicity,Expense,Cash
7fa78fb1-f618-4fd8-b826-4299c6585fd9,1733307059166,"2024-12-04 15:40:59",180.0,,02380fa8-41a8-43fa-8e7b-2a579cfacfc2,Toxicity,Expense,Cash
0b49ddd6-dfc6-4129-bd59-8df20bd44039,1733307059166,"2024-12-04 15:40:59",150.0,,6b86fb91-20d2-4296-8fc0-11af8f5db354,Brewery,Expense,Cash
c8881c68-3ab6-4f9b-a76e-e5e89d58bc0d,1733307059166,"2024-12-04 15:40:59",3000.0,,10000000-0000-0000-0000-000000000001,Food,Expense,Cash
b64ea5a8-5a35-4e49-8577-68313cee77d9,1733248413419,"2024-12-03 23:23:33",300.0,,02380fa8-41a8-43fa-8e7b-2a579cfacfc2,Toxicity,Expense,Cash
07d9d48e-397b-4f06-b83c-017075331667,1733248413419,"2024-12-03 23:23:33",800.0,,10000000-0000-0000-0000-000000000004,"Eating out",Expense,Cash
259630c1-4db4-4eaf-b6bc-d517df0141d7,1733232084132,"2024-12-03 18:51:24",520.0,,02380fa8-41a8-43fa-8e7b-2a579cfacfc2,Toxicity,Expense,Cash
2a828cec-f1f4-4c8e-9526-4c87a5a7155a,1733229129257,"2024-12-03 18:02:09",200.0,,10000000-0000-0000-0000-000000000004,"Eating out",Expense,Cash
cd2c4c77-c7a5-4183-9a6c-694801bff2ba,1733117281069,"2024-12-02 10:58:01",9790.0,"Mobile recharge ",10000000-0000-0000-0000-000000000002,House,Expense,Cash
b1f4f58d-fd03-4f44-986e-d86a5f8e1bde,1733074793673,"2024-12-01 23:09:53",4060.0,,10000000-0000-0000-0000-000000000004,"Eating out",Expense,Cash
c3f174cd-2533-4609-b069-e02fb183f1dc,1733067021767,"2024-12-01 21:00:21",500.0,,10000000-0000-0000-0000-000000000004,"Eating out",Expense,Cash
a9213916-9af9-4435-86c5-f7b8a2a89a47,1733067021767,"2024-12-01 21:00:21",900.0,,02380fa8-41a8-43fa-8e7b-2a579cfacfc2,Toxicity,Expense,Cash
6bf64db1-da6f-4410-8ede-673894d6f323,1733065112428,"2024-12-01 20:28:32",400.0,,10000000-0000-0000-0000-000000000001,Food,Expense,Cash
52ae5784-b35b-459c-ba3e-e87889fd9af2,1733065103515,"2024-12-01 20:28:23",830.0,,02380fa8-41a8-43fa-8e7b-2a579cfacfc2,Toxicity,Expense,Cash
e3513b29-0097-4ac8-b8f5-c063bf61f190,1733065091302,"2024-12-01 20:28:11",3600.0,,02380fa8-41a8-43fa-8e7b-2a579cfacfc2,Toxicity,Expense,Cash
854ca558-10f7-47e4-bd2b-9116fe43be4c,1733065086761,"2024-12-01 20:28:06",1000.0,,10000000-0000-0000-0000-000000000004,"Eating out",Expense,Cash
d2d53df8-8ff3-407a-8d02-099d43cfffb0,1733030984945,"2024-12-01 10:59:44",150.0,,6b86fb91-20d2-4296-8fc0-11af8f5db354,Brewery,Expense,Cash
1eaad980-9d49-4836-bf09-066e3079095f,1733030980777,"2024-12-01 10:59:40",780.0,,02380fa8-41a8-43fa-8e7b-2a579cfacfc2,Toxicity,Expense,Cash
30cbdf7a-b85b-4c99-a3dc-ce6923c7e5e9,1733030536017,"2024-12-01 10:52:16",350.0,,10000000-0000-0000-0000-000000000004,"Eating out",Expense,Cash
165b5b20-e410-4f47-9da6-552f14c68d4a,1732988393673,"2024-11-30 23:09:53",200.0,,10000000-0000-0000-0000-000000000001,Food,Expense,Cash
8fb5c337-9061-425b-8737-b9d5748c5ef3,1732988393673,"2024-11-30 23:09:53",340.0,,02380fa8-41a8-43fa-8e7b-2a579cfacfc2,Toxicity,Expense,Cash
fb39289b-41cf-452e-83fa-97446e7d27a5,1732988393673,"2024-11-30 23:09:53",150.0,,6b86fb91-20d2-4296-8fc0-11af8f5db354,Brewery,Expense,Cash
142e1dd6-ddcb-433c-b584-aa5a905b7aae,1732988393673,"2024-11-30 23:09:53",1030.0,,02380fa8-41a8-43fa-8e7b-2a579cfacfc2,Toxicity,Expense,Cash
22fc91ed-8f21-4679-bb38-de1b5b439d38,1732920059354,"2024-11-30 04:10:59",1400.0,,10000000-0000-0000-0000-000000000004,"Eating out",Expense,Cash
0555132d-8bae-45e2-b084-2f52c665cfb5,1732895911226,"2024-11-29 21:28:31",1100.0,,10000000-0000-0000-0000-000000000004,"Eating out",Expense,Cash
3ef175cf-638a-4a77-8cd0-bcf917f0aedf,1732895911226,"2024-11-29 21:28:31",970.0,,02380fa8-41a8-43fa-8e7b-2a579cfacfc2,Toxicity,Expense,Cash
769d497d-bf58-4a48-a8af-4d4adf8d3a70,1732886581923,"2024-11-29 18:53:01",2190.0,,02380fa8-41a8-43fa-8e7b-2a579cfacfc2,Toxicity,Expense,Cash
1f699fdd-6820-4b42-94ef-a9432e68a308,1732886581923,"2024-11-29 18:53:01",5670.0,,968edc2b-7a45-41ec-8be9-e213be5528f8,Fuel,Expense,Cash
e92f11cd-5c2c-4d0a-8e03-0ab563e19982,1732836012547,"2024-11-29 04:50:12",180.0,,02380fa8-41a8-43fa-8e7b-2a579cfacfc2,Toxicity,Expense,Cash
74854d34-c082-4f95-815b-a84ea4a59d82,1732836012547,"2024-11-29 04:50:12",200.0,,6b86fb91-20d2-4296-8fc0-11af8f5db354,Brewery,Expense,Cash
86fa5831-01fc-42d0-9688-e1d98614ccaf,1732825532748,"2024-11-29 01:55:32",900.0,,02380fa8-41a8-43fa-8e7b-2a579cfacfc2,Toxicity,Expense,Cash
a0b3fb37-4ea8-46c4-9de0-2816387271cc,1732810920776,"2024-11-28 21:52:00",300.0,,02380fa8-41a8-43fa-8e7b-2a579cfacfc2,Toxicity,Expense,Cash
1563c6c7-11d6-475d-9629-09ad2831acf5,1732810920776,"2024-11-28 21:52:00",1580.0,,02380fa8-41a8-43fa-8e7b-2a579cfacfc2,Toxicity,Expense,Cash
c5c645de-5f2f-4052-bc01-73684c1d516e,1732797662659,"2024-11-28 18:11:02",360.0,,02380fa8-41a8-43fa-8e7b-2a579cfacfc2,Toxicity,Expense,Cash
fa8c0160-2467-43ee-9c15-6d00f1b21a71,1732751754339,"2024-11-28 05:25:54",1410.0,,02380fa8-41a8-43fa-8e7b-2a579cfacfc2,Toxicity,Expense,Cash
811ba557-e57e-4eb7-ba28-156b356cf3b3,1732751754339,"2024-11-28 05:25:54",500.0,,02380fa8-41a8-43fa-8e7b-2a579cfacfc2,Toxicity,Expense,Cash
d5901b70-13a3-4a76-ab1e-39d84def34fb,1732751754339,"2024-11-28 05:25:54",570.0,,02380fa8-41a8-43fa-8e7b-2a579cfacfc2,Toxicity,Expense,Cash
5e98d543-a962-4e0f-8c9a-ef2e46c65817,1732751754339,"2024-11-28 05:25:54",1140.0,,02380fa8-41a8-43fa-8e7b-2a579cfacfc2,Toxicity,Expense,Cash
045dfb48-0e06-40d6-8ede-341b71335c3c,1732751754339,"2024-11-28 05:25:54",300.0,,02380fa8-41a8-43fa-8e7b-2a579cfacfc2,Toxicity,Expense,Cash
c7db0ff1-ade2-47b2-a1a9-c2048fbb7f15,1732751754339,"2024-11-28 05:25:54",380.0,,02380fa8-41a8-43fa-8e7b-2a579cfacfc2,Toxicity,Expense,Cash
73b5fcfc-eb25-4106-b6fb-2090ca61b587,1732751754339,"2024-11-28 05:25:54",800.0,,10000000-0000-0000-0000-000000000004,"Eating out",Expense,Cash
8348b9ba-8b2e-46d4-8b9a-4c2deb582b53,1732751754339,"2024-11-28 05:25:54",100.0,,6b86fb91-20d2-4296-8fc0-11af8f5db354,Brewery,Expense,Cash
cad5c167-0b3d-4430-9405-af6d92792b12,1732751754339,"2024-11-28 05:25:54",3200.0,,02380fa8-41a8-43fa-8e7b-2a579cfacfc2,Toxicity,Expense,Cash
dd2e3845-b9f0-44b2-9c2b-1ce49617064f,1732751754339,"2024-11-28 05:25:54",600.0,,10000000-0000-0000-0000-000000000004,"Eating out",Expense,Cash
1194a616-5322-46d9-a3ac-b32b4e2c0eec,1732714889917,"2024-11-27 19:11:29",100.0,,6b86fb91-20d2-4296-8fc0-11af8f5db354,Brewery,Expense,Cash
246ba422-ddd7-4eac-810c-edb7e517f674,1732692199332,"2024-11-27 12:53:19",900.0,,10000000-0000-0000-0000-000000000004,"Eating out",Expense,Cash
c1dfea81-029f-4cd4-9dbe-862b160067e4,1732692199332,"2024-11-27 12:53:19",500.0,,10000000-0000-0000-0000-000000000001,Food,Expense,Cash
3c637e5f-9adf-4d1f-bd82-2d2f75161472,1732692199332,"2024-11-27 12:53:19",550.0,,10000000-0000-0000-0000-000000000001,Food,Expense,Cash
ac165ff8-d507-44bb-a70c-743c3f24bb7b,1732692199332,"2024-11-27 12:53:19",400.0,,10000000-0000-0000-0000-000000000001,Food,Expense,Cash
05f38139-2392-4f12-9595-68f2ec9f6e68,1732692199332,"2024-11-27 12:53:19",600.0,,02380fa8-41a8-43fa-8e7b-2a579cfacfc2,Toxicity,Expense,Cash
cae04b52-3660-4d0f-b7a7-4307fc6d8941,1732630213990,"2024-11-26 19:40:13",3370.0,,10000000-0000-0000-0000-000000000002,House,Expense,Cash
353b6747-41a8-48b6-8184-28c4c91e5d35,1732630213990,"2024-11-26 19:40:13",150.0,,02380fa8-41a8-43fa-8e7b-2a579cfacfc2,Toxicity,Expense,Cash
f98ca311-633a-4573-8e90-317b171925e0,1732566673405,"2024-11-26 02:01:13",250.0,,02380fa8-41a8-43fa-8e7b-2a579cfacfc2,Toxicity,Expense,Cash
3d1acb38-18e4-48c3-8355-1c8d8ee7f5f0,1732566673405,"2024-11-26 02:01:13",250.0,,02380fa8-41a8-43fa-8e7b-2a579cfacfc2,Toxicity,Expense,Cash
14814411-2de8-4917-b587-fe17d5362d68,1732554846668,"2024-11-25 22:44:06",360.0,,02380fa8-41a8-43fa-8e7b-2a579cfacfc2,Toxicity,Expense,Cash
0919cf85-81b8-4e01-a1ef-e95fc6413253,1732554846668,"2024-11-25 22:44:06",40.0,,10000000-0000-0000-0000-000000000002,House,Expense,Cash
bc75d28e-2b06-4477-bd90-5e10bd9270b4,1732554846668,"2024-11-25 22:44:06",380.0,,02380fa8-41a8-43fa-8e7b-2a579cfacfc2,Toxicity,Expense,Cash
05482ad4-7f9e-4cac-b15f-d9644b0d6695,1732554846668,"2024-11-25 22:44:06",910.0,,02380fa8-41a8-43fa-8e7b-2a579cfacfc2,Toxicity,Expense,Cash
2e002250-36b4-4156-9e29-fbddf63915f7,1732476016279,"2024-11-25 00:50:16",1570.0,,10000000-0000-0000-0000-000000000004,"Eating out",Expense,Cash
8dc21ae7-73b0-49b7-99cb-69007f2df344,1732465882135,"2024-11-24 22:01:22",360.0,,02380fa8-41a8-43fa-8e7b-2a579cfacfc2,Toxicity,Expense,Cash
5375f961-283c-45c7-ab1f-224b23857395,1732465882135,"2024-11-24 22:01:22",360.0,,02380fa8-41a8-43fa-8e7b-2a579cfacfc2,Toxicity,Expense,Cash
d79d9534-a251-4ccc-a0e8-080c2fe9277e,1732465882135,"2024-11-24 22:01:22",570.0,,02380fa8-41a8-43fa-8e7b-2a579cfacfc2,Toxicity,Expense,Cash
480e714f-003c-4612-8698-688f7256970b,1732386381508,"2024-11-23 23:56:21",200.0,,6b86fb91-20d2-4296-8fc0-11af8f5db354,Brewery,Expense,Cash
b93b1710-f2fe-406c-b163-eb57bf55aa6b,1732386381508,"2024-11-23 23:56:21",210.0,,02380fa8-41a8-43fa-8e7b-2a579cfacfc2,Toxicity,Expense,Cash
6939c148-b294-4cea-8235-9206915e165f,1732374705163,"2024-11-23 20:41:45",360.0,,02380fa8-41a8-43fa-8e7b-2a579cfacfc2,Toxicity,Expense,Cash
311dc94c-bdd8-46b6-a480-085e1820d715,1732374705163,"2024-11-23 20:41:45",750.0,,02380fa8-41a8-43fa-8e7b-2a579cfacfc2,Toxicity,Expense,Cash
44849998-66bd-4859-8ae1-221496b3a3cb,1732368655237,"2024-11-23 19:00:55",380.0,,02380fa8-41a8-43fa-8e7b-2a579cfacfc2,Toxicity,Expense,Cash
6d81ec26-54d1-45eb-8766-266c69d49ec0,1732293840775,"2024-11-22 22:14:00",150.0,,6b86fb91-20d2-4296-8fc0-11af8f5db354,Brewery,Expense,Cash
a04ef51b-a7f3-49e0-bf5a-a1147188190e,1732293840775,"2024-11-22 22:14:00",2630.0,,10000000-0000-0000-0000-000000000001,Food,Expense,Cash
258bcf29-be50-468d-abf7-7075235716be,1732293840775,"2024-11-22 22:14:00",1680.0,,02380fa8-41a8-43fa-8e7b-2a579cfacfc2,Toxicity,Expense,Cash
9e128e5e-5f61-4582-81fe-34599b3ad508,1732283481261,"2024-11-22 19:21:21",500.0,,6b86fb91-20d2-4296-8fc0-11af8f5db354,Brewery,Expense,Cash
b93afd93-7455-4104-96d4-e8ced8adcb28,1732283481261,"2024-11-22 19:21:21",1080.0,,02380fa8-41a8-43fa-8e7b-2a579cfacfc2,Toxicity,Expense,Cash
89727c58-2e80-4185-8b09-ce6518cb50e0,1732283481261,"2024-11-22 19:21:21",360.0,,02380fa8-41a8-43fa-8e7b-2a579cfacfc2,Toxicity,Expense,Cash
c1fb527d-a17b-4d20-a63c-bdb0140df806,1732217252399,"2024-11-22 00:57:32",2980.0,,10000000-0000-0000-0000-000000000004,"Eating out",Expense,Cash
3f50d4d3-0044-4998-9b67-e7dc314d7e4b,1732203916907,"2024-11-21 21:15:16",390.0,,02380fa8-41a8-43fa-8e7b-2a579cfacfc2,Toxicity,Expense,Cash
07006692-75b8-4577-a8a9-fdb239b011ee,1732203916907,"2024-11-21 21:15:16",1050.0,,10000000-0000-0000-0000-000000000004,"Eating out",Expense,Cash
a4fba016-30e0-4938-8d8a-99b1cd86e2b2,1732182385883,"2024-11-21 15:16:25",380.0,,02380fa8-41a8-43fa-8e7b-2a579cfacfc2,Toxicity,Expense,Cash
2c2dcfb1-7cfc-44d9-87e5-5aad0faecb47,1732182385883,"2024-11-21 15:16:25",20000.0,,02380fa8-41a8-43fa-8e7b-2a579cfacfc2,Toxicity,Expense,Cash
9704c0aa-e879-4ffc-ae0d-972b8fdfedf7,1732182381862,"2024-11-21 15:16:21",300.0,,02380fa8-41a8-43fa-8e7b-2a579cfacfc2,Toxicity,Expense,Cash
4b470a85-3d04-4e9f-b8f3-d22f252fe2d7,1732133807947,"2024-11-21 01:46:47",5320.0,,10000000-0000-0000-0000-000000000004,"Eating out",Expense,Cash
2f30107f-17a4-43b9-a5a2-19bcfca59d62,1732131120782,"2024-11-21 01:02:00",15000.0,,968edc2b-7a45-41ec-8be9-e213be5528f8,Fuel,Expense,Cash
a6d1ef10-df6a-4c53-b653-3ecce4b1c498,1732131110103,"2024-11-21 01:01:50",22000.0,"Consultancy ",8f3ee15b-f6b5-472f-8deb-939998b50f55,Career,Expense,Cash
54d2c80b-6240-4287-b175-ecb2cdd1df7f,1732131051590,"2024-11-21 01:00:51",48510.0,Rent,10000000-0000-0000-0000-000000000002,House,Expense,Cash
2b39cf6f-265c-4d13-bd91-d41d438c0cec,1732131015197,"2024-11-21 01:00:15",200000.0,"Consultancy ",8f3ee15b-f6b5-472f-8deb-939998b50f55,Career,Expense,Cash
4938aa20-85c9-4105-85c9-bfb03301619e,1732130983045,"2024-11-21 00:59:43",61000.0,,d71face0-704a-49ff-8c96-9778abb5d2e3,Bike,Expense,Cash
a8be2d18-3841-431c-8bc1-e15507c5b391,1732130954148,"2024-11-21 00:59:14",9800.0,,10000000-0000-0000-0000-000000000007,Entertainment,Expense,Cash
3d576a89-c793-4618-ac3d-965e2c07d1dd,1729444826826,"2024-10-20 22:50:26",280.0,,02380fa8-41a8-43fa-8e7b-2a579cfacfc2,Toxicity,Expense,Cash
c59c977a-6cfd-4c70-89a5-3f9f51d6906b,1729433646816,"2024-10-20 19:44:06",1800.0,,02380fa8-41a8-43fa-8e7b-2a579cfacfc2,Toxicity,Expense,Cash
07cf2380-ccee-44a0-a360-e5a5af2306d7,1729433646816,"2024-10-20 19:44:06",500.0,,10000000-0000-0000-0000-000000000004,"Eating out",Expense,Cash
ecb949f5-3bbc-4f63-9182-f3a641fc9231,1729384029174,"2024-10-20 05:57:09",840.0,,02380fa8-41a8-43fa-8e7b-2a579cfacfc2,Toxicity,Expense,Cash
c7d84107-1af4-4e7f-9144-5e1cd21de53c,1729384029174,"2024-10-20 05:57:09",200.0,,6b86fb91-20d2-4296-8fc0-11af8f5db354,Brewery,Expense,Cash
19f380fd-3e19-412a-9878-153eea19499e,1729354996476,"2024-10-19 21:53:16",4520.0,,10000000-0000-0000-0000-00000000000b,Clothes,Expense,Cash
86442b50-ed29-47fd-a018-b64f81678a84,1729331213958,"2024-10-19 15:16:53",360.0,,02380fa8-41a8-43fa-8e7b-2a579cfacfc2,Toxicity,Expense,Cash
3be22b6f-be26-41d2-9c4e-652cb9e7ed69,1729331213958,"2024-10-19 15:16:53",900.0,,02380fa8-41a8-43fa-8e7b-2a579cfacfc2,Toxicity,Expense,Cash
6612772a-14c9-4d05-8520-17447c1cbdd5,1729285288457,"2024-10-19 02:31:28",2990.0,,10000000-0000-0000-0000-000000000002,House,Expense,Cash
73b41eaf-8906-4123-9169-2d9e971b89b0,1729277355147,"2024-10-19 00:19:15",1940.0,,10000000-0000-0000-0000-000000000004,"Eating out",Expense,Cash
f99e4aa6-28dd-45f1-b9cd-5f39263f3ee8,1729242523640,"2024-10-18 14:38:43",900.0,,02380fa8-41a8-43fa-8e7b-2a579cfacfc2,Toxicity,Expense,Cash
499f5953-2e30-4f3f-9a25-cc49a6c7b47a,1729242523640,"2024-10-18 14:38:43",1280.0,,02380fa8-41a8-43fa-8e7b-2a579cfacfc2,Toxicity,Expense,Cash
263f5846-86da-4581-8daa-1d4b00186011,1729242523640,"2024-10-18 14:38:43",820.0,,10000000-0000-0000-0000-000000000004,"Eating out",Expense,Cash
c23004c5-ebc4-4c6f-8ea0-87f16c1c55aa,1729190955147,"2024-10-18 00:19:15",2250.0,,02380fa8-41a8-43fa-8e7b-2a579cfacfc2,Toxicity,Expense,Cash
a112b7c3-1f5c-417e-b9a8-4d6649ea5407,1729188902477,"2024-10-17 23:45:02",900.0,,02380fa8-41a8-43fa-8e7b-2a579cfacfc2,Toxicity,Expense,Cash
7360e2bc-ba05-442e-abe4-9a9695ffa50e,1729177243415,"2024-10-17 20:30:43",5670.0,,968edc2b-7a45-41ec-8be9-e213be5528f8,Fuel,Expense,Cash
310d66f0-b8ed-46d3-a807-23b3f7bc1ab5,1729177243415,"2024-10-17 20:30:43",180.0,,02380fa8-41a8-43fa-8e7b-2a579cfacfc2,Toxicity,Expense,Cash
df9437ca-0ce1-4a36-b7a9-38385d4856da,1729177243415,"2024-10-17 20:30:43",5670.0,,968edc2b-7a45-41ec-8be9-e213be5528f8,Fuel,Expense,Cash
2fabf627-e199-40b5-9d03-f43e13333a8e,1729177243415,"2024-10-17 20:30:43",600.0,,10000000-0000-0000-0000-000000000001,Food,Expense,Cash
6ec1f570-9df4-459b-9d47-e1098cc28e16,1729167143380,"2024-10-17 17:42:23",700.0,,10000000-0000-0000-0000-000000000004,"Eating out",Expense,Cash
71052e2c-3e48-427b-9359-ad5e57110a57,1729167143380,"2024-10-17 17:42:23",780.0,,02380fa8-41a8-43fa-8e7b-2a579cfacfc2,Toxicity,Expense,Cash
faa210b4-f7c1-4a56-86ed-a54353cdb76b,1729118311419,"2024-10-17 04:08:31",730.0,,02380fa8-41a8-43fa-8e7b-2a579cfacfc2,Toxicity,Expense,Cash
640b333c-7bdf-42ca-89a6-abdc1efd4589,1729118311419,"2024-10-17 04:08:31",130.0,,6b86fb91-20d2-4296-8fc0-11af8f5db354,Brewery,Expense,Cash
38f80536-7eb7-4306-ba30-57807e11d1a3,1729103054410,"2024-10-16 23:54:14",190.0,,02380fa8-41a8-43fa-8e7b-2a579cfacfc2,Toxicity,Expense,Cash
505cac80-b948-4f63-a5db-d7f739b9cc02,1729103054410,"2024-10-16 23:54:14",120.0,,6b86fb91-20d2-4296-8fc0-11af8f5db354,Brewery,Expense,Cash
f5868aee-1a05-4390-900f-7b53d45c5d63,1729103054410,"2024-10-16 23:54:14",130.0,,02380fa8-41a8-43fa-8e7b-2a579cfacfc2,Toxicity,Expense,Cash
c684ca70-6c0c-4f55-a94d-0f103fb8d72e,1729089239700,"2024-10-16 20:03:59",120.0,,6b86fb91-20d2-4296-8fc0-11af8f5db354,Brewery,Expense,Cash
04e7ae31-6cc7-404b-9d54-0d5a1739e623,1729089239700,"2024-10-16 20:03:59",340.0,,02380fa8-41a8-43fa-8e7b-2a579cfacfc2,Toxicity,Expense,Cash
88399571-ef89-472f-87a1-1df26150cdc1,1729089239700,"2024-10-16 20:03:59",650.0,,10000000-0000-0000-0000-000000000002,House,Expense,Cash
1e19e7d5-e971-41d4-be54-54ed17c67d05,1729089239700,"2024-10-16 20:03:59",540.0,,02380fa8-41a8-43fa-8e7b-2a579cfacfc2,Toxicity,Expense,Cash
d7a4a331-ec9d-455c-abb0-69a831944ed4,1729072928156,"2024-10-16 15:32:08",3150.0,,10000000-0000-0000-0000-000000000001,Food,Expense,Cash
174d5afd-b7c1-427c-ac40-e2b5b06f80a4,1729072928156,"2024-10-16 15:32:08",830.0,,02380fa8-41a8-43fa-8e7b-2a579cfacfc2,Toxicity,Expense,Cash
e64738a5-744b-4b82-8d74-f41454cbf39f,1729009809677,"2024-10-15 22:00:09",500.0,,10000000-0000-0000-0000-000000000001,Food,Expense,Cash
18039955-e8a8-4482-bd26-d3f1a04ff32d,1729009809677,"2024-10-15 22:00:09",900.0,,02380fa8-41a8-43fa-8e7b-2a579cfacfc2,Toxicity,Expense,Cash
846ecfac-e6ea-4193-9485-c01dfc6e0ad7,1728997210235,"2024-10-15 18:30:10",360.0,,02380fa8-41a8-43fa-8e7b-2a579cfacfc2,Toxicity,Expense,Cash
dfcfe201-f273-4fca-beb7-2ebd103de9df,1728997210235,"2024-10-15 18:30:10",100.0,,6b86fb91-20d2-4296-8fc0-11af8f5db354,Brewery,Expense,Cash
1262f326-2bea-4f95-8e29-e9bf382e41d6,1728997210235,"2024-10-15 18:30:10",19000.0,Battery,d71face0-704a-49ff-8c96-9778abb5d2e3,Bike,Expense,Cash
adb1a8ff-9526-4a27-bfc9-3e1de9ae7f89,1728927635129,"2024-10-14 23:10:35",3460.0,,10000000-0000-0000-0000-000000000002,House,Expense,Cash
9e73fbcc-286c-4719-82be-994c3e7e7721,1728907888048,"2024-10-14 17:41:28",4190.0,,10000000-0000-0000-0000-000000000004,"Eating out",Expense,Cash
a1be2a02-cd8d-433f-aa46-b99afd180448,1728835225522,"2024-10-13 21:30:25",1860.0,,02380fa8-41a8-43fa-8e7b-2a579cfacfc2,Toxicity,Expense,Cash
56e9f4e0-5b71-499d-9b9c-ebf318d08107,1728806301419,"2024-10-13 13:28:21",900.0,,02380fa8-41a8-43fa-8e7b-2a579cfacfc2,Toxicity,Expense,Cash
68f51e6b-ebe1-46bb-85d0-f4c55552a0b1,1728764473053,"2024-10-13 01:51:13",5720.0,,10000000-0000-0000-0000-000000000004,"Eating out",Expense,Cash
2dc4959c-b9af-466a-a381-c25907cc361a,1728764473053,"2024-10-13 01:51:13",300.0,,10000000-0000-0000-0000-000000000004,"Eating out",Expense,Cash
c33a298e-2ea9-45df-9ace-89cdc2c897bc,1728716041143,"2024-10-12 12:24:01",2580.0,,10000000-0000-0000-0000-000000000001,Food,Expense,Cash
790b88bf-1761-4423-a647-c1497b178c31,1728716041143,"2024-10-12 12:24:01",180.0,,02380fa8-41a8-43fa-8e7b-2a579cfacfc2,Toxicity,Expense,Cash
8cc8c243-2547-4a41-b120-57b3a1e87066,1728716041143,"2024-10-12 12:24:01",1500.0,,02380fa8-41a8-43fa-8e7b-2a579cfacfc2,Toxicity,Expense,Cash
97567ce8-6fef-44a1-8259-101d2216da56,1728716041143,"2024-10-12 12:24:01",800.0,,d71face0-704a-49ff-8c96-9778abb5d2e3,Bike,Expense,Cash
6884ab35-b4d9-4462-a096-22eacdf57dd5,1728716041143,"2024-10-12 12:24:01",2760.0,,02380fa8-41a8-43fa-8e7b-2a579cfacfc2,Toxicity,Expense,Cash
7a26f768-9f8d-4a3b-a363-a2d17589c622,1728674736140,"2024-10-12 00:55:36",3230.0,,10000000-0000-0000-0000-000000000004,"Eating out",Expense,Cash
bc2c2394-dab8-4ef1-94be-c7dc87197d58,1728666982483,"2024-10-11 22:46:22",450.0,,10000000-0000-0000-0000-000000000005,Transport,Expense,Cash
0f909930-31f3-4b47-a727-8fe683e37745,1728666982483,"2024-10-11 22:46:22",480.0,,10000000-0000-0000-0000-000000000005,Transport,Expense,Cash
4a286d65-a21d-4ef2-bb0f-402e9c45f5df,1728666982483,"2024-10-11 22:46:22",900.0,,02380fa8-41a8-43fa-8e7b-2a579cfacfc2,Toxicity,Expense,Cash
4b8c1f78-5b78-4508-b2f5-ba5954eb0368,1728619219225,"2024-10-11 09:30:19",320.0,,02380fa8-41a8-43fa-8e7b-2a579cfacfc2,Toxicity,Expense,Cash
0f19c898-3f3e-40e6-9b26-fc9075144edf,1728541350947,"2024-10-10 11:52:30",1650.0,,10000000-0000-0000-0000-000000000005,Transport,Expense,Cash
04dac20d-47f9-413e-8000-d6d07bb36574,1728532819225,"2024-10-10 09:30:19",900.0,,02380fa8-41a8-43fa-8e7b-2a579cfacfc2,Toxicity,Expense,Cash
2fc1fc65-9bc6-45b5-9196-61c74f6786ac,1728487387203,"2024-10-09 20:53:07",720.0,,02380fa8-41a8-43fa-8e7b-2a579cfacfc2,Toxicity,Expense,Cash
3c50ddde-de5a-43ad-b422-c8a64ed52c8a,1728464670890,"2024-10-09 14:34:30",370.0,,02380fa8-41a8-43fa-8e7b-2a579cfacfc2,Toxicity,Expense,Cash
b56c3f33-0bc3-41a3-aa68-a839994d3fb6,1728388433286,"2024-10-08 17:23:53",190.0,,02380fa8-41a8-43fa-8e7b-2a579cfacfc2,Toxicity,Expense,Cash
741b79c2-84a6-4d17-ae65-f3a57d6b0bb5,1728388433286,"2024-10-08 17:23:53",500.0,,10000000-0000-0000-0000-000000000002,House,Expense,Cash
42965ea1-7aa1-4f7a-9006-1b11a7364380,1728388433286,"2024-10-08 17:23:53",1400.0,,10000000-0000-0000-0000-000000000002,House,Expense,Cash
8e5021d6-5559-4b48-9f77-a7753c45e097,1728327244269,"2024-10-08 00:24:04",720.0,,02380fa8-41a8-43fa-8e7b-2a579cfacfc2,Toxicity,Expense,Cash
6a22eab0-7d46-464b-bac6-494e29bf6404,1728327244269,"2024-10-08 00:24:04",370.0,,02380fa8-41a8-43fa-8e7b-2a579cfacfc2,Toxicity,Expense,Cash
4529a357-6857-4ed1-80d7-06f760129899,1728316795415,"2024-10-07 21:29:55",5800.0,Cake,10000000-0000-0000-0000-000000000002,House,Expense,Cash
9f6c499a-7fb3-4e42-8f5e-95973b3836ea,1728316795415,"2024-10-07 21:29:55",190.0,,02380fa8-41a8-43fa-8e7b-2a579cfacfc2,Toxicity,Expense,Cash
942557f6-ead2-4cda-bf42-e05b53056863,1728195306917,"2024-10-06 11:45:06",400.0,,02380fa8-41a8-43fa-8e7b-2a579cfacfc2,Toxicity,Expense,Cash
bcb75a94-e1c4-4ade-8399-7dd27888c765,1728195306917,"2024-10-06 11:45:06",1500.0,,02380fa8-41a8-43fa-8e7b-2a579cfacfc2,Toxicity,Expense,Cash
18153491-1189-4605-b843-50f152ddf439,1728195306917,"2024-10-06 11:45:06",1600.0,,10000000-0000-0000-0000-000000000004,"Eating out",Expense,Cash
5b0309cf-b79b-429a-ba11-f5be7a7a1ab1,1728190617041,"2024-10-06 10:26:57",450.0,,10000000-0000-0000-0000-000000000005,Transport,Expense,Cash
0ab63f2b-cc81-4511-8778-596d9cba523e,1728166154446,"2024-10-06 03:39:14",6900.0,,02380fa8-41a8-43fa-8e7b-2a579cfacfc2,Toxicity,Expense,Cash
6df5e367-227a-45f6-943f-1e194b13874c,1728166154446,"2024-10-06 03:39:14",400.0,,02380fa8-41a8-43fa-8e7b-2a579cfacfc2,Toxicity,Expense,Cash
c22da2c1-0662-4a14-8705-9fbd06012b1b,1728159568652,"2024-10-06 01:49:28",2080.0,,02380fa8-41a8-43fa-8e7b-2a579cfacfc2,Toxicity,Expense,Cash
2a9fd0ca-589f-45ca-b720-e4acba2dad9c,1728140564252,"2024-10-05 20:32:44",1900.0,,02380fa8-41a8-43fa-8e7b-2a579cfacfc2,Toxicity,Expense,Cash
920f8f92-53d9-4bcc-a72a-57e694eb7760,1728114589483,"2024-10-05 13:19:49",200.0,,6b86fb91-20d2-4296-8fc0-11af8f5db354,Brewery,Expense,Cash
87f153b4-e62c-4498-a263-d9dec40af01f,1728114589483,"2024-10-05 13:19:49",900.0,,02380fa8-41a8-43fa-8e7b-2a579cfacfc2,Toxicity,Expense,Cash
c0ca67f6-aea6-42e1-b99d-817c78132f82,1728112498024,"2024-10-05 12:44:58",2500.0,"Haircut ",10000000-0000-0000-0000-000000000002,House,Expense,Cash
1b4e6f85-59b2-428a-aded-9e6ff1fb5f55,1728106498509,"2024-10-05 11:04:58",800.0,,10000000-0000-0000-0000-000000000005,Transport,Expense,Cash
705daaa8-c290-440e-a47b-0a6a97247ad1,1728106498509,"2024-10-05 11:04:58",4480.0,,10000000-0000-0000-0000-000000000005,Transport,Expense,Cash
0a751589-9193-4e92-b7ed-25127efe4f6d,1728106498509,"2024-10-05 11:04:58",150.0,,6b86fb91-20d2-4296-8fc0-11af8f5db354,Brewery,Expense,Cash
1eed0d37-9264-4e7e-ba66-7c6700f90c08,1728090917267,"2024-10-05 06:45:17",300.0,,02380fa8-41a8-43fa-8e7b-2a579cfacfc2,Toxicity,Expense,Cash
80fe7124-1945-4082-a7b8-37aea947563f,1728090917267,"2024-10-05 06:45:17",760.0,,02380fa8-41a8-43fa-8e7b-2a579cfacfc2,Toxicity,Expense,Cash
9a95f5bf-748d-40d0-92ac-8c10cf2e967d,1728069735803,"2024-10-05 00:52:15",2260.0,,10000000-0000-0000-0000-000000000004,"Eating out",Expense,Cash
f798b339-5adf-44b7-9940-6334895ef66a,1728069735803,"2024-10-05 00:52:15",5670.0,,968edc2b-7a45-41ec-8be9-e213be5528f8,Fuel,Expense,Cash
36daf54a-9b66-460e-8677-890a645638dd,1728028537388,"2024-10-04 13:25:37",23000.0,"Cooler ",10000000-0000-0000-0000-000000000002,House,Expense,Cash
d2cd0e37-280e-4b08-a2b7-2d47280c0b66,1728028537388,"2024-10-04 13:25:37",1300.0,,02380fa8-41a8-43fa-8e7b-2a579cfacfc2,Toxicity,Expense,Cash
6064a1d9-64c6-4bb1-bfd2-524c9e079e2f,1728028537388,"2024-10-04 13:25:37",1920.0,,02380fa8-41a8-43fa-8e7b-2a579cfacfc2,Toxicity,Expense,Cash
281b4c90-f25f-44a2-849f-52217b339ce5,1728028537388,"2024-10-04 13:25:37",400.0,,02380fa8-41a8-43fa-8e7b-2a579cfacfc2,Toxicity,Expense,Cash
a1cab24a-1615-4af1-b9ae-fcb11329c116,1727996666764,"2024-10-04 04:34:26",570.0,,02380fa8-41a8-43fa-8e7b-2a579cfacfc2,Toxicity,Expense,Cash
f5439ab8-3b81-4307-97c1-6268da334897,1727985047543,"2024-10-04 01:20:47",5060.0,,10000000-0000-0000-0000-000000000004,"Eating out",Expense,Cash
17f3993b-6506-4036-987f-ad4c70f861eb,1727892453448,"2024-10-02 23:37:33",60.0,,10000000-0000-0000-0000-000000000004,"Eating out",Expense,Cash
8a6ee677-85ff-4fbc-80c1-2e8ee74c0adc,1727892453448,"2024-10-02 23:37:33",5010.0,,10000000-0000-0000-0000-000000000004,"Eating out",Expense,Cash
9cb6c3b9-548f-4111-83ce-cc5fcdaae2e7,1727885811120,"2024-10-02 21:46:51",100.0,,6b86fb91-20d2-4296-8fc0-11af8f5db354,Brewery,Expense,Cash
6277d8fe-800d-4db6-beb8-1d672b930dcf,1727885811120,"2024-10-02 21:46:51",360.0,,02380fa8-41a8-43fa-8e7b-2a579cfacfc2,Toxicity,Expense,Cash
eba0a4dc-f6c8-4f64-8552-1054ce31cc61,1727885811120,"2024-10-02 21:46:51",2240.0,,02380fa8-41a8-43fa-8e7b-2a579cfacfc2,Toxicity,Expense,Cash
bf867d62-db83-47d0-8934-ecfce4af6eeb,1727885811120,"2024-10-02 21:46:51",200.0,,10000000-0000-0000-0000-000000000001,Food,Expense,Cash
da6f5d15-d521-4176-8837-4ea65984e991,1727882753608,"2024-10-02 20:55:53",1570.0,,10000000-0000-0000-0000-000000000004,"Eating out",Expense,Cash
f203be38-7dad-44f6-9cf8-2383c28dfefa,1727796353608,"2024-10-01 20:55:53",650.0,,02380fa8-41a8-43fa-8e7b-2a579cfacfc2,Toxicity,Expense,Cash
fe02cd86-c61b-425b-ae10-76288880bf93,1727796353608,"2024-10-01 20:55:53",330.0,,02380fa8-41a8-43fa-8e7b-2a579cfacfc2,Toxicity,Expense,Cash
9ab410d3-88ce-4b2e-84b7-67e9f0552c6c,1727796353608,"2024-10-01 20:55:53",200.0,,6b86fb91-20d2-4296-8fc0-11af8f5db354,Brewery,Expense,Cash
0fae8621-b28b-4e9f-8cf4-be5739f22b5d,1727796353608,"2024-10-01 20:55:53",200.0,,10000000-0000-0000-0000-000000000004,"Eating out",Expense,Cash
a86f1bb1-6800-4694-91b9-bbdf4adbb0a0,1727785573494,"2024-10-01 17:56:13",310.0,,02380fa8-41a8-43fa-8e7b-2a579cfacfc2,Toxicity,Expense,Cash
785a968a-4b48-4fb9-a305-f0997c63256c,1727785573494,"2024-10-01 17:56:13",3110.0,,10000000-0000-0000-0000-000000000004,"Eating out",Expense,Cash
a975f8b3-b768-4950-a9b2-79a18d58c259,1727742871039,"2024-10-01 06:04:31",200.0,,6b86fb91-20d2-4296-8fc0-11af8f5db354,Brewery,Expense,Cash
296cddba-7693-40c3-afe0-8a3f9dbe3ec0,1727742871039,"2024-10-01 06:04:31",530.0,,02380fa8-41a8-43fa-8e7b-2a579cfacfc2,Toxicity,Expense,Cash
786a93a1-9bf8-4dfc-80e2-16fb75da63bf,1727742871039,"2024-10-01 06:04:31",780.0,,02380fa8-41a8-43fa-8e7b-2a579cfacfc2,Toxicity,Expense,Cash
1bafb479-50d8-484a-896b-52859b551583,1727742871039,"2024-10-01 06:04:31",1870.0,,10000000-0000-0000-0000-000000000004,"Eating out",Expense,Cash
e272d64a-eecb-4ec0-8bdb-5393bee260bd,1727715720829,"2024-09-30 22:32:00",1300.0,,02380fa8-41a8-43fa-8e7b-2a579cfacfc2,Toxicity,Expense,Cash
ef51d2e9-3677-4bc2-a0f0-3d518174ad74,1727715720829,"2024-09-30 22:32:00",200.0,,6b86fb91-20d2-4296-8fc0-11af8f5db354,Brewery,Expense,Cash
55c68163-d68a-4bc1-8f6e-a829afb43b58,1727715720829,"2024-09-30 22:32:00",190.0,,02380fa8-41a8-43fa-8e7b-2a579cfacfc2,Toxicity,Expense,Cash
04abe403-9e4f-4deb-901e-16c5cb6e1475,1727715720829,"2024-09-30 22:32:00",100.0,,6b86fb91-20d2-4296-8fc0-11af8f5db354,Brewery,Expense,Cash
44ce29ff-bfbb-43a5-ab0f-ad694a3e754d,1727702275015,"2024-09-30 18:47:55",6620.0,,10000000-0000-0000-0000-000000000004,"Eating out",Expense,Cash
0c203072-8b57-4b27-8cba-4e9a55161d82,1727627224109,"2024-09-29 21:57:04",1300.0,,02380fa8-41a8-43fa-8e7b-2a579cfacfc2,Toxicity,Expense,Cash
06ae790f-c4ca-4ff2-9d45-a0276cbe4677,1727627224109,"2024-09-29 21:57:04",1960.0,,10000000-0000-0000-0000-000000000004,"Eating out",Expense,Cash
998d9b6c-e944-4198-83c7-af5d64b641e9,1727627224109,"2024-09-29 21:57:04",3600.0,,02380fa8-41a8-43fa-8e7b-2a579cfacfc2,Toxicity,Expense,Cash
7bfa225c-0d29-43ae-9db3-7627fcd6316f,1727593640433,"2024-09-29 12:37:20",2950.0,,10000000-0000-0000-0000-000000000002,House,Expense,Cash
93ebdd19-2e3e-4c4a-952b-3de9a6804715,1727593640433,"2024-09-29 12:37:20",1250.0,,02380fa8-41a8-43fa-8e7b-2a579cfacfc2,Toxicity,Expense,Cash
dbf38143-44f4-4050-96cd-c4b19b0bca6f,1727593640433,"2024-09-29 12:37:20",5770.0,,968edc2b-7a45-41ec-8be9-e213be5528f8,Fuel,Expense,Cash
7f853378-dae7-449d-8024-68064d035e55,1727593640433,"2024-09-29 12:37:20",3400.0,,6b86fb91-20d2-4296-8fc0-11af8f5db354,Brewery,Expense,Cash
3d4fcd7e-941a-4d03-91db-a60b82415b48,1727593640433,"2024-09-29 12:37:20",240.0,,7adc3dbd-e8b1-494f-8685-6c84d84c4f96,Hospital,Expense,Cash
8a9aab3d-34df-4220-a70b-d26f709ab944,1727593640433,"2024-09-29 12:37:20",1400.0,,6b86fb91-20d2-4296-8fc0-11af8f5db354,Brewery,Expense,Cash
ef4c5ab7-b320-42ce-93f1-18b6ba67ab54,1727593640433,"2024-09-29 12:37:20",380.0,,02380fa8-41a8-43fa-8e7b-2a579cfacfc2,Toxicity,Expense,Cash
ed224302-53ea-47c9-821c-4518a4737baf,1727547259001,"2024-09-28 23:44:19",900.0,,02380fa8-41a8-43fa-8e7b-2a579cfacfc2,Toxicity,Expense,Cash
568d2796-5e88-4784-acd7-5c651b097f5f,1727547259001,"2024-09-28 23:44:19",410.0,,10000000-0000-0000-0000-000000000005,Transport,Expense,Cash
1e3d3d17-62e6-41f3-a875-f415e08a0f0b,1727547259001,"2024-09-28 23:44:19",450.0,,10000000-0000-0000-0000-000000000005,Transport,Expense,Cash
5b73fd8e-b461-4b4a-ba7c-e0616ec8bec4,1727471614661,"2024-09-28 02:43:34",17990.0,"Earphones ",10000000-0000-0000-0000-000000000002,House,Expense,Cash
f7eeb384-5767-42b4-8ef1-6f3044aaad90,1727460859001,"2024-09-27 23:44:19",510.0,,02380fa8-41a8-43fa-8e7b-2a579cfacfc2,Toxicity,Expense,Cash
71506650-4f94-4771-bd6f-f682244c82d8,1727460859001,"2024-09-27 23:44:19",1500.0,,10000000-0000-0000-0000-000000000005,Transport,Expense,Cash
f83e577c-48fe-4569-a9a2-9705fc5b5f72,1727460859001,"2024-09-27 23:44:19",4020.0,,10000000-0000-0000-0000-000000000004,"Eating out",Expense,Cash
56b5259f-7cec-4df0-8c2b-a3cab638909f,1727369258949,"2024-09-26 22:17:38",510.0,,02380fa8-41a8-43fa-8e7b-2a579cfacfc2,Toxicity,Expense,Cash
5f77a07c-58d5-4698-8749-a1b51144cd69,1727272734555,"2024-09-25 19:28:54",1200.0,,02380fa8-41a8-43fa-8e7b-2a579cfacfc2,Toxicity,Expense,Cash
54937b65-d5ba-40b3-a1fa-9b24b3debc69,1727272734555,"2024-09-25 19:28:54",3300.0,,10000000-0000-0000-0000-000000000002,House,Expense,Cash
19c9165f-fcb7-4e64-9de5-97e0c4140f9b,1727160348471,"2024-09-24 12:15:48",650.0,,02380fa8-41a8-43fa-8e7b-2a579cfacfc2,Toxicity,Expense,Cash
c8f3829d-03c4-4905-84c0-d30e6ff310cc,1727160348471,"2024-09-24 12:15:48",450.0,,10000000-0000-0000-0000-000000000005,Transport,Expense,Cash
46675852-e9aa-4271-aab4-90021ea5f815,1727160348471,"2024-09-24 12:15:48",350.0,,10000000-0000-0000-0000-000000000005,Transport,Expense,Cash
2cc9e5f4-0f51-4c90-99ee-fc68c7402ada,1727128381414,"2024-09-24 03:23:01",2510.0,,10000000-0000-0000-0000-000000000005,Transport,Expense,Cash
6af1e9e8-d586-462d-b09f-47cc7b5b58fc,1727108999078,"2024-09-23 21:59:59",1220.0,,02380fa8-41a8-43fa-8e7b-2a579cfacfc2,Toxicity,Expense,Cash
9bc25399-f572-43a8-a1fa-c64109324adc,1727108601325,"2024-09-23 21:53:21",1940.0,,10000000-0000-0000-0000-000000000004,"Eating out",Expense,Cash
58a60eae-fbe2-442e-b0f0-8afda6516dd4,1727108601325,"2024-09-23 21:53:21",3600.0,,02380fa8-41a8-43fa-8e7b-2a579cfacfc2,Toxicity,Expense,Cash
f727f9f1-dd0a-4de6-beb2-7beecdbc5a44,1727078306154,"2024-09-23 13:28:26",100.0,,6b86fb91-20d2-4296-8fc0-11af8f5db354,Brewery,Expense,Cash
97fb5658-ba35-4fdc-8ebd-86303d7aff88,1727078303117,"2024-09-23 13:28:23",900.0,,02380fa8-41a8-43fa-8e7b-2a579cfacfc2,Toxicity,Expense,Cash
497c22ce-3662-4f61-a090-fcd5e9a606db,1727032853699,"2024-09-23 00:50:53",1550.0,,10000000-0000-0000-0000-000000000005,Transport,Expense,Cash
f8ce22d4-8f3c-4e41-93db-af0447b76cd2,1727020372041,"2024-09-22 21:22:52",1710.0,,10000000-0000-0000-0000-000000000004,"Eating out",Expense,Cash
111a4b5e-4c0e-43f6-a48c-d1999b19824b,1726999599318,"2024-09-22 15:36:39",2250.0,,02380fa8-41a8-43fa-8e7b-2a579cfacfc2,Toxicity,Expense,Cash
f0544b0b-b895-47d8-bf37-4384847619bd,1726917446257,"2024-09-21 16:47:26",150.0,,6b86fb91-20d2-4296-8fc0-11af8f5db354,Brewery,Expense,Cash
97268e42-3984-496f-8653-12c15388ef43,1726917446257,"2024-09-21 16:47:26",4450.0,,10000000-0000-0000-0000-000000000002,House,Expense,Cash
4299a41b-0367-43d0-85f7-ec3067cc83bd,1726917446257,"2024-09-21 16:47:26",1000.0,,10000000-0000-0000-0000-000000000001,Food,Expense,Cash
54d03f9a-c010-4fec-9992-1aaaf21dde53,1726917446257,"2024-09-21 16:47:26",1480.0,,02380fa8-41a8-43fa-8e7b-2a579cfacfc2,Toxicity,Expense,Cash
aacb20ea-8112-4fa2-b3fe-e5a359d0dec6,1726867984886,"2024-09-21 03:03:04",200.0,,02380fa8-41a8-43fa-8e7b-2a579cfacfc2,Toxicity,Expense,Cash
b95dc03e-3a2e-4a91-b390-a76bed01213e,1726863923815,"2024-09-21 01:55:23",5500.0,,02380fa8-41a8-43fa-8e7b-2a579cfacfc2,Toxicity,Expense,Cash
4218f0db-673a-49c7-99ad-035a77838c0e,1726826799318,"2024-09-20 15:36:39",2240.0,,02380fa8-41a8-43fa-8e7b-2a579cfacfc2,Toxicity,Expense,Cash
49350684-1e83-4907-b932-38f93589b684,1726826799318,"2024-09-20 15:36:39",830.0,,10000000-0000-0000-0000-000000000001,Food,Expense,Cash
41363c52-9303-4ffd-b81d-7fd739258568,1726826799318,"2024-09-20 15:36:39",700.0,,10000000-0000-0000-0000-000000000004,"Eating out",Expense,Cash
5381c499-b3bd-4e75-94a8-008d82e5abc9,1726736710485,"2024-09-19 14:35:10",3320.0,,10000000-0000-0000-0000-000000000004,"Eating out",Expense,Cash
fbb9131a-af9f-4aa0-9d94-a5afc5c0fe7d,1726736710485,"2024-09-19 14:35:10",1300.0,,02380fa8-41a8-43fa-8e7b-2a579cfacfc2,Toxicity,Expense,Cash
794b8cfe-0002-4fd3-875a-fa66b71e41d5,1726701368526,"2024-09-19 04:46:08",1600.0,,10000000-0000-0000-0000-000000000004,"Eating out",Expense,Cash
b9647895-662d-4563-b5b1-9e61dbf985c4,1726701368526,"2024-09-19 04:46:08",400.0,,10000000-0000-0000-0000-000000000004,"Eating out",Expense,Cash
cac13ff2-1d57-4d62-b52c-3ef6ca72f6d6,1726701368526,"2024-09-19 04:46:08",380.0,,6b86fb91-20d2-4296-8fc0-11af8f5db354,Brewery,Expense,Cash
3307b692-f7ba-40d4-8b5d-cbc9d6b49d42,1726671206569,"2024-09-18 20:23:26",1520.0,,02380fa8-41a8-43fa-8e7b-2a579cfacfc2,Toxicity,Expense,Cash
6329f6bb-7587-458d-b464-6e2143a4b8a4,1726671206569,"2024-09-18 20:23:26",2300.0,,02380fa8-41a8-43fa-8e7b-2a579cfacfc2,Toxicity,Expense,Cash
f5ca5ea3-7465-4af6-8d7b-0feb0f677406,1726666036607,"2024-09-18 18:57:16",180.0,,02380fa8-41a8-43fa-8e7b-2a579cfacfc2,Toxicity,Expense,Cash
b7a06b3f-2556-459e-89c3-de50d337cfb5,1726666036607,"2024-09-18 18:57:16",100.0,,10000000-0000-0000-0000-000000000004,"Eating out",Expense,Cash
d9bb40a5-8ab3-4b4b-a819-0cbeb3714523,1726666036607,"2024-09-18 18:57:16",360.0,,02380fa8-41a8-43fa-8e7b-2a579cfacfc2,Toxicity,Expense,Cash
b1a01ed6-cd8c-4d97-b6a6-1d55c6fcc8fd,1726587464319,"2024-09-17 21:07:44",940.0,,02380fa8-41a8-43fa-8e7b-2a579cfacfc2,Toxicity,Expense,Cash
1b3fcbf3-2c14-4621-a659-bab5c8236485,1726587464319,"2024-09-17 21:07:44",500.0,,10000000-0000-0000-0000-000000000002,House,Expense,Cash
06081686-e5a4-4ae7-94b2-7c56cd1443dd,1726565586294,"2024-09-17 15:03:06",180.0,,02380fa8-41a8-43fa-8e7b-2a579cfacfc2,Toxicity,Expense,Cash
ef2d9f69-4d42-47a6-9eed-7c6d5d920cee,1726565586294,"2024-09-17 15:03:06",5670.0,,968edc2b-7a45-41ec-8be9-e213be5528f8,Fuel,Expense,Cash
314380f9-8483-4dd8-b9b6-276687b6376b,1726565586294,"2024-09-17 15:03:06",2820.0,,10000000-0000-0000-0000-000000000002,House,Expense,Cash
8c6e17c1-7dec-4d95-88dc-3a2d2ca58f07,1726510660060,"2024-09-16 23:47:40",1300.0,,02380fa8-41a8-43fa-8e7b-2a579cfacfc2,Toxicity,Expense,Cash
23cc4fc6-45c8-4c58-a79d-8e647ca5ea59,1726510660060,"2024-09-16 23:47:40",200.0,,6b86fb91-20d2-4296-8fc0-11af8f5db354,Brewery,Expense,Cash
94c8b867-dd2d-4294-8423-ba045283cb61,1726510660060,"2024-09-16 23:47:40",3290.0,,10000000-0000-0000-0000-000000000004,"Eating out",Expense,Cash
fdd3985d-afaf-46e4-a5d6-37d32fceca2c,1726494148777,"2024-09-16 19:12:28",900.0,,02380fa8-41a8-43fa-8e7b-2a579cfacfc2,Toxicity,Expense,Cash
8bc26f3b-044d-42ae-99ea-c03efbd299a3,1726494143841,"2024-09-16 19:12:23",100.0,,6b86fb91-20d2-4296-8fc0-11af8f5db354,Brewery,Expense,Cash
7b932e1b-e64b-4fd5-af8e-0ab62effef5f,1726438405892,"2024-09-16 03:43:25",200.0,,02380fa8-41a8-43fa-8e7b-2a579cfacfc2,Toxicity,Expense,Cash
30579efc-7853-448f-9f9b-7a653d2e7f69,1726410733947,"2024-09-15 20:02:13",180.0,,02380fa8-41a8-43fa-8e7b-2a579cfacfc2,Toxicity,Expense,Cash
4850c70f-dffa-431d-8e72-e44db83b4456,1726335327634,"2024-09-14 23:05:27",5670.0,,968edc2b-7a45-41ec-8be9-e213be5528f8,Fuel,Expense,Cash
595acb93-0db0-4361-ad29-51c5589d5d1f,1726335252281,"2024-09-14 23:04:12",200.0,,6b86fb91-20d2-4296-8fc0-11af8f5db354,Brewery,Expense,Cash
0285b131-79d5-418b-b3ab-ec42d7f0e55e,1726335252281,"2024-09-14 23:04:12",100.0,,6b86fb91-20d2-4296-8fc0-11af8f5db354,Brewery,Expense,Cash
5d677b56-af62-40e1-a243-28ab681704f1,1726335252281,"2024-09-14 23:04:12",150.0,,6b86fb91-20d2-4296-8fc0-11af8f5db354,Brewery,Expense,Cash
00315554-9e12-4741-83ad-c1520d460ca3,1726335252281,"2024-09-14 23:04:12",900.0,,02380fa8-41a8-43fa-8e7b-2a579cfacfc2,Toxicity,Expense,Cash
53560708-78c1-4b29-8c3b-b981f9d2d614,1726319275650,"2024-09-14 18:37:55",180.0,,02380fa8-41a8-43fa-8e7b-2a579cfacfc2,Toxicity,Expense,Cash
fee56b24-2964-4b8c-945f-085457cd9910,1726319275650,"2024-09-14 18:37:55",100.0,,6b86fb91-20d2-4296-8fc0-11af8f5db354,Brewery,Expense,Cash
071f8d13-d808-4a66-abdd-04cf6eb57777,1726308825783,"2024-09-14 15:43:45",180.0,,02380fa8-41a8-43fa-8e7b-2a579cfacfc2,Toxicity,Expense,Cash
72a4ed47-249f-4d3f-b532-2e0e12b17c9f,1726308825783,"2024-09-14 15:43:45",1200.0,,10000000-0000-0000-0000-000000000004,"Eating out",Expense,Cash
1bbeb914-2f61-452b-909c-6eae91ceca4d,1726260978101,"2024-09-14 02:26:18",1930.0,,10000000-0000-0000-0000-000000000005,Transport,Expense,Cash
9e4a01a2-a8c3-4adb-8b0b-f4a36a2a585a,1726260978101,"2024-09-14 02:26:18",8880.0,,02380fa8-41a8-43fa-8e7b-2a579cfacfc2,Toxicity,Expense,Cash
b8bea741-e5a8-42b7-b565-82c328b0ddd8,1726174578101,"2024-09-13 02:26:18",1800.0,,02380fa8-41a8-43fa-8e7b-2a579cfacfc2,Toxicity,Expense,Cash
c19ba8dd-20de-4357-812a-f2be017a42fd,1726174578101,"2024-09-13 02:26:18",500.0,,02380fa8-41a8-43fa-8e7b-2a579cfacfc2,Toxicity,Expense,Cash
42b4ad29-2ab3-4a9d-90f6-72cabf412341,1726174578101,"2024-09-13 02:26:18",100.0,,6b86fb91-20d2-4296-8fc0-11af8f5db354,Brewery,Expense,Cash
4a85291f-8a1f-436b-8e09-5b092bf3d87b,1726174578101,"2024-09-13 02:26:18",3100.0,,02380fa8-41a8-43fa-8e7b-2a579cfacfc2,Toxicity,Expense,Cash
08b628a9-0674-41d1-adab-dadebedc87c7,1726174578101,"2024-09-13 02:26:18",580.0,,02380fa8-41a8-43fa-8e7b-2a579cfacfc2,Toxicity,Expense,Cash
bdcd03fe-896f-4bcb-85de-79a640828e6b,1726156139141,"2024-09-12 21:18:59",340.0,,02380fa8-41a8-43fa-8e7b-2a579cfacfc2,Toxicity,Expense,Cash
86059923-ee3a-437f-8dc4-be408fa8e191,1726156139141,"2024-09-12 21:18:59",100.0,,6b86fb91-20d2-4296-8fc0-11af8f5db354,Brewery,Expense,Cash
53e60c84-844d-41df-a281-1f833c054624,1726156139141,"2024-09-12 21:18:59",130.0,,02380fa8-41a8-43fa-8e7b-2a579cfacfc2,Toxicity,Expense,Cash
f2933ae3-683e-4d52-8844-eb8c7bcef57e,1726156139141,"2024-09-12 21:18:59",3520.0,,10000000-0000-0000-0000-000000000004,"Eating out",Expense,Cash
383388cd-1365-4366-a43c-0b78b3618d43,1726138427429,"2024-09-12 16:23:47",290.0,,02380fa8-41a8-43fa-8e7b-2a579cfacfc2,Toxicity,Expense,Cash
b6db6a69-ba57-44c7-8281-bea68c550728,1726138427429,"2024-09-12 16:23:47",1300.0,,02380fa8-41a8-43fa-8e7b-2a579cfacfc2,Toxicity,Expense,Cash
34ee83a5-d6cb-46e2-b421-bc292d06da5d,1726052027429,"2024-09-11 16:23:47",1250.0,,02380fa8-41a8-43fa-8e7b-2a579cfacfc2,Toxicity,Expense,Cash
aa850da8-d203-4123-ac95-970baa15a5d0,1726052027429,"2024-09-11 16:23:47",1200.0,,6b86fb91-20d2-4296-8fc0-11af8f5db354,Brewery,Expense,Cash
d03b2cff-e2a9-4860-bb39-866e5fa71300,1726052027429,"2024-09-11 16:23:47",200.0,,6b86fb91-20d2-4296-8fc0-11af8f5db354,Brewery,Expense,Cash
6df6d287-49a9-4848-931d-332c651ddda3,1726052027429,"2024-09-11 16:23:47",300.0,,02380fa8-41a8-43fa-8e7b-2a579cfacfc2,Toxicity,Expense,Cash
2423d961-769a-4bea-b953-0326a82cd3c6,1725988666218,"2024-09-10 22:47:46",860.0,,02380fa8-41a8-43fa-8e7b-2a579cfacfc2,Toxicity,Expense,Cash
79b1e1fa-36df-4884-914c-c5697fc8286b,1725988666218,"2024-09-10 22:47:46",100.0,,6b86fb91-20d2-4296-8fc0-11af8f5db354,Brewery,Expense,Cash
9c51b7b3-274d-48ad-9e92-780549a408a2,1725988666218,"2024-09-10 22:47:46",200.0,,10000000-0000-0000-0000-000000000001,Food,Expense,Cash
a289e38d-3623-490f-8115-aaed31035395,1725988666218,"2024-09-10 22:47:46",2010.0,,10000000-0000-0000-0000-000000000001,Food,Expense,Cash
1b3e50af-125c-4e6c-827f-78fb063d1137,1725988666218,"2024-09-10 22:47:46",1800.0,,10000000-0000-0000-0000-000000000002,House,Expense,Cash
ebad8491-8af2-4499-b9c2-52c140f7e86e,1725889301809,"2024-09-09 19:11:41",4000.0,,02380fa8-41a8-43fa-8e7b-2a579cfacfc2,Toxicity,Expense,Cash
aa66f7ce-cd96-4a6f-af6f-38000842a645,1725815889400,"2024-09-08 22:48:09",900.0,,02380fa8-41a8-43fa-8e7b-2a579cfacfc2,Toxicity,Expense,Cash
eab6c79c-8a40-49b1-909d-4f484f191b45,1725815889400,"2024-09-08 22:48:09",100.0,,6b86fb91-20d2-4296-8fc0-11af8f5db354,Brewery,Expense,Cash
72c0c4a7-09f2-400d-82ae-b5c8b7760e6b,1725815889400,"2024-09-08 22:48:09",1830.0,,10000000-0000-0000-0000-000000000001,Food,Expense,Cash
beab0f7d-f3fb-4c0c-bd08-37a37716ba2c,1725796346019,"2024-09-08 17:22:26",180.0,,02380fa8-41a8-43fa-8e7b-2a579cfacfc2,Toxicity,Expense,Cash
b5e3ab86-2d6a-42b5-aa3a-fb45e2aba2eb,1725796346019,"2024-09-08 17:22:26",150.0,,6b86fb91-20d2-4296-8fc0-11af8f5db354,Brewery,Expense,Cash
a0787a0e-a271-484d-a306-c569be977af7,1725783451840,"2024-09-08 13:47:31",46650.0,,10000000-0000-0000-0000-000000000002,House,Expense,Cash
1e2d767b-73ce-4f13-b77a-bcc811a3b46b,1725710848252,"2024-09-07 17:37:28",1250.0,,02380fa8-41a8-43fa-8e7b-2a579cfacfc2,Toxicity,Expense,Cash
147d982e-a10d-4108-a11f-4c00d4cc2e41,1725691089632,"2024-09-07 12:08:09",1250.0,,02380fa8-41a8-43fa-8e7b-2a579cfacfc2,Toxicity,Expense,Cash
e1808764-7082-4ab2-aa73-b3ba06bc63c2,1725614259180,"2024-09-06 14:47:39",2500.0,,10000000-0000-0000-0000-000000000002,House,Expense,Cash
db2f44bb-003c-4157-91a1-27bf2235e102,1725614259180,"2024-09-06 14:47:39",1250.0,,02380fa8-41a8-43fa-8e7b-2a579cfacfc2,Toxicity,Expense,Cash
d527e82b-600a-4438-8a9d-97d2cc029254,1725557932995,"2024-09-05 23:08:52",4540.0,,10000000-0000-0000-0000-000000000002,House,Expense,Cash
ba829adb-d3bb-44a5-b658-9114e46a07b9,1725547944523,"2024-09-05 20:22:24",3510.0,,10000000-0000-0000-0000-000000000004,"Eating out",Expense,Cash
a9d8f270-1c7d-466f-bc79-6f3288d49275,1725530495627,"2024-09-05 15:31:35",1300.0,,02380fa8-41a8-43fa-8e7b-2a579cfacfc2,Toxicity,Expense,Cash
0b0d81d7-8e66-4a7f-9517-4004d79f9832,1725283660209,"2024-09-02 18:57:40",5900.0,,10000000-0000-0000-0000-000000000004,"Eating out",Expense,Cash
ed4a0c48-a36a-4570-bee0-91d13b76e82e,1725247446173,"2024-09-02 08:54:06",1200.0,,02380fa8-41a8-43fa-8e7b-2a579cfacfc2,Toxicity,Expense,Cash
b2007f60-abbd-4975-bab3-9ffa7191bb94,1725247446173,"2024-09-02 08:54:06",50.0,,10000000-0000-0000-0000-000000000002,House,Expense,Cash
d7c00544-d1eb-4ff3-83c8-72724beefb46,1725191495850,"2024-09-01 17:21:35",180.0,,02380fa8-41a8-43fa-8e7b-2a579cfacfc2,Toxicity,Expense,Cash
79da6920-232e-451b-955d-3b5cb841011f,1725191495850,"2024-09-01 17:21:35",300.0,,6b86fb91-20d2-4296-8fc0-11af8f5db354,Brewery,Expense,Cash
6fa538a5-4887-41e6-911f-4643e4864168,1725083347932,"2024-08-31 11:19:07",1200.0,,02380fa8-41a8-43fa-8e7b-2a579cfacfc2,Toxicity,Expense,Cash
5ca90f38-f5d8-459f-b304-47706e168113,1725015119163,"2024-08-30 16:21:59",2720.0,,10000000-0000-0000-0000-000000000001,Food,Expense,Cash
41563f4e-33bc-4848-867b-1f56adc1120c,1725015119163,"2024-08-30 16:21:59",360.0,,10000000-0000-0000-0000-000000000001,Food,Expense,Cash
7b7c1816-a426-436f-9af6-a378aa44f00e,1725015119163,"2024-08-30 16:21:59",1200.0,,02380fa8-41a8-43fa-8e7b-2a579cfacfc2,Toxicity,Expense,Cash
be84bb51-f173-46ba-8b96-cad5370b6b87,1724993500631,"2024-08-30 10:21:40",900.0,,02380fa8-41a8-43fa-8e7b-2a579cfacfc2,Toxicity,Expense,Cash
40856718-a723-490a-9fda-d1f33396c5f0,1724993500631,"2024-08-30 10:21:40",1120.0,,10000000-0000-0000-0000-000000000001,Food,Expense,Cash
09ff9b98-0a0c-4f3b-8c74-e549d580b223,1724993500631,"2024-08-30 10:21:40",500.0,,10000000-0000-0000-0000-000000000004,"Eating out",Expense,Cash
a234a126-8e21-470b-80e7-4099d2380bc7,1724900710221,"2024-08-29 08:35:10",1050.0,,10000000-0000-0000-0000-000000000004,"Eating out",Expense,Cash
3ba00b71-bc8a-44ec-a7c6-dbe57af9a34c,1724896353562,"2024-08-29 07:22:33",1050.0,,10000000-0000-0000-0000-000000000002,House,Expense,Cash
b17527e4-8123-4365-9dd1-eb884a1b59f2,1724896346195,"2024-08-29 07:22:26",1200.0,,02380fa8-41a8-43fa-8e7b-2a579cfacfc2,Toxicity,Expense,Cash
ca23b688-c630-4c07-b2e8-e64ad2d773ed,1724882745416,"2024-08-29 03:35:45",7000.0,,968edc2b-7a45-41ec-8be9-e213be5528f8,Fuel,Expense,Cash
78e339ea-5b25-417d-b796-2f4517d7b113,1724882745416,"2024-08-29 03:35:45",350.0,,02380fa8-41a8-43fa-8e7b-2a579cfacfc2,Toxicity,Expense,Cash
b19e406b-83d8-4dfc-ac9c-da044e2166a9,1724796345416,"2024-08-28 03:35:45",950.0,,02380fa8-41a8-43fa-8e7b-2a579cfacfc2,Toxicity,Expense,Cash
8313d8f9-0440-4148-8ff2-6de017842ed3,1724796345416,"2024-08-28 03:35:45",370.0,,02380fa8-41a8-43fa-8e7b-2a579cfacfc2,Toxicity,Expense,Cash
57c73e48-5f8b-4b92-95f1-5455b5fc983e,1724796345416,"2024-08-28 03:35:45",190.0,,02380fa8-41a8-43fa-8e7b-2a579cfacfc2,Toxicity,Expense,Cash
ca35f7cb-ce9f-42d8-a949-01cb4c6661ba,1724769483094,"2024-08-27 20:08:03",370.0,,02380fa8-41a8-43fa-8e7b-2a579cfacfc2,Toxicity,Expense,Cash
2332b12c-2b6d-44ac-8ee8-1ff8c553a7c1,1724769483094,"2024-08-27 20:08:03",1000.0,,02380fa8-41a8-43fa-8e7b-2a579cfacfc2,Toxicity,Expense,Cash
fc6c009e-eaa0-439f-a360-67d49ed25c33,1724741191377,"2024-08-27 12:16:31",7500.0,,10000000-0000-0000-0000-000000000003,Car,Expense,Cash
72351c24-b9ea-40fa-b1e3-5033fa9858f2,1724599678317,"2024-08-25 20:57:58",2400.0,,10000000-0000-0000-0000-000000000004,"Eating out",Expense,Cash
117664d6-5fd5-4a7a-b5f1-6c38c064284d,1724599678317,"2024-08-25 20:57:58",530.0,,02380fa8-41a8-43fa-8e7b-2a579cfacfc2,Toxicity,Expense,Cash
e8c7c7d6-fb22-4c07-9360-914169074c8e,1724553811639,"2024-08-25 08:13:31",370.0,,02380fa8-41a8-43fa-8e7b-2a579cfacfc2,Toxicity,Expense,Cash
78cc3eea-0cf2-4bc5-a318-6e9d3666badd,1724553811639,"2024-08-25 08:13:31",3200.0,,10000000-0000-0000-0000-000000000001,Food,Expense,Cash
23a3e8d1-ccb4-4e1c-966d-0f06abdfc322,1724553808742,"2024-08-25 08:13:28",190.0,,02380fa8-41a8-43fa-8e7b-2a579cfacfc2,Toxicity,Expense,Cash
240c6deb-6787-40cb-b17f-e8c31476cdd1,1724497022634,"2024-08-24 16:27:02",2990.0,,10000000-0000-0000-0000-000000000002,House,Expense,Cash
da73b4e9-0143-489d-a4eb-73ac1aa75d27,1724467411639,"2024-08-24 08:13:31",840.0,,02380fa8-41a8-43fa-8e7b-2a579cfacfc2,Toxicity,Expense,Cash
6f3b3a4d-54d8-429f-a7ef-d807e7b8333a,1724424556733,"2024-08-23 20:19:16",5550.0,,d71face0-704a-49ff-8c96-9778abb5d2e3,Bike,Expense,Cash
46b95749-4c38-4590-8b77-1a9e80ec2443,1724424418117,"2024-08-23 20:16:58",2520.0,,d71face0-704a-49ff-8c96-9778abb5d2e3,Bike,Expense,Cash
66cdb1b8-40a4-4c41-b667-dc4ad3d6bb35,1724374014098,"2024-08-23 06:16:54",1650.0,,10000000-0000-0000-0000-000000000005,Transport,Expense,Cash
123ec198-3805-462b-ac0f-f6413af431d8,1724283008690,"2024-08-22 05:00:08",900.0,,02380fa8-41a8-43fa-8e7b-2a579cfacfc2,Toxicity,Expense,Cash
9a8c4ad7-9a7e-4f22-85dd-7db21c1ded7a,1724280818094,"2024-08-22 04:23:38",27990.0,,10000000-0000-0000-0000-000000000003,Car,Expense,Cash
e0728f48-df07-4419-8798-d497fce24fc4,1724146402865,"2024-08-20 15:03:22",600.0,,10000000-0000-0000-0000-000000000005,Transport,Expense,Cash
e64ba739-0e77-45d0-a8f0-7fe4742be08e,1724146402865,"2024-08-20 15:03:22",450.0,,10000000-0000-0000-0000-000000000005,Transport,Expense,Cash
e862176b-9287-4dc2-88af-3118f03c461a,1724146402865,"2024-08-20 15:03:22",350.0,,10000000-0000-0000-0000-000000000005,Transport,Expense,Cash
888fbf99-67b4-4f08-a4c2-bcded7031ffb,1724142939282,"2024-08-20 14:05:39",450.0,,10000000-0000-0000-0000-000000000005,Transport,Expense,Cash
e77ca988-7dd7-4170-a46e-9946fb9b5026,1724142939282,"2024-08-20 14:05:39",720.0,,10000000-0000-0000-0000-000000000005,Transport,Expense,Cash
0dab3ff5-faab-4463-826c-2ca5c63d3a8b,1724139095006,"2024-08-20 13:01:35",390.0,,10000000-0000-0000-0000-000000000005,Transport,Expense,Cash
cee6dc9d-c633-40fc-98e8-fd07868d20ab,1724139095006,"2024-08-20 13:01:35",540.0,,02380fa8-41a8-43fa-8e7b-2a579cfacfc2,Toxicity,Expense,Cash
4af5bef5-84fa-4559-a5e7-584a2f0b11c1,1724139095006,"2024-08-20 13:01:35",200.0,,6b86fb91-20d2-4296-8fc0-11af8f5db354,Brewery,Expense,Cash
009589a5-62e7-48e1-b359-f84210fba8a3,1724139095006,"2024-08-20 13:01:35",390.0,,10000000-0000-0000-0000-000000000005,Transport,Expense,Cash
68910c8c-cc4a-462b-8a73-0eceb7e6c9b6,1724134736177,"2024-08-20 11:48:56",800.0,,10000000-0000-0000-0000-000000000005,Transport,Expense,Cash
e415ba9c-30d5-49c6-86ac-5c4393bd5d57,1724037997746,"2024-08-19 08:56:37",500.0,,10000000-0000-0000-0000-000000000005,Transport,Expense,Cash
4c43b9bd-4772-4a71-89ae-ae5e0bc538ab,1724034962171,"2024-08-19 08:06:02",250.0,,6b86fb91-20d2-4296-8fc0-11af8f5db354,Brewery,Expense,Cash
cd5d7ecc-41a4-4a4c-84c0-7f18e945d76f,1724034962171,"2024-08-19 08:06:02",450.0,,10000000-0000-0000-0000-000000000005,Transport,Expense,Cash
0248b274-a26f-4763-a46a-f0804b2cc35d,1723990471638,"2024-08-18 19:44:31",2460.0,,10000000-0000-0000-0000-000000000002,House,Expense,Cash
fb5c7fda-6387-4357-8502-ff60b3a978a0,1723909068291,"2024-08-17 21:07:48",5820.0,,10000000-0000-0000-0000-000000000005,Transport,Expense,Cash
ca0b5944-820b-4029-adc8-4f0a8cc968bf,1723909068291,"2024-08-17 21:07:48",11520.0,,10000000-0000-0000-0000-000000000005,Transport,Expense,Cash
cbd46e8d-16ea-4a9f-a528-fb1de16b5882,1723909068291,"2024-08-17 21:07:48",190.0,,02380fa8-41a8-43fa-8e7b-2a579cfacfc2,Toxicity,Expense,Cash
47b1868f-25dc-4938-91f1-4a8a3d830630,1723542935707,"2024-08-13 15:25:35",180.0,,02380fa8-41a8-43fa-8e7b-2a579cfacfc2,Toxicity,Expense,Cash
f5aa9bad-0d7a-4e5f-9020-4e69ce08996f,1723542935707,"2024-08-13 15:25:35",180.0,,02380fa8-41a8-43fa-8e7b-2a579cfacfc2,Toxicity,Expense,Cash
b77ee435-0400-4d6c-bee2-b3ea19b1ccdb,1723542935707,"2024-08-13 15:25:35",200.0,,6b86fb91-20d2-4296-8fc0-11af8f5db354,Brewery,Expense,Cash
4b1b1715-e743-43de-ae37-ab9463db5612,1723474628472,"2024-08-12 20:27:08",540.0,,02380fa8-41a8-43fa-8e7b-2a579cfacfc2,Toxicity,Expense,Cash
fbccd76b-1f4d-481e-9013-2e3276ccb2fd,1723474628472,"2024-08-12 20:27:08",200.0,,02380fa8-41a8-43fa-8e7b-2a579cfacfc2,Toxicity,Expense,Cash
78128459-4ed6-4b68-aef7-032b976239db,1723474628472,"2024-08-12 20:27:08",3100.0,,02380fa8-41a8-43fa-8e7b-2a579cfacfc2,Toxicity,Expense,Cash
26f99384-54cb-4c61-bb38-fd1b76ae05b0,1723474628472,"2024-08-12 20:27:08",750.0,,6b86fb91-20d2-4296-8fc0-11af8f5db354,Brewery,Expense,Cash
a28e1570-8a79-47ce-80ee-f2c1f15d8d44,1723442763417,"2024-08-12 11:36:03",700.0,,10000000-0000-0000-0000-000000000004,"Eating out",Expense,Cash
39bf79f7-fc02-41fb-b46c-87c3902ec2cc,1723365974741,"2024-08-11 14:16:14",900.0,,02380fa8-41a8-43fa-8e7b-2a579cfacfc2,Toxicity,Expense,Cash
01b800ce-0b2b-4b49-96e5-98d6b5503356,1723269464828,"2024-08-10 11:27:44",900.0,,02380fa8-41a8-43fa-8e7b-2a579cfacfc2,Toxicity,Expense,Cash
5ee37f3f-c15f-485f-99b5-0c68541d1833,1723126523127,"2024-08-08 19:45:23",46720.0,,10000000-0000-0000-0000-000000000002,House,Expense,Cash
12be2429-b236-4d6b-a029-211f0c4067f8,1723126523127,"2024-08-08 19:45:23",900.0,,02380fa8-41a8-43fa-8e7b-2a579cfacfc2,Toxicity,Expense,Cash
53f85312-9f17-4165-9443-1ddc2df5a2f5,1722953723127,"2024-08-06 19:45:23",540.0,,02380fa8-41a8-43fa-8e7b-2a579cfacfc2,Toxicity,Expense,Cash
187d181a-bbec-49bd-9fd8-cf294b2677d5,1721975652655,"2024-07-26 12:04:12",2370.0,,10000000-0000-0000-0000-000000000007,Entertainment,Expense,Cash
ed2cacf0-e16e-46a5-8477-a62d7a96e30a,1721576010193,"2024-07-21 21:03:30",720.0,,02380fa8-41a8-43fa-8e7b-2a579cfacfc2,Toxicity,Expense,Cash
a742bbb2-2ec7-4796-8ab0-860f98c35a96,1721285868483,"2024-07-18 12:27:48",1200.0,,02380fa8-41a8-43fa-8e7b-2a579cfacfc2,Toxicity,Expense,Cash
4b4acb03-6dc2-41a9-9d14-de8d0e62697b,1721199468483,"2024-07-17 12:27:48",800.0,,02380fa8-41a8-43fa-8e7b-2a579cfacfc2,Toxicity,Expense,Cash
ad6f366a-6d74-40b3-bd4e-590671beb481,1721199468483,"2024-07-17 12:27:48",360.0,,02380fa8-41a8-43fa-8e7b-2a579cfacfc2,Toxicity,Expense,Cash
84fc038b-a2d2-4cf9-83ce-05d24fe46d35,1720970566407,"2024-07-14 20:52:46",1200.0,,02380fa8-41a8-43fa-8e7b-2a579cfacfc2,Toxicity,Expense,Cash
3a5a2f92-9336-4561-a0a9-748351c4ac88,1720936776911,"2024-07-14 11:29:36",900.0,,02380fa8-41a8-43fa-8e7b-2a579cfacfc2,Toxicity,Expense,Cash
2b0a3df8-5315-4922-8f6e-586aeecf5d2f,1720846242616,"2024-07-13 10:20:42",900.0,,02380fa8-41a8-43fa-8e7b-2a579cfacfc2,Toxicity,Expense,Cash
df8a389d-03a6-4ba8-89a1-1f045943f959,1720773442041,"2024-07-12 14:07:22",900.0,,02380fa8-41a8-43fa-8e7b-2a579cfacfc2,Toxicity,Expense,Cash
55cd85a0-10d9-475b-ae06-b9c9c79103b8,1720773442041,"2024-07-12 14:07:22",1880.0,,10000000-0000-0000-0000-000000000004,"Eating out",Expense,Cash
c3e15222-6182-42b3-b50f-a7893b353e05,1720773442041,"2024-07-12 14:07:22",6000.0,,02380fa8-41a8-43fa-8e7b-2a579cfacfc2,Toxicity,Expense,Cash
9ea758d9-ddeb-49d7-9aa5-01af84e04406,1720586716340,"2024-07-10 10:15:16",15450.0,,10000000-0000-0000-0000-000000000002,House,Expense,Cash
cbab9a13-6272-46da-a032-9d66e824a00f,1720453838878,"2024-07-08 21:20:38",330.0,,02380fa8-41a8-43fa-8e7b-2a579cfacfc2,Toxicity,Expense,Cash
955149bc-2fce-4214-b631-eab3e12e3296,1720453838878,"2024-07-08 21:20:38",620.0,,02380fa8-41a8-43fa-8e7b-2a579cfacfc2,Toxicity,Expense,Cash
eccb4cb8-886b-4d50-b578-199a21640b69,1720310098653,"2024-07-07 05:24:58",900.0,,02380fa8-41a8-43fa-8e7b-2a579cfacfc2,Toxicity,Expense,Cash
aff6ca55-ec60-4eaf-90a9-9a074a075682,1720310098653,"2024-07-07 05:24:58",46710.0,,10000000-0000-0000-0000-000000000002,House,Expense,Cash
d09d100d-7db0-4ea6-8fc2-401eb50be5fc,1720186307039,"2024-07-05 19:01:47",540.0,,02380fa8-41a8-43fa-8e7b-2a579cfacfc2,Toxicity,Expense,Cash
2d55e16a-0109-46ad-be5f-b136e88fc8a9,1720106011449,"2024-07-04 20:43:31",720.0,,02380fa8-41a8-43fa-8e7b-2a579cfacfc2,Toxicity,Expense,Cash
19a786b9-4502-4971-b374-4d42b1f05f5a,1720106011449,"2024-07-04 20:43:31",3000.0,,02380fa8-41a8-43fa-8e7b-2a579cfacfc2,Toxicity,Expense,Cash
f471753e-e7e6-4bf3-b9cc-33da12916366,1720106011449,"2024-07-04 20:43:31",1040.0,,10000000-0000-0000-0000-000000000004,"Eating out",Expense,Cash
c43a6f49-8e7a-44d7-832f-9fd311bb0d21,1720019611449,"2024-07-03 20:43:31",900.0,,02380fa8-41a8-43fa-8e7b-2a579cfacfc2,Toxicity,Expense,Cash
f1203c48-adb5-4cad-a163-f11d82648def,1719838062221,"2024-07-01 18:17:42",2120.0,,02380fa8-41a8-43fa-8e7b-2a579cfacfc2,Toxicity,Expense,Cash
d140b1bd-9c9a-4df2-84b1-f4bf60d0bca3,1719751662221,"2024-06-30 18:17:42",1000.0,,02380fa8-41a8-43fa-8e7b-2a579cfacfc2,Toxicity,Expense,Cash
fae41f1f-d6c8-402e-a2f5-bc29c0e82bd0,1719549621826,"2024-06-28 10:10:21",540.0,,02380fa8-41a8-43fa-8e7b-2a579cfacfc2,Toxicity,Expense,Cash
aa086119-9388-4656-9902-6861f21b3d1d,1719400130217,"2024-06-26 16:38:50",6320.0,,10000000-0000-0000-0000-000000000004,"Eating out",Expense,Cash
a974c467-f984-44de-8583-0f5d27381669,1719400130217,"2024-06-26 16:38:50",600.0,,02380fa8-41a8-43fa-8e7b-2a579cfacfc2,Toxicity,Expense,Cash
20f8f4dd-1dda-4bf4-967e-328e6f05a60c,1719400130217,"2024-06-26 16:38:50",3280.0,,10000000-0000-0000-0000-000000000004,"Eating out",Expense,Cash
9c91ef7c-4026-49c5-bb40-d820682a7a71,1719327449188,"2024-06-25 20:27:29",650.0,,02380fa8-41a8-43fa-8e7b-2a579cfacfc2,Toxicity,Expense,Cash
6983c544-47c6-4284-89cc-95099f4f9407,1719241049188,"2024-06-24 20:27:29",900.0,,02380fa8-41a8-43fa-8e7b-2a579cfacfc2,Toxicity,Expense,Cash
9b62eda8-76a6-4494-98be-7b4d33ea53ee,1719155187023,"2024-06-23 20:36:27",540.0,,02380fa8-41a8-43fa-8e7b-2a579cfacfc2,Toxicity,Expense,Cash
f4486e37-f51b-4199-892a-bcae6e066b3d,1718891789684,"2024-06-20 19:26:29",1090.0,,02380fa8-41a8-43fa-8e7b-2a579cfacfc2,Toxicity,Expense,Cash
3c908e9b-6947-438d-9b0c-025f58d3d11b,1718719533556,"2024-06-18 19:35:33",13970.0,,10000000-0000-0000-0000-000000000002,House,Expense,Cash
dd49e15c-a785-4de3-9158-c72b6ec0becf,1718521586841,"2024-06-16 12:36:26",900.0,,02380fa8-41a8-43fa-8e7b-2a579cfacfc2,Toxicity,Expense,Cash
1abd5692-ef7e-425b-8241-e9134e410967,1718521586841,"2024-06-16 12:36:26",1900.0,,10000000-0000-0000-0000-000000000004,"Eating out",Expense,Cash
fd276e9a-c748-4929-ae26-4298556aaac1,1718453295275,"2024-06-15 17:38:15",900.0,,02380fa8-41a8-43fa-8e7b-2a579cfacfc2,Toxicity,Expense,Cash
d494a7c4-46d0-4325-a2b5-4870f324be78,1718196153384,"2024-06-12 18:12:33",1370.0,,02380fa8-41a8-43fa-8e7b-2a579cfacfc2,Toxicity,Expense,Cash
d1041880-bd71-4fa9-8f61-7a1131dd7731,1718113833257,"2024-06-11 19:20:33",720.0,,02380fa8-41a8-43fa-8e7b-2a579cfacfc2,Toxicity,Expense,Cash
aec677e2-fb8b-4cb1-b27a-aa88583ebdf7,1718019208893,"2024-06-10 17:03:28",5990.0,,10000000-0000-0000-0000-000000000002,House,Expense,Cash
dd585e1a-b91d-4be1-8380-51b63069ffe2,1717993066315,"2024-06-10 09:47:46",1200.0,,02380fa8-41a8-43fa-8e7b-2a579cfacfc2,Toxicity,Expense,Cash
53a3da3c-7479-42ab-af1e-b37babb90d2c,1717914365856,"2024-06-09 11:56:05",46950.0,,10000000-0000-0000-0000-000000000002,House,Expense,Cash
a1b27528-749e-4934-b9d7-dcfc9c9a21df,1717859352334,"2024-06-08 20:39:12",1480.0,,10000000-0000-0000-0000-000000000004,"Eating out",Expense,Cash
def6ecc1-5924-4564-85a7-4a7fd96d06e7,1717857943402,"2024-06-08 20:15:43",8400.0,,10000000-0000-0000-0000-000000000004,"Eating out",Expense,Cash
9241ef34-b321-4fab-bf14-69f5ea0184d8,1717857943402,"2024-06-08 20:15:43",370.0,,02380fa8-41a8-43fa-8e7b-2a579cfacfc2,Toxicity,Expense,Cash
796cf3c3-dd2c-4896-ac8a-520cd2ef90e7,1717797461545,"2024-06-08 03:27:41",2990.0,,10000000-0000-0000-0000-000000000002,House,Expense,Cash
4d13a157-bd15-4833-afac-37a61d6a41d4,1717661581890,"2024-06-06 13:43:01",1380.0,,10000000-0000-0000-0000-000000000004,"Eating out",Expense,Cash
53b26785-dee3-47c8-a66a-18b553d9fa25,1717661581890,"2024-06-06 13:43:01",2000.0,,10000000-0000-0000-0000-000000000002,House,Expense,Cash
686e9e30-f405-4972-b8ad-429fe05f790f,1717661581890,"2024-06-06 13:43:01",370.0,,02380fa8-41a8-43fa-8e7b-2a579cfacfc2,Toxicity,Expense,Cash
e201adee-7c82-43c4-a23d-301789276f00,1717661581890,"2024-06-06 13:43:01",200.0,,6b86fb91-20d2-4296-8fc0-11af8f5db354,Brewery,Expense,Cash
58609ada-ffbe-4881-8b68-5b090f2f1f3a,1717608952478,"2024-06-05 23:05:52",900.0,,02380fa8-41a8-43fa-8e7b-2a579cfacfc2,Toxicity,Expense,Cash
123bbcb1-c736-4151-a4d1-212f2131514c,1717511501288,"2024-06-04 20:01:41",920.0,,02380fa8-41a8-43fa-8e7b-2a579cfacfc2,Toxicity,Expense,Cash
be9ac7b0-c38a-4272-8ab8-6bf717d9c9df,1717256170172,"2024-06-01 21:06:10",1200.0,,02380fa8-41a8-43fa-8e7b-2a579cfacfc2,Toxicity,Expense,Cash
89de2e9b-7f72-419e-9dc1-70e513c89b0d,1717149854628,"2024-05-31 15:34:14",1700.0,,10000000-0000-0000-0000-000000000003,Car,Expense,Cash
b98878f1-39e1-4e7d-91b5-21ee5382cc19,1717149854628,"2024-05-31 15:34:14",1300.0,,10000000-0000-0000-0000-000000000004,"Eating out",Expense,Cash
434ef5c1-6c2b-4f21-808b-2df40db381e1,1717149854628,"2024-05-31 15:34:14",1400.0,,02380fa8-41a8-43fa-8e7b-2a579cfacfc2,Toxicity,Expense,Cash
e31dc1fe-1a04-4db8-9440-9b63db887eb0,1716899958297,"2024-05-28 18:09:18",1260.0,,02380fa8-41a8-43fa-8e7b-2a579cfacfc2,Toxicity,Expense,Cash
16a83762-365a-43ec-9d21-b978c4213c6e,1716899958297,"2024-05-28 18:09:18",2040.0,,10000000-0000-0000-0000-000000000007,Entertainment,Expense,Cash
a2955ccb-147b-4591-828e-da6fd529bc31,1716817275992,"2024-05-27 19:11:15",1080.0,,02380fa8-41a8-43fa-8e7b-2a579cfacfc2,Toxicity,Expense,Cash
86d64a53-5cb1-442d-bc31-b2e08fb77030,1716743341600,"2024-05-26 22:39:01",1800.0,,02380fa8-41a8-43fa-8e7b-2a579cfacfc2,Toxicity,Expense,Cash
13cd77a2-4c3b-4240-b4c2-7434892cbcc1,1716641917839,"2024-05-25 18:28:37",900.0,,02380fa8-41a8-43fa-8e7b-2a579cfacfc2,Toxicity,Expense,Cash
e143b179-d8c8-4623-9a45-f3240c8affa9,1716641917839,"2024-05-25 18:28:37",1650.0,,10000000-0000-0000-0000-000000000004,"Eating out",Expense,Cash
aace4a3c-537d-42ac-b404-75288020404b,1716561032113,"2024-05-24 20:00:32",900.0,,02380fa8-41a8-43fa-8e7b-2a579cfacfc2,Toxicity,Expense,Cash
6e7eb9a5-9893-46d9-8dc9-38b6671f382f,1716526167163,"2024-05-24 10:19:27",12000.0,,10000000-0000-0000-0000-000000000005,Transport,Expense,Cash
89a59a1f-6936-4533-b031-24c8be2e43d9,1716385462179,"2024-05-22 19:14:22",1080.0,,02380fa8-41a8-43fa-8e7b-2a579cfacfc2,Toxicity,Expense,Cash
c6098ee0-c95c-4597-b15c-0e6b59a9b1ce,1716385462179,"2024-05-22 19:14:22",2160.0,,10000000-0000-0000-0000-000000000004,"Eating out",Expense,Cash
fb2f2ffa-5af0-484e-9a49-185d16dfef77,1716200882067,"2024-05-20 15:58:02",1100.0,,02380fa8-41a8-43fa-8e7b-2a579cfacfc2,Toxicity,Expense,Cash
1bec37f4-39b2-4036-9a78-006f32ee258a,1716100842716,"2024-05-19 12:10:42",900.0,,02380fa8-41a8-43fa-8e7b-2a579cfacfc2,Toxicity,Expense,Cash
16847d02-559e-4757-b2ae-bb42c4d41792,1716100842716,"2024-05-19 12:10:42",3000.0,,10000000-0000-0000-0000-000000000001,Food,Expense,Cash
be23c39a-9392-47d5-b723-f9f9d496696c,1715928252011,"2024-05-17 12:14:12",1700.0,,02380fa8-41a8-43fa-8e7b-2a579cfacfc2,Toxicity,Expense,Cash
f617b1d3-022e-4c45-91b9-e6b1d21ff612,1715863822556,"2024-05-16 18:20:22",1260.0,,02380fa8-41a8-43fa-8e7b-2a579cfacfc2,Toxicity,Expense,Cash
eb79c737-ccb4-4b17-a773-88f00449aebb,1715752944788,"2024-05-15 11:32:24",1100.0,,10000000-0000-0000-0000-000000000004,"Eating out",Expense,Cash
57e944e7-a19e-48c5-8cdd-ca80676f3092,1715752944788,"2024-05-15 11:32:24",1260.0,,02380fa8-41a8-43fa-8e7b-2a579cfacfc2,Toxicity,Expense,Cash
5c721c4a-e34d-4643-bc14-255706e0c38e,1715665050608,"2024-05-14 11:07:30",550.0,,02380fa8-41a8-43fa-8e7b-2a579cfacfc2,Toxicity,Expense,Cash
1c8f56b4-504a-44fb-b6bf-f57b58a3c0e7,1715665046682,"2024-05-14 11:07:26",2500.0,,10000000-0000-0000-0000-000000000004,"Eating out",Expense,Cash
040c0c7b-87e6-49f8-95d9-6108b5050dfa,1715620033958,"2024-05-13 22:37:13",1140.0,,02380fa8-41a8-43fa-8e7b-2a579cfacfc2,Toxicity,Expense,Cash
996705cc-8aed-466e-b2e9-74d411aeae7f,1715531099613,"2024-05-12 21:54:59",230.0,,02380fa8-41a8-43fa-8e7b-2a579cfacfc2,Toxicity,Expense,Cash
de3d1f38-8e85-4657-98b5-c15cf3a19b1c,1715531096703,"2024-05-12 21:54:56",960.0,,10000000-0000-0000-0000-000000000004,"Eating out",Expense,Cash
c2cd2fbf-8f43-40a9-8415-fd17455258cd,1715443041396,"2024-05-11 21:27:21",720.0,,10000000-0000-0000-0000-000000000001,Food,Expense,Cash
bbfb5cd0-5169-432f-9aea-dd94b7871c63,1715442618715,"2024-05-11 21:20:18",1350.0,,02380fa8-41a8-43fa-8e7b-2a579cfacfc2,Toxicity,Expense,Cash
cbec9e97-f6b7-4686-95fc-be0978d590d9,1715387273066,"2024-05-11 05:57:53",1090.0,,02380fa8-41a8-43fa-8e7b-2a579cfacfc2,Toxicity,Expense,Cash
e26ace5c-ea61-4519-97ca-5f02f565fe6b,1715268007618,"2024-05-09 20:50:07",1680.0,,10000000-0000-0000-0000-000000000001,Food,Expense,Cash
d96cae74-5ef3-4d97-b975-9326f29ecdf2,1715268007618,"2024-05-09 20:50:07",140.0,,02380fa8-41a8-43fa-8e7b-2a579cfacfc2,Toxicity,Expense,Cash
b004db6d-f3fa-4fce-bfc4-c74d1d428493,1715177057899,"2024-05-08 19:34:17",47200.0,Rent,10000000-0000-0000-0000-000000000002,House,Expense,Cash
934facb3-4e07-4781-bc00-15a5835ff998,1715177057899,"2024-05-08 19:34:17",1700.0,,02380fa8-41a8-43fa-8e7b-2a579cfacfc2,Toxicity,Expense,Cash
8f58a0ff-f24a-45cb-9a8e-17291f353426,1715001594964,"2024-05-06 18:49:54",1000.0,,10000000-0000-0000-0000-000000000002,House,Expense,Cash
34b097a3-61da-485e-b873-053ee446be51,1715001594964,"2024-05-06 18:49:54",4500.0,,d71face0-704a-49ff-8c96-9778abb5d2e3,Bike,Expense,Cash
b28b0ee8-b84e-4e5c-addb-64a1b9ad1658,1715001594964,"2024-05-06 18:49:54",190.0,,02380fa8-41a8-43fa-8e7b-2a579cfacfc2,Toxicity,Expense,Cash
efa5da18-42bd-4bc9-8723-24b78b8fe8ee,1715001594964,"2024-05-06 18:49:54",2000.0,,d71face0-704a-49ff-8c96-9778abb5d2e3,Bike,Expense,Cash
c78273fb-7439-439a-ad33-a5f4f11ee78c,1714846904417,"2024-05-04 23:51:44",2000.0,,10000000-0000-0000-0000-000000000004,"Eating out",Expense,Cash
42f9faa6-8a23-4803-b8c8-28fd4032471a,1714846904417,"2024-05-04 23:51:44",900.0,,02380fa8-41a8-43fa-8e7b-2a579cfacfc2,Toxicity,Expense,Cash
75bea892-c8d0-4c67-b556-fb22c117e82f,1714786214050,"2024-05-04 07:00:14",2000.0,,10000000-0000-0000-0000-000000000005,Transport,Expense,Cash
b89689c5-94f8-4b81-8ea3-d4918f6572ba,1714748440630,"2024-05-03 20:30:40",15000.0,,10000000-0000-0000-0000-000000000007,Entertainment,Expense,Cash
3262bbc6-a567-4224-b92f-d234cbe6361f,1714748440630,"2024-05-03 20:30:40",6940.0,,10000000-0000-0000-0000-000000000007,Entertainment,Expense,Cash
6ac62e41-6b73-4b51-a829-334b96a2506b,1714748440630,"2024-05-03 20:30:40",6200.0,,10000000-0000-0000-0000-000000000004,"Eating out",Expense,Cash
f3dd560a-ccb8-44bb-907f-776a9bfc9d6b,1714748440630,"2024-05-03 20:30:40",6950.0,,10000000-0000-0000-0000-000000000007,Entertainment,Expense,Cash
f431a0d1-8b93-4244-8df8-a039bbff956e,1714718917302,"2024-05-03 12:18:37",430.0,,10000000-0000-0000-0000-000000000005,Transport,Expense,Cash
7f795a5e-419d-4c8a-b417-d0148383dd1c,1714718917302,"2024-05-03 12:18:37",400.0,,10000000-0000-0000-0000-000000000005,Transport,Expense,Cash
733c1ced-5ba5-4754-8212-af62af18dea1,1714630500243,"2024-05-02 11:45:00",6400.0,,10000000-0000-0000-0000-000000000004,"Eating out",Expense,Cash
23196a47-a2bd-4030-ac90-cdc86db3dc4d,1714488614730,"2024-04-30 20:20:14",3450.0,,10000000-0000-0000-0000-000000000004,"Eating out",Expense,Cash
23011f32-7bc0-47af-a24a-06ad1175c1af,1714488614730,"2024-04-30 20:20:14",12500.0,,02380fa8-41a8-43fa-8e7b-2a579cfacfc2,Toxicity,Expense,Cash
58a692a9-e8c4-469c-a0eb-871599b2457e,1714479494020,"2024-04-30 17:48:14",1450.0,,02380fa8-41a8-43fa-8e7b-2a579cfacfc2,Toxicity,Expense,Cash
f8832f5c-9d91-4c05-93ae-fb81bf2769a0,1714479494020,"2024-04-30 17:48:14",5000.0,"Alignment ",10000000-0000-0000-0000-000000000003,Car,Expense,Cash
e88bed9f-4961-4778-8b94-9dbfc0c61727,1714416504653,"2024-04-30 00:18:24",2220.0,,10000000-0000-0000-0000-000000000012,Bills,Expense,Cash
5c93a65a-274c-450f-aaf5-222d2b04b562,1714398338274,"2024-04-29 19:15:38",190.0,,02380fa8-41a8-43fa-8e7b-2a579cfacfc2,Toxicity,Expense,Cash
a4a05e35-6dbc-4de8-aa00-d1de32b73d11,1714324157028,"2024-04-28 22:39:17",38830.0,,968edc2b-7a45-41ec-8be9-e213be5528f8,Fuel,Expense,Cash
6c2c6e6c-d8f7-4f5e-8303-69b7985ca2f2,1714318336361,"2024-04-28 21:02:16",10880.0,,10000000-0000-0000-0000-000000000002,House,Expense,Cash
a72e8924-70c0-4945-8550-4ffd83d5776d,1714318336361,"2024-04-28 21:02:16",14980.0,,10000000-0000-0000-0000-000000000002,House,Expense,Cash
3b97fdaa-3798-4c5f-b617-1013b4400dbd,1714318336361,"2024-04-28 21:02:16",14550.0,,10000000-0000-0000-0000-000000000002,House,Expense,Cash
34b684a7-63fc-4d47-b969-dc8210e401f3,1714274415556,"2024-04-28 08:50:15",5000.0,,10000000-0000-0000-0000-000000000004,"Eating out",Expense,Cash
690fd321-f4c0-4ad9-99a1-d1612c5da873,1714274415556,"2024-04-28 08:50:15",2800.0,,10000000-0000-0000-0000-000000000004,"Eating out",Expense,Cash
58e59604-7566-4b84-9818-ba6e39af18d7,1714274415556,"2024-04-28 08:50:15",370.0,,02380fa8-41a8-43fa-8e7b-2a579cfacfc2,Toxicity,Expense,Cash
2f234285-8d8b-43f6-9a88-20a8cced3fd8,1714239840045,"2024-04-27 23:14:00",250.0,,7adc3dbd-e8b1-494f-8685-6c84d84c4f96,Hospital,Expense,Cash
c00b2c83-d5b0-4389-b461-fd680bbb65d1,1714226727519,"2024-04-27 19:35:27",15310.0,,10000000-0000-0000-0000-000000000002,House,Expense,Cash
5d68b2dc-e824-4e36-978e-c49ca39240e5,1714209830868,"2024-04-27 14:53:50",310.0,,02380fa8-41a8-43fa-8e7b-2a579cfacfc2,Toxicity,Expense,Cash
e1dc4c9c-feb7-439c-a24b-dc2f6386441a,1714209830868,"2024-04-27 14:53:50",130.0,,02380fa8-41a8-43fa-8e7b-2a579cfacfc2,Toxicity,Expense,Cash
9e8c38df-fd85-4e40-bf19-e771a7579aaf,1714209830868,"2024-04-27 14:53:50",740.0,,02380fa8-41a8-43fa-8e7b-2a579cfacfc2,Toxicity,Expense,Cash
00eeff29-9fe3-4559-88c3-7100e392022e,1714027982140,"2024-04-25 12:23:02",84000.0,Toilet,10000000-0000-0000-0000-000000000002,House,Expense,Cash
5834d532-f63f-4121-90b9-244fb6e9877c,1714027982140,"2024-04-25 12:23:02",1500.0,Toilet,10000000-0000-0000-0000-000000000002,House,Expense,Cash
e9258152-3dae-4257-8383-24cde2298da1,1714027982140,"2024-04-25 12:23:02",3500.0,"Printer ",10000000-0000-0000-0000-000000000002,House,Expense,Cash
355b083d-19b3-4be5-bf70-c3d712b83b4c,1714027982140,"2024-04-25 12:23:02",2280.0,,6b86fb91-20d2-4296-8fc0-11af8f5db354,Brewery,Expense,Cash
a665b270-4075-4b00-92d6-ac8ee8cfc956,1713978239902,"2024-04-24 22:33:59",30290.0,,968edc2b-7a45-41ec-8be9-e213be5528f8,Fuel,Expense,Cash
86227d10-54ce-4597-bc02-15ac60f01de0,1713860459212,"2024-04-23 13:50:59",950.0,,10000000-0000-0000-0000-000000000004,"Eating out",Expense,Cash
3a38c78b-6e86-44c1-955f-72d06a7a6059,1713814059686,"2024-04-23 00:57:39",19370.0,,10000000-0000-0000-0000-000000000004,"Eating out",Expense,Cash
7afd8d8a-c2ef-496a-b9dd-a84d7362ac4c,1713814059686,"2024-04-23 00:57:39",2400.0,,10000000-0000-0000-0000-000000000004,"Eating out",Expense,Cash
304e51c1-d9a2-4616-8757-79114de951f3,1713780770900,"2024-04-22 15:42:50",2140.0,,02380fa8-41a8-43fa-8e7b-2a579cfacfc2,Toxicity,Expense,Cash
6bc543e5-ca53-4a96-bd67-3abf0b717e20,1713780770900,"2024-04-22 15:42:50",5800.0,,10000000-0000-0000-0000-000000000002,House,Expense,Cash
5b43d9db-57a0-4db0-a414-fbf4d0653a21,1713724810403,"2024-04-22 00:10:10",3500.0,,02380fa8-41a8-43fa-8e7b-2a579cfacfc2,Toxicity,Expense,Cash
0eef2ab5-2527-46ea-bc69-9e207362ada4,1713709462145,"2024-04-21 19:54:22",7000.0,,10000000-0000-0000-0000-000000000002,House,Expense,Cash
b1cc23ff-dd41-4824-b5a4-c03af5be3771,1713695059156,"2024-04-21 15:54:19",3000.0,,10000000-0000-0000-0000-000000000003,Car,Expense,Cash
49035e9a-8287-4985-a11c-6c31014486bc,1713685438332,"2024-04-21 13:13:58",180.0,,02380fa8-41a8-43fa-8e7b-2a579cfacfc2,Toxicity,Expense,Cash
0e56d06b-8865-47b8-b0de-6943d172e48b,1713685438332,"2024-04-21 13:13:58",2600.0,,6b86fb91-20d2-4296-8fc0-11af8f5db354,Brewery,Expense,Cash
6d837ca9-4ac7-46db-9ae5-53b1b28a2ce3,1713685438332,"2024-04-21 13:13:58",200.0,,02380fa8-41a8-43fa-8e7b-2a579cfacfc2,Toxicity,Expense,Cash
283e501b-d0b0-4456-8cc6-b0ece6f93154,1713685438332,"2024-04-21 13:13:58",8500.0,,10000000-0000-0000-0000-000000000001,Food,Expense,Cash
6f11f9a4-c6bf-4312-95f3-611a876a8ad4,1713685438332,"2024-04-21 13:13:58",4000.0,,10000000-0000-0000-0000-000000000003,Car,Expense,Cash
c0c861b7-4e25-4cc8-a224-2f2d5c8ba732,1713665357931,"2024-04-21 07:39:17",8500.0,,10000000-0000-0000-0000-000000000004,"Eating out",Expense,Cash
02df143f-bb3d-425c-a088-7b006b33a843,1713606230658,"2024-04-20 15:13:50",2240.0,,10000000-0000-0000-0000-000000000002,House,Expense,Cash
50afed19-f5a9-4d84-b51c-3687d0230bcf,1713606230658,"2024-04-20 15:13:50",27870.0,,968edc2b-7a45-41ec-8be9-e213be5528f8,Fuel,Expense,Cash
0a933332-0d4f-4ef5-9858-24475e5851da,1713606230658,"2024-04-20 15:13:50",600.0,,6b86fb91-20d2-4296-8fc0-11af8f5db354,Brewery,Expense,Cash
a0b91830-d4f7-4133-b3a0-069742a33b01,1713606230658,"2024-04-20 15:13:50",6390.0,,10000000-0000-0000-0000-000000000002,House,Expense,Cash
69b25071-cb19-47e1-b68f-31e6ca2b20ed,1713532665042,"2024-04-19 18:47:45",86850.0,"Haircut ",10000000-0000-0000-0000-000000000002,House,Expense,Cash
e74feee3-0202-4459-9023-3906d97305ac,1713532665042,"2024-04-19 18:47:45",690.0,,02380fa8-41a8-43fa-8e7b-2a579cfacfc2,Toxicity,Expense,Cash
98475916-441b-4753-bcf3-2413e80c9d52,1713532665042,"2024-04-19 18:47:45",4000.0,,10000000-0000-0000-0000-000000000002,House,Expense,Cash
01496bb4-859d-4fb1-a8ec-7883585fefa7,1713295297500,"2024-04-17 00:51:37",2730.0,,10000000-0000-0000-0000-000000000004,"Eating out",Expense,Cash
dd77cb9a-13dc-47f0-810d-0bbabcc0e72c,1713292431141,"2024-04-17 00:03:51",410.0,,10000000-0000-0000-0000-000000000005,Transport,Expense,Cash
ac0a9866-4810-417b-a310-4a5cb879efb2,1713292185450,"2024-04-16 23:59:45",2730.0,,02380fa8-41a8-43fa-8e7b-2a579cfacfc2,Toxicity,Expense,Cash
65f57099-5c0c-4b56-880b-abe2d06ccd0f,1713272568072,"2024-04-16 18:32:48",200.0,,6b86fb91-20d2-4296-8fc0-11af8f5db354,Brewery,Expense,Cash
bfe5e632-f67a-4043-bae4-39b4dcd86639,1713256987796,"2024-04-16 14:13:07",115890.0,,10000000-0000-0000-0000-000000000002,House,Expense,Cash
52557b1d-38d9-4fc2-b207-40f38b74edc0,1713250809326,"2024-04-16 12:30:09",1800.0,,10000000-0000-0000-0000-000000000005,Transport,Expense,Cash
87e49991-bd6d-4c3b-933e-65b630ea5798,1713190472377,"2024-04-15 19:44:32",2520.0,,02380fa8-41a8-43fa-8e7b-2a579cfacfc2,Toxicity,Expense,Cash
19f91969-2001-4e40-92cc-ca9b44a4024b,1713190472377,"2024-04-15 19:44:32",99460.0,,10000000-0000-0000-0000-000000000002,House,Expense,Cash
88c1a973-e38c-4c27-9e28-60769b69859e,1713120651438,"2024-04-15 00:20:51",26770.0,,968edc2b-7a45-41ec-8be9-e213be5528f8,Fuel,Expense,Cash
a5cfae37-9f69-4b28-ba99-a30879e30978,1713105607232,"2024-04-14 20:10:07",25550.0,,968edc2b-7a45-41ec-8be9-e213be5528f8,Fuel,Expense,Cash
caddf56b-a549-4a99-826f-9c523c52235e,1713025572695,"2024-04-13 21:56:12",8040.0,,10000000-0000-0000-0000-000000000004,"Eating out",Expense,Cash
4979cb2a-7aa5-4eac-9b26-19b4f41a6dfa,1713024618956,"2024-04-13 21:40:18",840.0,,6b86fb91-20d2-4296-8fc0-11af8f5db354,Brewery,Expense,Cash
40c0f971-c42d-459f-a55f-2a470c67fb44,1713021911652,"2024-04-13 20:55:11",4200.0,,02380fa8-41a8-43fa-8e7b-2a579cfacfc2,Toxicity,Expense,Cash
6ae05735-38c2-4349-be46-7faf6d19ccac,1713019646679,"2024-04-13 20:17:26",6100.0,,10000000-0000-0000-0000-000000000004,"Eating out",Expense,Cash
a20b0377-1a91-4034-b922-3730b96a5470,1713017566098,"2024-04-13 19:42:46",66700.0,,02380fa8-41a8-43fa-8e7b-2a579cfacfc2,Toxicity,Expense,Cash
22d48d1b-d5de-4ca2-b211-ddd12add4f2a,1712991796345,"2024-04-13 12:33:16",20000.0,,968edc2b-7a45-41ec-8be9-e213be5528f8,Fuel,Expense,Cash
6475f673-c901-40e5-8c70-65fd7097b598,1712990539273,"2024-04-13 12:12:19",3830.0,,02380fa8-41a8-43fa-8e7b-2a579cfacfc2,Toxicity,Expense,Cash
abdc8b17-96c8-4bd3-a9a8-da0999d1fec2,1712978376136,"2024-04-13 08:49:36",900.0,,6b86fb91-20d2-4296-8fc0-11af8f5db354,Brewery,Expense,Cash
b29dc3e7-8ed5-47f0-98f0-1df9d45bfec7,1712894966665,"2024-04-12 09:39:26",37140.0,,968edc2b-7a45-41ec-8be9-e213be5528f8,Fuel,Expense,Cash
19ad123e-0286-425b-944e-043f930cadcf,1712856521273,"2024-04-11 22:58:41",5670.0,,968edc2b-7a45-41ec-8be9-e213be5528f8,Fuel,Expense,Cash
4dcedebc-f770-4ba0-92fc-d161868e34e1,1712856521273,"2024-04-11 22:58:41",2070.0,,10000000-0000-0000-0000-000000000001,Food,Expense,Cash
3f38f2c5-3661-4583-8687-d34a75609776,1712771739834,"2024-04-10 23:25:39",740.0,,02380fa8-41a8-43fa-8e7b-2a579cfacfc2,Toxicity,Expense,Cash
d51ec255-496d-4625-b912-14617247d3f2,1712743506139,"2024-04-10 15:35:06",700.0,,10000000-0000-0000-0000-000000000004,"Eating out",Expense,Cash
48fc764b-7fd4-4954-9350-1f9735243cf9,1712727787165,"2024-04-10 11:13:07",400.0,,6b86fb91-20d2-4296-8fc0-11af8f5db354,Brewery,Expense,Cash
a39a6433-8834-4c98-97be-86cef3de7ac4,1712686298658,"2024-04-09 23:41:38",400.0,,6b86fb91-20d2-4296-8fc0-11af8f5db354,Brewery,Expense,Cash
6034ad04-f6b4-4474-b36a-d757a8ed43d5,1712662000668,"2024-04-09 16:56:40",800.0,,10000000-0000-0000-0000-000000000004,"Eating out",Expense,Cash
a194958e-b3f4-4486-bfca-18d35b258b31,1712560264707,"2024-04-08 12:41:04",49010.0,Rent,10000000-0000-0000-0000-000000000002,House,Expense,Cash
07e34626-5d07-4391-99e3-9649e552379e,1712553534771,"2024-04-08 10:48:54",560.0,,10000000-0000-0000-0000-000000000001,Food,Expense,Cash
b36035ec-21e8-4e60-9ed4-69f2995b90c0,1712491320553,"2024-04-07 17:32:00",6070.0,,10000000-0000-0000-0000-000000000002,House,Expense,Cash
88a57dd3-dca9-4e85-b4d6-00162afd156f,1712491320553,"2024-04-07 17:32:00",65000.0,"Suit case",10000000-0000-0000-0000-000000000002,House,Expense,Cash
b49b7a3f-d49c-4927-8e23-90bda3f6a82e,1712491320553,"2024-04-07 17:32:00",5500.0,Watch,10000000-0000-0000-0000-000000000002,House,Expense,Cash
af328796-e06f-4d6b-ab7c-bc7b7b7b1eb3,1712491320553,"2024-04-07 17:32:00",400.0,,02380fa8-41a8-43fa-8e7b-2a579cfacfc2,Toxicity,Expense,Cash
5d5ae0ec-618f-457a-8fab-01dd9a15e4e0,1712408215217,"2024-04-06 18:26:55",1020.0,,02380fa8-41a8-43fa-8e7b-2a579cfacfc2,Toxicity,Expense,Cash
a8189335-ace3-4acd-b786-b44574ecd679,1712408215217,"2024-04-06 18:26:55",200.0,,6b86fb91-20d2-4296-8fc0-11af8f5db354,Brewery,Expense,Cash
26fef98a-481d-4e79-80b8-f1814d4faa9f,1712408215217,"2024-04-06 18:26:55",200.0,,7adc3dbd-e8b1-494f-8685-6c84d84c4f96,Hospital,Expense,Cash
adbf2d62-f53a-4689-af35-202d3087a022,1712392670740,"2024-04-06 14:07:50",30160.0,,10000000-0000-0000-0000-000000000004,"Eating out",Expense,Cash
c930d293-a128-4499-b5e9-b5d0e0b218f0,1712392670740,"2024-04-06 14:07:50",10000.0,"Parking fee",10000000-0000-0000-0000-000000000002,House,Expense,Cash
797578d8-a242-47d0-81a5-ddeb77cc1677,1712392670740,"2024-04-06 14:07:50",7840.0,,10000000-0000-0000-0000-000000000007,Entertainment,Expense,Cash
fbec4447-8bba-4189-981a-d446a1de3a73,1712364335141,"2024-04-06 06:15:35",11290.0,,10000000-0000-0000-0000-000000000005,Transport,Expense,Cash
6e105316-c71b-4014-bd56-988146f31179,1712337849015,"2024-04-05 22:54:09",4000.0,,10000000-0000-0000-0000-000000000004,"Eating out",Expense,Cash
820bf6e2-9a4d-4083-884a-2eb39304fb59,1712337849015,"2024-04-05 22:54:09",1100.0,,02380fa8-41a8-43fa-8e7b-2a579cfacfc2,Toxicity,Expense,Cash
bab53820-82eb-4841-b65a-a1994452ef46,1712337849015,"2024-04-05 22:54:09",5000.0,Hotel,10000000-0000-0000-0000-000000000002,House,Expense,Cash
8cf48f92-b8ea-48c3-a3da-9c32381ca204,1712308725170,"2024-04-05 14:48:45",14500.0,,10000000-0000-0000-0000-000000000004,"Eating out",Expense,Cash
91bd5ecb-2ebe-47bb-9cfa-636e6595fa87,1712285948098,"2024-04-05 08:29:08",3000.0,,10000000-0000-0000-0000-000000000002,House,Expense,Cash
613546cb-f076-489a-99bb-a86b69bf25a1,1712285948098,"2024-04-05 08:29:08",12800.0,,10000000-0000-0000-0000-000000000004,"Eating out",Expense,Cash
9c2f8684-519c-42f4-8ce3-be468978e0a4,1712285948098,"2024-04-05 08:29:08",20000.0,,968edc2b-7a45-41ec-8be9-e213be5528f8,Fuel,Expense,Cash
075f6b89-8c3f-43dc-95ed-2fb6c293a411,1712281353546,"2024-04-05 07:12:33",2200.0,,6b86fb91-20d2-4296-8fc0-11af8f5db354,Brewery,Expense,Cash
2e5aa2e4-e2be-4fd5-bedd-620397820bbb,1712250361243,"2024-04-04 22:36:01",690.0,,02380fa8-41a8-43fa-8e7b-2a579cfacfc2,Toxicity,Expense,Cash
bb12bcda-659e-4a4b-957e-650503f611f7,1712194013242,"2024-04-04 06:56:53",600.0,,6b86fb91-20d2-4296-8fc0-11af8f5db354,Brewery,Expense,Cash
d47638ca-462a-4fea-a27d-956a96669435,1712079681349,"2024-04-02 23:11:21",1360.0,,6b86fb91-20d2-4296-8fc0-11af8f5db354,Brewery,Expense,Cash
bc29ff22-30df-41ea-8ce0-036bce1969f7,1712079658369,"2024-04-02 23:10:58",780.0,,02380fa8-41a8-43fa-8e7b-2a579cfacfc2,Toxicity,Expense,Cash
70e583fc-fd14-4c87-bb52-40bd8fdbb57a,1711990899172,"2024-04-01 22:31:39",400.0,,02380fa8-41a8-43fa-8e7b-2a579cfacfc2,Toxicity,Expense,Cash
c19a3aae-0131-491e-bbf6-09bc063ea103,1711990899172,"2024-04-01 22:31:39",14720.0,,10000000-0000-0000-0000-000000000002,House,Expense,Cash
f03f96a2-7034-4c55-a16c-95a795cf0734,1711983833693,"2024-04-01 20:33:53",80600.0,Facial,10000000-0000-0000-0000-000000000002,House,Expense,Cash
ee98345d-787b-4ffc-884e-4c5189cd1211,1711958764546,"2024-04-01 13:36:04",49110.0,,10000000-0000-0000-0000-000000000002,House,Expense,Cash
5f29a106-72ae-4259-a222-a8f924a7feff,1711771443732,"2024-03-30 09:34:03",2350.0,,10000000-0000-0000-0000-000000000002,House,Expense,Cash
0e393e1a-561e-4871-a4b1-c46a2f79e3ea,1711725941894,"2024-03-29 20:55:41",5810.0,,10000000-0000-0000-0000-000000000002,House,Expense,Cash
6ecda46d-4ac7-4d39-aa1c-3e5f1f12b2e1,1711641404761,"2024-03-28 21:26:44",340.0,,02380fa8-41a8-43fa-8e7b-2a579cfacfc2,Toxicity,Expense,Cash
feaaa474-6054-45e3-b608-78d0e717b4dd,1711633650330,"2024-03-28 19:17:30",1650.0,,6b86fb91-20d2-4296-8fc0-11af8f5db354,Brewery,Expense,Cash
f8b2f94c-d212-4f50-855d-c2ae48f82d06,1711605578388,"2024-03-28 11:29:38",13990.0,Router,10000000-0000-0000-0000-000000000002,House,Expense,Cash
550d0fbd-cb0d-4992-9405-0342eeef799f,1711536364228,"2024-03-27 16:16:04",6490.0,,10000000-0000-0000-0000-000000000005,Transport,Expense,Cash
e24a08b2-3825-4f6f-b04a-a3d50ed4e42a,1711426029526,"2024-03-26 09:37:09",1200.0,,7adc3dbd-e8b1-494f-8685-6c84d84c4f96,Hospital,Expense,Cash
1cefc529-cef4-4bf5-b33c-6fee83c36187,1711426029526,"2024-03-26 09:37:09",190.0,,02380fa8-41a8-43fa-8e7b-2a579cfacfc2,Toxicity,Expense,Cash
f58f1c3c-73ed-445f-a7eb-7d81e464b098,1711402102033,"2024-03-26 02:58:22",200.0,,02380fa8-41a8-43fa-8e7b-2a579cfacfc2,Toxicity,Expense,Cash
ba2ad85b-28f7-4ae7-8130-d0c3a23f484f,1711402102033,"2024-03-26 02:58:22",250.0,,10000000-0000-0000-0000-000000000004,"Eating out",Expense,Cash
cd5016bc-b703-4548-b393-5c2b7b42f227,1711402102033,"2024-03-26 02:58:22",100.0,,6b86fb91-20d2-4296-8fc0-11af8f5db354,Brewery,Expense,Cash
4885ede6-d5c8-416b-8cad-4155df928b2a,1711382441221,"2024-03-25 21:30:41",120.0,,6b86fb91-20d2-4296-8fc0-11af8f5db354,Brewery,Expense,Cash
8df2ac87-a3a2-4368-94d8-fde3e2a3758c,1711382441221,"2024-03-25 21:30:41",7000.0,,968edc2b-7a45-41ec-8be9-e213be5528f8,Fuel,Expense,Cash
f6f13897-51b2-41bc-817a-5c06f53c6910,1711338909401,"2024-03-25 09:25:09",540.0,,02380fa8-41a8-43fa-8e7b-2a579cfacfc2,Toxicity,Expense,Cash
cd158f9f-2c34-4066-a0a5-7787cbf8bb42,1711314081289,"2024-03-25 02:31:21",2990.0,,10000000-0000-0000-0000-000000000004,"Eating out",Expense,Cash
86752a0c-a713-4b16-a0c3-236cc2938b0b,1711314081289,"2024-03-25 02:31:21",1900.0,,10000000-0000-0000-0000-000000000004,"Eating out",Expense,Cash
0116dfce-f4cb-4e0d-be91-793170e0d025,1711314081289,"2024-03-25 02:31:21",380.0,,02380fa8-41a8-43fa-8e7b-2a579cfacfc2,Toxicity,Expense,Cash
afd11cba-0390-4842-b967-33e77d3db20f,1711314081289,"2024-03-25 02:31:21",2500.0,"Haircut ",10000000-0000-0000-0000-000000000002,House,Expense,Cash
9b03f6c9-0485-4570-b27b-2e4fb69d84ac,1711300505175,"2024-03-24 22:45:05",600.0,,02380fa8-41a8-43fa-8e7b-2a579cfacfc2,Toxicity,Expense,Cash
f4e3286a-7a2f-4175-8a52-6acf4bf6f806,1711300505175,"2024-03-24 22:45:05",120.0,,6b86fb91-20d2-4296-8fc0-11af8f5db354,Brewery,Expense,Cash
0bf5b28f-ca0e-4ede-b8d7-7ca6bdc02ba2,1711300505175,"2024-03-24 22:45:05",150.0,,6b86fb91-20d2-4296-8fc0-11af8f5db354,Brewery,Expense,Cash
8e901d95-5bee-4c4a-aef1-56f365decedf,1711272162079,"2024-03-24 14:52:42",3490.0,,10000000-0000-0000-0000-000000000004,"Eating out",Expense,Cash
297198ba-053e-41b9-ae7e-004dc81a8fb4,1711249496426,"2024-03-24 08:34:56",1200.0,,02380fa8-41a8-43fa-8e7b-2a579cfacfc2,Toxicity,Expense,Cash
074ce76f-4c33-46c5-b960-7f7a09a2626f,1711249496426,"2024-03-24 08:34:56",260.0,,02380fa8-41a8-43fa-8e7b-2a579cfacfc2,Toxicity,Expense,Cash
1cdc18db-1d04-4b2f-add3-0be173659831,1711249496426,"2024-03-24 08:34:56",650.0,,10000000-0000-0000-0000-000000000004,"Eating out",Expense,Cash
71809797-19d5-4c8f-9411-fa978e978eaf,1711211389810,"2024-03-23 21:59:49",900.0,,02380fa8-41a8-43fa-8e7b-2a579cfacfc2,Toxicity,Expense,Cash
228456b4-243e-4cfd-b69b-8d278d992539,1711211389810,"2024-03-23 21:59:49",1700.0,,02380fa8-41a8-43fa-8e7b-2a579cfacfc2,Toxicity,Expense,Cash
9d951386-a1b3-4dbb-8112-1bea082eb307,1711211389810,"2024-03-23 21:59:49",120.0,,6b86fb91-20d2-4296-8fc0-11af8f5db354,Brewery,Expense,Cash
3c18436f-41ff-4e72-aebb-43e8fc9d2f34,1711211389810,"2024-03-23 21:59:49",600.0,,02380fa8-41a8-43fa-8e7b-2a579cfacfc2,Toxicity,Expense,Cash
097a606e-471c-45aa-a78d-6fa2c474b832,1711211389810,"2024-03-23 21:59:49",3130.0,,10000000-0000-0000-0000-000000000004,"Eating out",Expense,Cash
74fdc36a-1e7f-4f93-a1bc-4bae60e6c08b,1711164590024,"2024-03-23 08:59:50",600.0,,02380fa8-41a8-43fa-8e7b-2a579cfacfc2,Toxicity,Expense,Cash
ffef99e0-fe18-418d-9677-5b425d757f00,1711164590024,"2024-03-23 08:59:50",500.0,,10000000-0000-0000-0000-000000000004,"Eating out",Expense,Cash
93e399a8-8b6b-432e-b48a-f44a340e235a,1711151977444,"2024-03-23 05:29:37",390.0,,02380fa8-41a8-43fa-8e7b-2a579cfacfc2,Toxicity,Expense,Cash
a149fe15-dbe3-4ad9-b760-298804fcca3b,1711138217723,"2024-03-23 01:40:17",1770.0,,6b86fb91-20d2-4296-8fc0-11af8f5db354,Brewery,Expense,Cash
3e0c4790-615a-436d-b14b-a142c5d6b5b7,1711106851744,"2024-03-22 16:57:31",2580.0,,10000000-0000-0000-0000-000000000004,"Eating out",Expense,Cash
4e0e02e6-a980-4a9d-b8e3-844cb96d66ea,1711106851744,"2024-03-22 16:57:31",900.0,,02380fa8-41a8-43fa-8e7b-2a579cfacfc2,Toxicity,Expense,Cash
3949f135-e987-4afd-b45c-cbb4caee5ebb,1711066610744,"2024-03-22 05:46:50",570.0,,02380fa8-41a8-43fa-8e7b-2a579cfacfc2,Toxicity,Expense,Cash
468d5114-e9f5-4a34-b1dc-24c4a1c567ec,1711060569034,"2024-03-22 04:06:09",4000.0,,10000000-0000-0000-0000-000000000002,House,Expense,Cash
7551126e-2855-492f-b2f7-d6eb0197c9ad,1711044264089,"2024-03-21 23:34:24",4840.0,,10000000-0000-0000-0000-000000000004,"Eating out",Expense,Cash
fbc1cfb3-fee0-48ae-ab7a-5fe1b82ec1d3,1711042323388,"2024-03-21 23:02:03",1270.0,,02380fa8-41a8-43fa-8e7b-2a579cfacfc2,Toxicity,Expense,Cash
52a9b2e8-c6b1-447c-b959-4be401d57c3c,1711042323388,"2024-03-21 23:02:03",150.0,,6b86fb91-20d2-4296-8fc0-11af8f5db354,Brewery,Expense,Cash
f7b83f9a-d4ed-4bbc-b825-a5487eccdf98,1711042323388,"2024-03-21 23:02:03",120.0,"",6b86fb91-20d2-4296-8fc0-11af8f5db354,Brewery,Expense,Cash
061fb328-a8d3-4189-ac20-7256f5a317ae,1711028139005,"2024-03-21 19:05:39",1050.0,,10000000-0000-0000-0000-000000000005,Transport,Expense,Cash
720a79e3-5df4-471b-9cb2-847f0d37a9e9,1710949904353,"2024-03-20 21:21:44",3820.0,,10000000-0000-0000-0000-000000000004,"Eating out",Expense,Cash
897e5553-971c-4e7b-b291-fe4a14ba6d3f,1710885435698,"2024-03-20 03:27:15",2010.0,,10000000-0000-0000-0000-000000000004,"Eating out",Expense,Cash
70c117df-97ed-47f2-a061-f5966929b321,1710859084408,"2024-03-19 20:08:04",1200.0,,02380fa8-41a8-43fa-8e7b-2a579cfacfc2,Toxicity,Expense,Cash
068ea73e-a096-4913-b920-671eb47d2b80,1710859084408,"2024-03-19 20:08:04",120.0,,6b86fb91-20d2-4296-8fc0-11af8f5db354,Brewery,Expense,Cash
49dc1e18-3b23-42fc-945b-15de9210ab83,1710817569305,"2024-03-19 08:36:09",900.0,,02380fa8-41a8-43fa-8e7b-2a579cfacfc2,Toxicity,Expense,Cash
9c0ad7ec-0d90-4697-a035-dee9a05eb5a6,1710817569305,"2024-03-19 08:36:09",500.0,,10000000-0000-0000-0000-000000000004,"Eating out",Expense,Cash
90ff7ebf-876d-4628-aaa8-fc36afb2f2f5,1710767168251,"2024-03-18 18:36:08",3410.0,,10000000-0000-0000-0000-000000000004,"Eating out",Expense,Cash
cddd3094-e0ca-4476-82ff-6a1b98cbee3d,1710751405877,"2024-03-18 14:13:25",600.0,,02380fa8-41a8-43fa-8e7b-2a579cfacfc2,Toxicity,Expense,Cash
29b5e8e8-0409-499c-9de0-526b02f13094,1710751405877,"2024-03-18 14:13:25",100.0,,6b86fb91-20d2-4296-8fc0-11af8f5db354,Brewery,Expense,Cash
0e24bff4-c80a-4c5a-813e-23260b64f0b9,1710731169305,"2024-03-18 08:36:09",340.0,,02380fa8-41a8-43fa-8e7b-2a579cfacfc2,Toxicity,Expense,Cash
c4dd229c-e086-468e-a11e-14813fa85c96,1710731169305,"2024-03-18 08:36:09",120.0,,6b86fb91-20d2-4296-8fc0-11af8f5db354,Brewery,Expense,Cash
8a37b775-cf7a-441a-ab42-600df6c57746,1710707605182,"2024-03-18 02:03:25",2150.0,,10000000-0000-0000-0000-000000000004,"Eating out",Expense,Cash
78867913-9663-4054-a19d-30bac77a7f7e,1710687879113,"2024-03-17 20:34:39",1200.0,,10000000-0000-0000-0000-000000000002,House,Expense,Cash
101a9e43-e25f-4945-94f2-492abf7191f4,1710687879113,"2024-03-17 20:34:39",750.0,,10000000-0000-0000-0000-000000000004,"Eating out",Expense,Cash
11a93e73-caa7-40d5-b9f5-05dd2807cb92,1710687879113,"2024-03-17 20:34:39",600.0,,02380fa8-41a8-43fa-8e7b-2a579cfacfc2,Toxicity,Expense,Cash
32edcf5c-8eaa-4347-9ae5-11dc9f891bce,1710661932559,"2024-03-17 13:22:12",1200.0,,02380fa8-41a8-43fa-8e7b-2a579cfacfc2,Toxicity,Expense,Cash
2247b707-a40a-4a5e-ae18-258afde13f04,1710626784904,"2024-03-17 03:36:24",4240.0,,10000000-0000-0000-0000-000000000004,"Eating out",Expense,Cash
77c15f48-1ee6-4cf7-9b10-2a63f83c2ecc,1710613227874,"2024-03-16 23:50:27",800.0,,10000000-0000-0000-0000-000000000004,"Eating out",Expense,Cash
52d40117-c7d7-4b42-9ac4-ce4d019e992e,1710613227874,"2024-03-16 23:50:27",270.0,,6b86fb91-20d2-4296-8fc0-11af8f5db354,Brewery,Expense,Cash
fc7261f6-0850-4b61-b61b-bd24945fa797,1710613227874,"2024-03-16 23:50:27",1390.0,,10000000-0000-0000-0000-000000000004,"Eating out",Expense,Cash
658286a0-6a23-445d-a638-38fecf73d4f5,1710609573870,"2024-03-16 22:49:33",3570.0,,6b86fb91-20d2-4296-8fc0-11af8f5db354,Brewery,Expense,Cash
b632278a-fce3-4e7d-8f24-63b93db698bb,1710574150729,"2024-03-16 12:59:10",1200.0,,02380fa8-41a8-43fa-8e7b-2a579cfacfc2,Toxicity,Expense,Cash
4be3656a-8e9d-4456-a978-8ac55112d29c,1710523173870,"2024-03-15 22:49:33",100.0,,6b86fb91-20d2-4296-8fc0-11af8f5db354,Brewery,Expense,Cash
b0854665-b7f4-4993-9669-45ec41be4a81,1710500653182,"2024-03-15 16:34:13",840.0,,10000000-0000-0000-0000-000000000004,"Eating out",Expense,Cash
d5d0c742-861a-483d-aa94-8e7fd3dd3207,1710444646652,"2024-03-15 01:00:46",5000.0,,10000000-0000-0000-0000-000000000011,Deposits,Income,Cash
b7809ec2-1800-4a7f-8a6d-becca7f7dbac,1710444646652,"2024-03-15 01:00:46",4870.0,,10000000-0000-0000-0000-000000000004,"Eating out",Expense,Cash
1a6b6c91-818f-48c8-aaf8-9f247b42a2c6,1710409886297,"2024-03-14 15:21:26",100.0,,6b86fb91-20d2-4296-8fc0-11af8f5db354,Brewery,Expense,Cash
f9194b6f-a8d4-429a-8966-c63830d5fe0d,1710367274195,"2024-03-14 03:31:14",200.0,,02380fa8-41a8-43fa-8e7b-2a579cfacfc2,Toxicity,Expense,Cash
cec11282-7410-4048-9cd6-fdd51fcd668b,1710349341282,"2024-03-13 22:32:21",1870.0,,02380fa8-41a8-43fa-8e7b-2a579cfacfc2,Toxicity,Expense,Cash
864764e2-b1c2-43c1-ac70-ad64d0503530,1710349341282,"2024-03-13 22:32:21",5670.0,,968edc2b-7a45-41ec-8be9-e213be5528f8,Fuel,Expense,Cash
f5026bb6-781a-4f1e-b8c3-43325da30acb,1710322156417,"2024-03-13 14:59:16",600.0,"",10000000-0000-0000-0000-000000000001,Food,Expense,Cash
0e39adc5-89ca-47da-b4af-e0afb4149ade,1710322156417,"2024-03-13 14:59:16",750.0,"",02380fa8-41a8-43fa-8e7b-2a579cfacfc2,Toxicity,Expense,Cash
4482eb39-99e4-44b3-8d53-53a6671278c0,1710251618967,"2024-03-12 19:23:38",920.0,,02380fa8-41a8-43fa-8e7b-2a579cfacfc2,Toxicity,Expense,Cash
23f689fa-6054-4aa6-80ed-9d3e96a951b5,1710251618967,"2024-03-12 19:23:38",120.0,,6b86fb91-20d2-4296-8fc0-11af8f5db354,Brewery,Expense,Cash
ce47b4cf-1157-422f-b145-8c9bdf6e379a,1710251618967,"2024-03-12 19:23:38",1700.0,,10000000-0000-0000-0000-000000000002,House,Expense,Cash
d6dadf08-fb6f-4881-836e-c114fb6d0648,1710251618967,"2024-03-12 19:23:38",100.0,,6b86fb91-20d2-4296-8fc0-11af8f5db354,Brewery,Expense,Cash
c7168f2e-d670-456c-9921-9554d123282d,1710227073032,"2024-03-12 12:34:33",1200.0,,02380fa8-41a8-43fa-8e7b-2a579cfacfc2,Toxicity,Expense,Cash
3272deb1-0968-43e8-a52e-eaebf891fc18,1710187865373,"2024-03-12 01:41:05",3760.0,,10000000-0000-0000-0000-000000000004,"Eating out",Expense,Cash
9913b147-a28c-45c8-b3fc-c83a3b9f3521,1710166947313,"2024-03-11 19:52:27",600.0,,10000000-0000-0000-0000-000000000001,Food,Expense,Cash
1416396d-2137-4ab8-84dc-7a7a3e3dc894,1710166947313,"2024-03-11 19:52:27",750.0,,02380fa8-41a8-43fa-8e7b-2a579cfacfc2,Toxicity,Expense,Cash
8171d61d-cd73-40b8-a0d9-6aae14b4f38f,1710145788541,"2024-03-11 13:59:48",420.0,,10000000-0000-0000-0000-000000000004,"Eating out",Expense,Cash
1cfa0386-26b9-4ae9-b3e0-0f759b5c7c2e,1710145788541,"2024-03-11 13:59:48",1140.0,,02380fa8-41a8-43fa-8e7b-2a579cfacfc2,Toxicity,Expense,Cash
dbaad7a0-302b-4385-b12d-3ee82402bca3,1710098951729,"2024-03-11 00:59:11",1120.0,,10000000-0000-0000-0000-000000000004,"Eating out",Expense,Cash
45d29243-7172-4933-8bf6-be8457c703f6,1710086605449,"2024-03-10 21:33:25",120.0,,6b86fb91-20d2-4296-8fc0-11af8f5db354,Brewery,Expense,Cash
9ccbdf84-ac1f-4d80-8e6a-a83d6e3c5963,1710076568443,"2024-03-10 18:46:08",1500.0,,02380fa8-41a8-43fa-8e7b-2a579cfacfc2,Toxicity,Expense,Cash
bc8c6118-6455-4938-bd83-994295e74f9c,1710056686938,"2024-03-10 13:14:46",600.0,,10000000-0000-0000-0000-000000000001,Food,Expense,Cash
03aa52d6-3603-40ca-be27-7fc110044fe7,1710056686938,"2024-03-10 13:14:46",280.0,,10000000-0000-0000-0000-000000000001,Food,Expense,Cash
15f17c42-2c3a-4b88-b017-545c33e79209,1710056686938,"2024-03-10 13:14:46",1290.0,,02380fa8-41a8-43fa-8e7b-2a579cfacfc2,Toxicity,Expense,Cash
82a13790-66dd-4087-8d05-142971503302,1709983909493,"2024-03-09 17:01:49",2590.0,,10000000-0000-0000-0000-000000000004,"Eating out",Expense,Cash
de016d44-0d84-4195-982c-bd9713522142,1709983909493,"2024-03-09 17:01:49",1140.0,,02380fa8-41a8-43fa-8e7b-2a579cfacfc2,Toxicity,Expense,Cash
6ce66d2b-d1df-49f4-bc40-092245aa4cb9,1709983909493,"2024-03-09 17:01:49",200.0,,6b86fb91-20d2-4296-8fc0-11af8f5db354,Brewery,Expense,Cash
62163b3c-1ae9-439a-8bae-96a550d71f6b,1709972450172,"2024-03-09 13:50:50",450.0,,02380fa8-41a8-43fa-8e7b-2a579cfacfc2,Toxicity,Expense,Cash
2bf72686-7a69-46da-8b9b-2735c8e6c203,1709909939866,"2024-03-08 20:28:59",2830.0,,10000000-0000-0000-0000-000000000004,"Eating out",Expense,Cash
744d48ed-ce92-44b4-88e7-6bea254bb60f,1709905092593,"2024-03-08 19:08:12",1450.0,,10000000-0000-0000-0000-000000000004,"Eating out",Expense,Cash
d76cce89-e4e0-451d-844f-23fb4473cd90,1709836488955,"2024-03-08 00:04:48",3250.0,,10000000-0000-0000-0000-000000000004,"Eating out",Expense,Cash
c5bb0e19-e439-422b-be24-c19368c3fdda,1709827425524,"2024-03-07 21:33:45",6920.0,,10000000-0000-0000-0000-000000000004,"Eating out",Expense,Cash
bfe945ee-5d8f-4ae8-ba1b-b755cecc053a,1709827425524,"2024-03-07 21:33:45",9130.0,,10000000-0000-0000-0000-000000000007,Entertainment,Expense,Cash
8efd446b-3024-45f5-b26d-8b7472158d8a,1709827425524,"2024-03-07 21:33:45",100.0,,6b86fb91-20d2-4296-8fc0-11af8f5db354,Brewery,Expense,Cash
5e14d9e9-510a-491c-9e86-974cfd9e4afd,1709801448296,"2024-03-07 14:20:48",47760.0,Rent,10000000-0000-0000-0000-000000000002,House,Expense,Cash
83eaa8ff-2e74-48fb-8cc8-383eb17a05fa,1709801448296,"2024-03-07 14:20:48",50000.0,,10000000-0000-0000-0000-000000000011,Deposits,Income,Cash
67ad7b32-9255-42f1-bb03-b48c26826a36,1709736534092,"2024-03-06 20:18:54",3800.0,,02380fa8-41a8-43fa-8e7b-2a579cfacfc2,Toxicity,Expense,Cash
32fb5cd2-bc28-4cd0-b564-df7671b220e2,1709736534092,"2024-03-06 20:18:54",3410.0,,10000000-0000-0000-0000-000000000004,"Eating out",Expense,Cash
f828b0e0-be0a-47ab-a4bb-8c09cfa40d6c,1709707212553,"2024-03-06 12:10:12",1200.0,,02380fa8-41a8-43fa-8e7b-2a579cfacfc2,Toxicity,Expense,Cash
59303a5d-97f8-4b58-94f4-681619afb88d,1709707212553,"2024-03-06 12:10:12",500.0,,6b86fb91-20d2-4296-8fc0-11af8f5db354,Brewery,Expense,Cash
732c1a7f-044c-43cf-9a52-ce2c3095736e,1709651747347,"2024-03-05 20:45:47",2400.0,,02380fa8-41a8-43fa-8e7b-2a579cfacfc2,Toxicity,Expense,Cash
d5c2214b-ab84-4d17-8832-54bda23e5c98,1709651747347,"2024-03-05 20:45:47",190.0,,02380fa8-41a8-43fa-8e7b-2a579cfacfc2,Toxicity,Expense,Cash
cd691bc7-4da3-4ed7-ac07-31aba036a103,1709651747347,"2024-03-05 20:45:47",120.0,,6b86fb91-20d2-4296-8fc0-11af8f5db354,Brewery,Expense,Cash
68dfd0ea-659b-45ad-8ebc-da4bcccd4548,1709651747347,"2024-03-05 20:45:47",200.0,,10000000-0000-0000-0000-000000000001,Food,Expense,Cash
bfba2e2f-fe06-4d45-8f6f-963d92c2fa14,1709651747347,"2024-03-05 20:45:47",7490.0,Belt,10000000-0000-0000-0000-000000000002,House,Expense,Cash
28ecab70-2cd1-45b6-a900-4e23201b1a22,1709611951141,"2024-03-05 09:42:31",1200.0,,02380fa8-41a8-43fa-8e7b-2a579cfacfc2,Toxicity,Expense,Cash
0bfd676b-5b1c-4c87-ada3-b8aba63b98fd,1709550647117,"2024-03-04 16:40:47",1200.0,,02380fa8-41a8-43fa-8e7b-2a579cfacfc2,Toxicity,Expense,Cash
0c49087c-c2e7-4488-8abb-3edba43a32b6,1709550647117,"2024-03-04 16:40:47",200.0,,6b86fb91-20d2-4296-8fc0-11af8f5db354,Brewery,Expense,Cash
9579e2b9-527e-498c-a6a8-2b6f65b7c4f6,1709550647117,"2024-03-04 16:40:47",1450.0,,02380fa8-41a8-43fa-8e7b-2a579cfacfc2,Toxicity,Expense,Cash
d1f046d9-5bcb-4c34-8159-96504e7b24c6,1709550647117,"2024-03-04 16:40:47",120.0,,6b86fb91-20d2-4296-8fc0-11af8f5db354,Brewery,Expense,Cash
79a8d4b8-83cb-4506-a2c3-78e87be90689,1709550647117,"2024-03-04 16:40:47",1360.0,,10000000-0000-0000-0000-000000000001,Food,Expense,Cash
e70ab5b2-4bf2-4900-88f9-7421630c6478,1709468680363,"2024-03-03 17:54:40",3300.0,,02380fa8-41a8-43fa-8e7b-2a579cfacfc2,Toxicity,Expense,Cash
82b98d5a-5e6c-4127-8d24-7674b52919b3,1709468680363,"2024-03-03 17:54:40",600.0,,10000000-0000-0000-0000-000000000004,"Eating out",Expense,Cash
f5e9c143-896b-4c93-8c0d-67c872c2de5c,1709452129967,"2024-03-03 13:18:49",1200.0,,02380fa8-41a8-43fa-8e7b-2a579cfacfc2,Toxicity,Expense,Cash
270091b1-fa36-415d-bb1e-3208d13450eb,1709370100744,"2024-03-02 14:31:40",200.0,,6b86fb91-20d2-4296-8fc0-11af8f5db354,Brewery,Expense,Cash
829044dc-1ab1-41d0-b2b9-f2046b307a4c,1709370093217,"2024-03-02 14:31:33",1200.0,,02380fa8-41a8-43fa-8e7b-2a579cfacfc2,Toxicity,Expense,Cash
6f10907b-2255-41b3-9b29-ecc4df763e03,1709349265370,"2024-03-02 08:44:25",100.0,,6b86fb91-20d2-4296-8fc0-11af8f5db354,Brewery,Expense,Cash
5196fcae-12fd-4bca-a979-454c940ee20a,1709284172410,"2024-03-01 14:39:32",400.0,,10000000-0000-0000-0000-000000000004,"Eating out",Expense,Cash
3ea56bd1-0bdb-418c-837f-080299734fa6,1709284168768,"2024-03-01 14:39:28",200.0,,6b86fb91-20d2-4296-8fc0-11af8f5db354,Brewery,Expense,Cash
da8f9874-f3d6-4483-a812-cd5b958ab73d,1709284164566,"2024-03-01 14:39:24",2400.0,,02380fa8-41a8-43fa-8e7b-2a579cfacfc2,Toxicity,Expense,Cash
a7d520b0-7985-4e96-97ab-21c43b2fd0ec,1709280276287,"2024-03-01 13:34:36",2960.0,,10000000-0000-0000-0000-000000000004,"Eating out",Expense,Cash
852a0e80-0ad5-4fd6-876a-0c6f319c33e3,1709235712060,"2024-03-01 01:11:52",1870.0,,10000000-0000-0000-0000-000000000004,"Eating out",Expense,Cash
1c79f8fb-e660-4cfe-a3e0-2531e838bb74,1709192080716,"2024-02-29 13:04:40",200.0,,6b86fb91-20d2-4296-8fc0-11af8f5db354,Brewery,Expense,Cash
e1849c89-b5b0-4619-96aa-c1a631d14854,1709192075273,"2024-02-29 13:04:35",1200.0,,02380fa8-41a8-43fa-8e7b-2a579cfacfc2,Toxicity,Expense,Cash
d154a5f2-91d6-47d5-8c90-5b15f129984b,1709191076193,"2024-02-29 12:47:56",4940.0,,10000000-0000-0000-0000-000000000004,"Eating out",Expense,Cash
c3b5674b-12fe-47ce-88b5-2b8bc854cf0c,1709157903342,"2024-02-29 03:35:03",2990.0,F1,10000000-0000-0000-0000-000000000002,House,Expense,Cash
1319fb70-dc33-49d5-b6cf-f30caa23f339,1709153628710,"2024-02-29 02:23:48",3540.0,,10000000-0000-0000-0000-000000000004,"Eating out",Expense,Cash
bb03ee1b-d297-4a8f-aea6-b50b63b43e1a,1709138638319,"2024-02-28 22:13:58",1200.0,,02380fa8-41a8-43fa-8e7b-2a579cfacfc2,Toxicity,Expense,Cash
02925e39-e21d-4886-9bfc-ca3a64dd1ac4,1709138635553,"2024-02-28 22:13:55",240.0,,6b86fb91-20d2-4296-8fc0-11af8f5db354,Brewery,Expense,Cash
a60b90a0-7490-489f-a734-93f92b8a4985,1709138631692,"2024-02-28 22:13:51",190.0,,02380fa8-41a8-43fa-8e7b-2a579cfacfc2,Toxicity,Expense,Cash
78e59b02-f25e-41b7-8079-ce674643b022,1709091937614,"2024-02-28 09:15:37",400.0,,10000000-0000-0000-0000-000000000004,"Eating out",Expense,Cash
92574236-b068-4dc0-a500-8f72c9c61fc4,1709091937614,"2024-02-28 09:15:37",1200.0,,02380fa8-41a8-43fa-8e7b-2a579cfacfc2,Toxicity,Expense,Cash
bf5420ed-b392-493c-9631-40572b9845a0,1709086659768,"2024-02-28 07:47:39",100.0,,6b86fb91-20d2-4296-8fc0-11af8f5db354,Brewery,Expense,Cash
65382d2a-2321-44fb-b979-9238f8c03e0b,1709067696155,"2024-02-28 02:31:36",3200.0,,10000000-0000-0000-0000-000000000004,"Eating out",Expense,Cash
88a2a4c9-71dd-41a8-9291-5a76c6d5c0f1,1709049570665,"2024-02-27 21:29:30",5650.0,,10000000-0000-0000-0000-000000000004,"Eating out",Expense,Cash
0a41ce85-a065-4ecd-9c2f-29aee2961ec6,1709028748540,"2024-02-27 15:42:28",1200.0,,02380fa8-41a8-43fa-8e7b-2a579cfacfc2,Toxicity,Expense,Cash
f5cb5cc5-c8e8-4c2c-adaf-39f640008e51,1708979065813,"2024-02-27 01:54:25",3270.0,,10000000-0000-0000-0000-000000000004,"Eating out",Expense,Cash
6a33726c-15ec-44a7-82aa-1ca1752df84e,1708971658034,"2024-02-26 23:50:58",190.0,,02380fa8-41a8-43fa-8e7b-2a579cfacfc2,Toxicity,Expense,Cash
f7717189-4ea7-4dbe-822c-6eb2f01d38b2,1708971658034,"2024-02-26 23:50:58",120.0,,6b86fb91-20d2-4296-8fc0-11af8f5db354,Brewery,Expense,Cash
50028a4f-97dd-4084-ac8b-4cd1f77e18f8,1708957713141,"2024-02-26 19:58:33",1190.0,,10000000-0000-0000-0000-000000000004,"Eating out",Expense,Cash
a0c29115-9d88-4f4c-9bb6-bc898c016ada,1708925364562,"2024-02-26 10:59:24",1200.0,,02380fa8-41a8-43fa-8e7b-2a579cfacfc2,Toxicity,Expense,Cash
e1e3468c-1807-4a16-b789-313885d4aded,1708913049678,"2024-02-26 07:34:09",450.0,,02380fa8-41a8-43fa-8e7b-2a579cfacfc2,Toxicity,Expense,Cash
793a82f4-9124-438f-ac83-9568d2e6a318,1708913049678,"2024-02-26 07:34:09",500.0,,10000000-0000-0000-0000-000000000004,"Eating out",Expense,Cash
0d56ca6e-64c2-4c76-8500-3ecf549181e9,1708868997194,"2024-02-25 19:19:57",3280.0,,10000000-0000-0000-0000-000000000004,"Eating out",Expense,Cash
4e63d19a-f8ba-49b3-a696-057e7f973ab6,1708868997194,"2024-02-25 19:19:57",1200.0,,02380fa8-41a8-43fa-8e7b-2a579cfacfc2,Toxicity,Expense,Cash
514c23f9-0665-42ea-9918-b3c05bdb40ce,1708831450021,"2024-02-25 08:54:10",800.0,,10000000-0000-0000-0000-000000000004,"Eating out",Expense,Cash
3859d6b4-c7e1-469b-94e4-3020378ab9d3,1708831450021,"2024-02-25 08:54:10",360.0,,02380fa8-41a8-43fa-8e7b-2a579cfacfc2,Toxicity,Expense,Cash
58c2a06a-2550-4d93-aafc-2b74168880cf,1708800591080,"2024-02-25 00:19:51",3230.0,,10000000-0000-0000-0000-000000000004,"Eating out",Expense,Cash
1a804fcd-cc15-4c49-b58f-131124f06448,1708794345948,"2024-02-24 22:35:45",600.0,,02380fa8-41a8-43fa-8e7b-2a579cfacfc2,Toxicity,Expense,Cash
d5e69e7c-dbbb-41a0-b530-da8bb2dcfb61,1708794345948,"2024-02-24 22:35:45",600.0,,02380fa8-41a8-43fa-8e7b-2a579cfacfc2,Toxicity,Expense,Cash
600f6ce5-68f4-4343-87f8-82ce0d66f36e,1708794345948,"2024-02-24 22:35:45",150.0,,6b86fb91-20d2-4296-8fc0-11af8f5db354,Brewery,Expense,Cash
413caada-1b63-46b8-9350-9cdd928e88af,1708774956202,"2024-02-24 17:12:36",2530.0,,10000000-0000-0000-0000-000000000004,"Eating out",Expense,Cash
d3892811-65fe-439c-8f93-3513f887c3b9,1708774956202,"2024-02-24 17:12:36",1200.0,,02380fa8-41a8-43fa-8e7b-2a579cfacfc2,Toxicity,Expense,Cash
a195ab08-4d89-426e-9ba8-a88d9f0fb6d9,1708774956202,"2024-02-24 17:12:36",100.0,,6b86fb91-20d2-4296-8fc0-11af8f5db354,Brewery,Expense,Cash
67576a5e-0453-4d89-ac34-926c6a22451d,1708723370378,"2024-02-24 02:52:50",1660.0,,6b86fb91-20d2-4296-8fc0-11af8f5db354,Brewery,Expense,Cash
54c23c13-d564-4135-a407-1bef02b4d481,1708702121844,"2024-02-23 20:58:41",1200.0,,02380fa8-41a8-43fa-8e7b-2a579cfacfc2,Toxicity,Expense,Cash
9001c889-ff67-44c3-9fee-d9f3493281f4,1708702121844,"2024-02-23 20:58:41",200.0,,6b86fb91-20d2-4296-8fc0-11af8f5db354,Brewery,Expense,Cash
57a702ab-18df-449d-a00a-ec5e458a427d,1708699166290,"2024-02-23 20:09:26",2830.0,,10000000-0000-0000-0000-000000000004,"Eating out",Expense,Cash
a773aadc-6efe-4aa6-a0e5-cc5dd96eba03,1708689881366,"2024-02-23 17:34:41",200.0,,6b86fb91-20d2-4296-8fc0-11af8f5db354,Brewery,Expense,Cash
ceaaea7b-07af-4fd3-bc09-7a8152622326,1708689881366,"2024-02-23 17:34:41",600.0,,02380fa8-41a8-43fa-8e7b-2a579cfacfc2,Toxicity,Expense,Cash
d46cdce9-9317-41bb-8a83-849b85d26064,1708689881366,"2024-02-23 17:34:41",5670.0,,968edc2b-7a45-41ec-8be9-e213be5528f8,Fuel,Expense,Cash
b45fe4b6-ff2f-493f-b573-0b5934f7acb9,1708618175307,"2024-02-22 21:39:35",2590.0,,10000000-0000-0000-0000-000000000004,"Eating out",Expense,Cash
a18b4a12-556d-4a74-904d-7e3dc604c795,1708618175307,"2024-02-22 21:39:35",2600.0,Cooler,10000000-0000-0000-0000-000000000002,House,Expense,Cash
74f99132-21c6-4bc7-9d06-b1d110e6f1ed,1708585006999,"2024-02-22 12:26:46",4550.0,,10000000-0000-0000-0000-000000000007,Entertainment,Expense,Cash
72da1177-51a5-46c1-8cf4-a5758e2a8cc0,1708571903098,"2024-02-22 08:48:23",1200.0,,02380fa8-41a8-43fa-8e7b-2a579cfacfc2,Toxicity,Expense,Cash
07b63615-48d4-462d-8100-c3598c5673d0,1708571903098,"2024-02-22 08:48:23",500.0,,10000000-0000-0000-0000-000000000004,"Eating out",Expense,Cash
98157418-61b8-4ad1-8c3e-8965329e259e,1708534909443,"2024-02-21 22:31:49",1200.0,,02380fa8-41a8-43fa-8e7b-2a579cfacfc2,Toxicity,Expense,Cash
226c0785-cb5e-4593-9d07-9d7f62ae86f6,1708534909443,"2024-02-21 22:31:49",150.0,,6b86fb91-20d2-4296-8fc0-11af8f5db354,Brewery,Expense,Cash
953f8033-73bf-4361-b51c-f8c08c742927,1708521917451,"2024-02-21 18:55:17",3230.0,,10000000-0000-0000-0000-000000000004,"Eating out",Expense,Cash
b37ef95d-ac04-4675-b1ac-c35646ce62f2,1708521917451,"2024-02-21 18:55:17",400.0,,6b86fb91-20d2-4296-8fc0-11af8f5db354,Brewery,Expense,Cash
b43b3fbf-1ca5-44ad-9a51-796c55b25f34,1708482890782,"2024-02-21 08:04:50",1200.0,,02380fa8-41a8-43fa-8e7b-2a579cfacfc2,Toxicity,Expense,Cash
f230f372-ad18-4978-85a2-ff9d0f483763,1708482890782,"2024-02-21 08:04:50",750.0,,10000000-0000-0000-0000-000000000004,"Eating out",Expense,Cash
ea6c00bd-9ec1-4b5b-b100-89e0a7e2dbf9,1708482890782,"2024-02-21 08:04:50",50.0,,10000000-0000-0000-0000-000000000002,House,Expense,Cash
50cb4947-4148-48e8-bbc9-24951003a6d4,1708444300800,"2024-02-20 21:21:40",2190.0,,10000000-0000-0000-0000-000000000004,"Eating out",Expense,Cash
09254547-f023-492f-be6c-a7a051a7e9c2,1708444300800,"2024-02-20 21:21:40",190.0,,02380fa8-41a8-43fa-8e7b-2a579cfacfc2,Toxicity,Expense,Cash
53ee3ee6-6cd1-4b1b-a536-477e779774d3,1708444300800,"2024-02-20 21:21:40",120.0,,6b86fb91-20d2-4296-8fc0-11af8f5db354,Brewery,Expense,Cash
54b117de-183d-4d78-977c-f847c6550fad,1708430379764,"2024-02-20 17:29:39",1380.0,,02380fa8-41a8-43fa-8e7b-2a579cfacfc2,Toxicity,Expense,Cash
0f363b87-501d-45b7-8e4b-b42708460bc2,1708430379764,"2024-02-20 17:29:39",1200.0,,02380fa8-41a8-43fa-8e7b-2a579cfacfc2,Toxicity,Expense,Cash
29e4e193-aabe-4afb-a659-587604eb415a,1708377519457,"2024-02-20 02:48:39",1720.0,,10000000-0000-0000-0000-000000000004,"Eating out",Expense,Cash
6face0d9-5579-4ea9-9073-a7db45567138,1708351783928,"2024-02-19 19:39:43",2330.0,,10000000-0000-0000-0000-000000000004,"Eating out",Expense,Cash
c7acc4b9-5b92-4e38-a0ae-f5b349603a97,1708351783928,"2024-02-19 19:39:43",900.0,,02380fa8-41a8-43fa-8e7b-2a579cfacfc2,Toxicity,Expense,Cash
7ed74bbf-ac87-426f-83b9-4665d30512c5,1708330613318,"2024-02-19 13:46:53",960.0,,02380fa8-41a8-43fa-8e7b-2a579cfacfc2,Toxicity,Expense,Cash
a802e39b-65dd-485f-8ca1-f76a76202bb0,1708269963359,"2024-02-18 20:56:03",1380.0,,02380fa8-41a8-43fa-8e7b-2a579cfacfc2,Toxicity,Expense,Cash
18278e20-e251-48eb-9d77-bd1f462a0f7f,1708269963359,"2024-02-18 20:56:03",150.0,,6b86fb91-20d2-4296-8fc0-11af8f5db354,Brewery,Expense,Cash
f84f8803-caa4-4966-931c-c1a3ca689f4b,1708269963359,"2024-02-18 20:56:03",600.0,,10000000-0000-0000-0000-000000000004,"Eating out",Expense,Cash
cf0b87de-1a5b-428f-8a7e-0976cf1d3335,1708269963359,"2024-02-18 20:56:03",2000.0,,02380fa8-41a8-43fa-8e7b-2a579cfacfc2,Toxicity,Expense,Cash
2720d8a7-530e-4e36-b262-96a626152826,1708269963359,"2024-02-18 20:56:03",3910.0,,10000000-0000-0000-0000-000000000004,"Eating out",Expense,Cash
9b8a9807-907d-4da7-97fd-5cc5af8b12b0,1708214302652,"2024-02-18 05:28:22",500.0,,02380fa8-41a8-43fa-8e7b-2a579cfacfc2,Toxicity,Expense,Cash
bd356cb8-2637-4e8f-8ce8-3af105a98df1,1708214302652,"2024-02-18 05:28:22",500.0,,6b86fb91-20d2-4296-8fc0-11af8f5db354,Brewery,Expense,Cash
a25635f3-dff0-4fdd-bb6a-0b3df1aff27d,1708214302652,"2024-02-18 05:28:22",100.0,,6b86fb91-20d2-4296-8fc0-11af8f5db354,Brewery,Expense,Cash
8ea54ba8-7ca6-4b31-85a5-6c62c90424a8,1708214302652,"2024-02-18 05:28:22",500.0,,10000000-0000-0000-0000-000000000004,"Eating out",Expense,Cash
bad352e6-f9d1-451f-b035-b4085f10fb59,1708214302652,"2024-02-18 05:28:22",750.0,,02380fa8-41a8-43fa-8e7b-2a579cfacfc2,Toxicity,Expense,Cash
20003b3f-814f-457c-bce5-49bacbc31f61,1708183816008,"2024-02-17 21:00:16",600.0,,10000000-0000-0000-0000-000000000001,Food,Expense,Cash
d47304cf-99c5-4af4-b9c2-9fe0d12d0e63,1708183816008,"2024-02-17 21:00:16",1550.0,,10000000-0000-0000-0000-000000000004,"Eating out",Expense,Cash
c2cfa782-0323-4266-bf6e-7d11c252a60e,1708183809429,"2024-02-17 21:00:09",720.0,,02380fa8-41a8-43fa-8e7b-2a579cfacfc2,Toxicity,Expense,Cash
6ead283c-660d-42f4-8e37-439338ef39e9,1708150616856,"2024-02-17 11:46:56",1200.0,,02380fa8-41a8-43fa-8e7b-2a579cfacfc2,Toxicity,Expense,Cash
85d50a9f-0d13-4eb4-b460-add93a154dbb,1708093537496,"2024-02-16 19:55:37",800.0,,10000000-0000-0000-0000-000000000004,"Eating out",Expense,Cash
6bfb725b-9e20-41f7-890e-4248bc8bdaf3,1708093535128,"2024-02-16 19:55:35",650.0,,02380fa8-41a8-43fa-8e7b-2a579cfacfc2,Toxicity,Expense,Cash
03ef0311-20f7-47e6-aa60-513a8d967fce,1708070587576,"2024-02-16 13:33:07",950.0,,10000000-0000-0000-0000-000000000002,House,Expense,Cash
6709c359-bb61-4d09-bd2c-4235a2daab56,1708070583078,"2024-02-16 13:33:03",1200.0,,02380fa8-41a8-43fa-8e7b-2a579cfacfc2,Toxicity,Expense,Cash
9c6a29f2-e861-492a-8a2d-0596caeeee83,1708000849452,"2024-02-15 18:10:49",2270.0,,10000000-0000-0000-0000-000000000004,"Eating out",Expense,Cash
401eef2f-a086-4a8e-bd4e-3e3f29cec5f6,1708000812204,"2024-02-15 18:10:12",1200.0,,02380fa8-41a8-43fa-8e7b-2a579cfacfc2,Toxicity,Expense,Cash
98dc6753-bc39-444b-822f-4ac6697a2705,1707927082485,"2024-02-14 21:41:22",1500.0,,02380fa8-41a8-43fa-8e7b-2a579cfacfc2,Toxicity,Expense,Cash
3544f268-a82e-457e-aacf-7f44c680979f,1707914902871,"2024-02-14 18:18:22",580.0,,02380fa8-41a8-43fa-8e7b-2a579cfacfc2,Toxicity,Expense,Cash
faa2d1d3-5028-49c5-bcee-dda57a2524cd,1707914838514,"2024-02-14 18:17:18",420.0,,10000000-0000-0000-0000-000000000004,"Eating out",Expense,Cash
09bf0949-15d9-4d87-aa6b-2497af5aa12a,1707914835153,"2024-02-14 18:17:15",200.0,,6b86fb91-20d2-4296-8fc0-11af8f5db354,Brewery,Expense,Cash
21ad7c5b-12cc-445e-8e40-628da2edafb0,1707890575784,"2024-02-14 11:32:55",1200.0,,02380fa8-41a8-43fa-8e7b-2a579cfacfc2,Toxicity,Expense,Cash
401e6452-8ced-4314-baea-155e6c77b928,1707848626627,"2024-02-13 23:53:46",530.0,,10000000-0000-0000-0000-000000000004,"Eating out",Expense,Cash
796ab860-8877-4460-a8e0-c2adacfabbae,1707848626627,"2024-02-13 23:53:46",570.0,,02380fa8-41a8-43fa-8e7b-2a579cfacfc2,Toxicity,Expense,Cash
3e98b954-9bed-42d0-a103-0f975c9eb23b,1707817241116,"2024-02-13 15:10:41",1200.0,,02380fa8-41a8-43fa-8e7b-2a579cfacfc2,Toxicity,Expense,Cash
23ea5279-b178-47f2-981d-a159781d9b18,1707740734658,"2024-02-12 17:55:34",1200.0,,02380fa8-41a8-43fa-8e7b-2a579cfacfc2,Toxicity,Expense,Cash
864b1a70-d951-4326-9093-c47a8f0882e1,1707740734658,"2024-02-12 17:55:34",40.0,,10000000-0000-0000-0000-000000000002,House,Expense,Cash
5f0891c0-5ddf-43bc-a959-0385bf78e9fa,1707740734658,"2024-02-12 17:55:34",2510.0,,10000000-0000-0000-0000-000000000002,House,Expense,Cash
35043fa5-e6b5-480b-a916-7d494451fa95,1707740734658,"2024-02-12 17:55:34",2500.0,"Haircut ",10000000-0000-0000-0000-000000000002,House,Expense,Cash
8419fb13-00e8-4903-8223-3d1945da2e99,1707740734658,"2024-02-12 17:55:34",1240.0,,10000000-0000-0000-0000-000000000002,House,Expense,Cash
bcd7ac34-526e-4737-a21b-f682defbcad9,1707740734658,"2024-02-12 17:55:34",900.0,,10000000-0000-0000-0000-000000000004,"Eating out",Expense,Cash
9c8c9958-f7d5-42db-a37c-97761e23a2d1,1707740734658,"2024-02-12 17:55:34",1200.0,,02380fa8-41a8-43fa-8e7b-2a579cfacfc2,Toxicity,Expense,Cash
eca611ac-4ca8-4797-9fc6-099a86215dc1,1707706998303,"2024-02-12 08:33:18",1350.0,,02380fa8-41a8-43fa-8e7b-2a579cfacfc2,Toxicity,Expense,Cash
564204dc-788f-4051-973a-ff930cc7c4e1,1707706998303,"2024-02-12 08:33:18",1500.0,"Pollution ",d71face0-704a-49ff-8c96-9778abb5d2e3,Bike,Expense,Cash
4c5122f5-48bf-4475-9842-9105f4baab53,1707706998303,"2024-02-12 08:33:18",10000.0,,968edc2b-7a45-41ec-8be9-e213be5528f8,Fuel,Expense,Cash
a7049c1b-5c77-48f0-a09f-39c7aba6013c,1707665540687,"2024-02-11 21:02:20",260.0,,02380fa8-41a8-43fa-8e7b-2a579cfacfc2,Toxicity,Expense,Cash
f85d76a3-e656-4050-a884-014522ba3ec1,1707665540687,"2024-02-11 21:02:20",320.0,,02380fa8-41a8-43fa-8e7b-2a579cfacfc2,Toxicity,Expense,Cash
f51b5db0-e5cd-47af-a4aa-55eabe3275d1,1707636397511,"2024-02-11 12:56:37",270.0,,02380fa8-41a8-43fa-8e7b-2a579cfacfc2,Toxicity,Expense,Cash
1aec779a-af7c-4d90-9022-b72e1d542607,1707576675701,"2024-02-10 20:21:15",380.0,,02380fa8-41a8-43fa-8e7b-2a579cfacfc2,Toxicity,Expense,Cash
3dd14227-1244-439e-9dc8-96e7a2895865,1707550446637,"2024-02-10 13:04:06",320.0,,02380fa8-41a8-43fa-8e7b-2a579cfacfc2,Toxicity,Expense,Cash
f0039056-05fd-4a99-b9e8-7a7757617974,1707493910750,"2024-02-09 21:21:50",380.0,,02380fa8-41a8-43fa-8e7b-2a579cfacfc2,Toxicity,Expense,Cash
78e0f05f-38a3-49d4-be45-d2352b8754c0,1707403593283,"2024-02-08 20:16:33",370.0,,02380fa8-41a8-43fa-8e7b-2a579cfacfc2,Toxicity,Expense,Cash
280f1ace-c043-47a5-b8eb-dc41d697cd4d,1707381630059,"2024-02-08 14:10:30",320.0,,02380fa8-41a8-43fa-8e7b-2a579cfacfc2,Toxicity,Expense,Cash
ee5ecd9d-686e-48bd-ac50-25239f01698b,1707381630059,"2024-02-08 14:10:30",320.0,,02380fa8-41a8-43fa-8e7b-2a579cfacfc2,Toxicity,Expense,Cash
2e2c0aa0-fae8-4118-b777-93e0415f562e,1707381630059,"2024-02-08 14:10:30",46680.0,Rent,10000000-0000-0000-0000-000000000002,House,Expense,Cash
d947dfee-bf72-4253-9ba6-45128756b25f,1707315959751,"2024-02-07 19:55:59",1080.0,,6b86fb91-20d2-4296-8fc0-11af8f5db354,Brewery,Expense,Cash
ffc62b2d-f063-4c3f-bce7-d9ec4e6cba87,1707314709463,"2024-02-07 19:35:09",580.0,,02380fa8-41a8-43fa-8e7b-2a579cfacfc2,Toxicity,Expense,Cash
d1bb2f33-f783-46c7-a30f-58854e8e2b37,1707314709463,"2024-02-07 19:35:09",130.0,,02380fa8-41a8-43fa-8e7b-2a579cfacfc2,Toxicity,Expense,Cash
a558dbce-6be7-4cd5-b946-f4dfe4974c79,1707314709463,"2024-02-07 19:35:09",100.0,,6b86fb91-20d2-4296-8fc0-11af8f5db354,Brewery,Expense,Cash
1b539e62-25d7-4f03-a9f0-cc34c7827092,1707301432657,"2024-02-07 15:53:52",16000.0,,10000000-0000-0000-0000-000000000011,Deposits,Income,Cash
b7fa977c-c937-4ab6-869c-b9efb768e2c4,1707295230059,"2024-02-07 14:10:30",16000.0,,10000000-0000-0000-0000-000000000011,Deposits,Income,Cash
6b325615-a8bf-4fda-9d55-e4f1a1305742,1707291011243,"2024-02-07 13:00:11",320.0,,02380fa8-41a8-43fa-8e7b-2a579cfacfc2,Toxicity,Expense,Cash
e537379f-61f3-4d4d-8c78-4ec64473d5fd,1707235458241,"2024-02-06 21:34:18",320.0,,02380fa8-41a8-43fa-8e7b-2a579cfacfc2,Toxicity,Expense,Cash
28b259a5-90e1-4a1c-ac13-e34e2e48429a,1707235458241,"2024-02-06 21:34:18",590.0,,02380fa8-41a8-43fa-8e7b-2a579cfacfc2,Toxicity,Expense,Cash
101a22d3-62c4-4e08-8bd9-ee9dda774b4a,1707184351100,"2024-02-06 07:22:31",320.0,,02380fa8-41a8-43fa-8e7b-2a579cfacfc2,Toxicity,Expense,Cash
50df70c8-d10b-4ec6-8d45-331c544b9746,1707109798596,"2024-02-05 10:39:58",190.0,,02380fa8-41a8-43fa-8e7b-2a579cfacfc2,Toxicity,Expense,Cash
dc1e6baf-4e03-4894-8019-1c1355cca0e1,1707095505668,"2024-02-05 06:41:45",320.0,,02380fa8-41a8-43fa-8e7b-2a579cfacfc2,Toxicity,Expense,Cash
15b48948-2750-4f6e-a52a-c232695ad084,1707050804604,"2024-02-04 18:16:44",2500.0,,10000000-0000-0000-0000-000000000002,House,Expense,Cash
9c710c9c-b91b-40c4-9c59-70bd41ec7984,1707029743236,"2024-02-04 12:25:43",600.0,,10000000-0000-0000-0000-000000000004,"Eating out",Expense,Cash
1f1603bf-c8b5-4ea9-8b22-d9475cdd7b4a,1706992301802,"2024-02-04 02:01:41",620.0,,02380fa8-41a8-43fa-8e7b-2a579cfacfc2,Toxicity,Expense,Cash
bbc90516-6b6a-4400-99bf-12e8f841fed3,1706943343236,"2024-02-03 12:25:43",2700.0,,02380fa8-41a8-43fa-8e7b-2a579cfacfc2,Toxicity,Expense,Cash
3cde0a2c-d165-4938-8eea-1b6d66cca35c,1706943343236,"2024-02-03 12:25:43",1200.0,,02380fa8-41a8-43fa-8e7b-2a579cfacfc2,Toxicity,Expense,Cash
67376925-7882-4678-9532-3438dd86bf77,1706921745198,"2024-02-03 06:25:45",960.0,,02380fa8-41a8-43fa-8e7b-2a579cfacfc2,Toxicity,Expense,Cash
1feb0552-f156-4689-9cef-5908eadb3e56,1706882306045,"2024-02-02 19:28:26",320.0,,02380fa8-41a8-43fa-8e7b-2a579cfacfc2,Toxicity,Expense,Cash
ffaf74cf-cfe6-43f0-9281-5e0fddd1be57,1706849014353,"2024-02-02 10:13:34",3500.0,,10000000-0000-0000-0000-000000000002,House,Expense,Cash
ad5c8962-b60a-4086-b2aa-a57d1569481b,1706849014353,"2024-02-02 10:13:34",540.0,,02380fa8-41a8-43fa-8e7b-2a579cfacfc2,Toxicity,Expense,Cash
21215534-7e71-43d5-83f5-40f6d3d25bbc,1706748748508,"2024-02-01 06:22:28",270.0,,02380fa8-41a8-43fa-8e7b-2a579cfacfc2,Toxicity,Expense,Cash
2fba7906-7a73-43cd-a11d-1f7028f4c886,1706711901189,"2024-01-31 20:08:21",450.0,,02380fa8-41a8-43fa-8e7b-2a579cfacfc2,Toxicity,Expense,Cash
d63d872a-e3a8-45d5-a251-e81cba086dd6,1706577222822,"2024-01-30 06:43:42",450.0,,02380fa8-41a8-43fa-8e7b-2a579cfacfc2,Toxicity,Expense,Cash
044ddc36-e182-4e76-8cab-cd5f7608b970,1706540535398,"2024-01-29 20:32:15",320.0,,02380fa8-41a8-43fa-8e7b-2a579cfacfc2,Toxicity,Expense,Cash
58a192a4-fe71-46ea-98c6-6b2f98caee03,1706496897223,"2024-01-29 08:24:57",320.0,,02380fa8-41a8-43fa-8e7b-2a579cfacfc2,Toxicity,Expense,Cash
dd0a26f1-1347-4b3a-9f49-2ce86ca32a0d,1706454959964,"2024-01-28 20:45:59",1200.0,,02380fa8-41a8-43fa-8e7b-2a579cfacfc2,Toxicity,Expense,Cash
91bde6c0-3a4f-442b-920e-d1e5645c5333,1706454959964,"2024-01-28 20:45:59",1000.0,,10000000-0000-0000-0000-000000000004,"Eating out",Expense,Cash
9a806230-4c83-49fc-9853-5e4b3c659e61,1706358493722,"2024-01-27 17:58:13",360.0,,02380fa8-41a8-43fa-8e7b-2a579cfacfc2,Toxicity,Expense,Cash
5a41d388-c9dc-4c83-b13e-54f944b83d05,1706358493722,"2024-01-27 17:58:13",1200.0,,02380fa8-41a8-43fa-8e7b-2a579cfacfc2,Toxicity,Expense,Cash
c8b2cddc-2d68-4cac-aaca-da416889764a,1706358493722,"2024-01-27 17:58:13",2470.0,,10000000-0000-0000-0000-000000000004,"Eating out",Expense,Cash
0ebac4af-3550-41cb-a10a-afd604434401,1706277657243,"2024-01-26 19:30:57",250.0,,02380fa8-41a8-43fa-8e7b-2a579cfacfc2,Toxicity,Expense,Cash
4b1b6e56-cb18-4ff7-b939-b257914c9dff,1706277657243,"2024-01-26 19:30:57",2800.0,,10000000-0000-0000-0000-000000000004,"Eating out",Expense,Cash
9563979b-6e71-4ac0-92a5-1b10912c85c8,1706178661455,"2024-01-25 16:01:01",18490.0,Trimmer,10000000-0000-0000-0000-000000000002,House,Expense,Cash
ce85e927-23c3-4fe1-a394-a6a2d08c932f,1706178661455,"2024-01-25 16:01:01",2740.0,,10000000-0000-0000-0000-000000000001,Food,Expense,Cash
1f0e5950-c29f-441e-9733-4871aabee975,1706178661455,"2024-01-25 16:01:01",550.0,,02380fa8-41a8-43fa-8e7b-2a579cfacfc2,Toxicity,Expense,Cash
0df71aec-c0bb-4631-bcfe-227ad4900b72,1706178661455,"2024-01-25 16:01:01",2500.0,,10000000-0000-0000-0000-000000000002,House,Expense,Cash
d827c452-f59a-4f78-ae72-c6439575db94,1706178661455,"2024-01-25 16:01:01",1390.0,,02380fa8-41a8-43fa-8e7b-2a579cfacfc2,Toxicity,Expense,Cash
6db1e7f8-9d52-4694-9d66-6f47d45d797d,1706145460840,"2024-01-25 06:47:40",320.0,,02380fa8-41a8-43fa-8e7b-2a579cfacfc2,Toxicity,Expense,Cash
b382ccb6-eb18-461b-adae-66d4683a7d5d,1706097298897,"2024-01-24 17:24:58",370.0,,02380fa8-41a8-43fa-8e7b-2a579cfacfc2,Toxicity,Expense,Cash
cc295c1c-1f9a-49f0-9da6-5fe0a692e4c8,1706097298897,"2024-01-24 17:24:58",10000.0,,10000000-0000-0000-0000-000000000011,Deposits,Income,Cash
4f6f1b7a-4574-4477-9c04-90fad7ebc5c3,1706097298897,"2024-01-24 17:24:58",1080.0,,02380fa8-41a8-43fa-8e7b-2a579cfacfc2,Toxicity,Expense,Cash
9478c2d5-75fa-4fbd-926f-85ef222963bc,1706014625518,"2024-01-23 18:27:05",360.0,,02380fa8-41a8-43fa-8e7b-2a579cfacfc2,Toxicity,Expense,Cash
91a318a9-6b81-41ba-a594-028bd616dad3,1705998326032,"2024-01-23 13:55:26",720.0,,02380fa8-41a8-43fa-8e7b-2a579cfacfc2,Toxicity,Expense,Cash
2a1f20f4-776a-4a87-9a64-5b318db7581d,1705944172162,"2024-01-22 22:52:52",450.0,,02380fa8-41a8-43fa-8e7b-2a579cfacfc2,Toxicity,Expense,Cash
da810bba-ef57-4630-8981-a925d0f21e1f,1705944172162,"2024-01-22 22:52:52",370.0,,02380fa8-41a8-43fa-8e7b-2a579cfacfc2,Toxicity,Expense,Cash
788b0925-bc36-4bcf-ba75-a4a70076abba,1705944172162,"2024-01-22 22:52:52",640.0,,02380fa8-41a8-43fa-8e7b-2a579cfacfc2,Toxicity,Expense,Cash
231b37ab-0f5c-4a76-a980-84c1ee14cef2,1705850475232,"2024-01-21 20:51:15",1400.0,,10000000-0000-0000-0000-000000000004,"Eating out",Expense,Cash
963256d9-651f-436a-b3af-c478ffa3b97c,1705850475232,"2024-01-21 20:51:15",760.0,,02380fa8-41a8-43fa-8e7b-2a579cfacfc2,Toxicity,Expense,Cash
d7be4caf-13e6-4fc2-9f65-a6109976ee5c,1705846871748,"2024-01-21 19:51:11",360.0,,02380fa8-41a8-43fa-8e7b-2a579cfacfc2,Toxicity,Expense,Cash
7bc8675b-ad28-4444-ad86-af0a119de5dd,1705758761237,"2024-01-20 19:22:41",320.0,,02380fa8-41a8-43fa-8e7b-2a579cfacfc2,Toxicity,Expense,Cash
da29e5b5-9e37-4ca5-9c69-eac6fd140f31,1705674403240,"2024-01-19 19:56:43",360.0,,02380fa8-41a8-43fa-8e7b-2a579cfacfc2,Toxicity,Expense,Cash
f8969c24-50d8-489c-9f18-833d8b691b09,1705588941787,"2024-01-18 20:12:21",1560.0,,02380fa8-41a8-43fa-8e7b-2a579cfacfc2,Toxicity,Expense,Cash
9dca852f-b244-49e4-867e-3c30081ab07e,1705499970477,"2024-01-17 19:29:30",270.0,,02380fa8-41a8-43fa-8e7b-2a579cfacfc2,Toxicity,Expense,Cash
12ef5770-3b5c-4441-b34e-e1d3530042f6,1705499970477,"2024-01-17 19:29:30",370.0,,02380fa8-41a8-43fa-8e7b-2a579cfacfc2,Toxicity,Expense,Cash
a02c315d-e34e-47ab-ae04-88b235f584eb,1705471601211,"2024-01-17 11:36:41",320.0,,02380fa8-41a8-43fa-8e7b-2a579cfacfc2,Toxicity,Expense,Cash
d74c9317-56de-4f44-b3c0-ba79142ee3dd,1705471601211,"2024-01-17 11:36:41",1300.0,,6b86fb91-20d2-4296-8fc0-11af8f5db354,Brewery,Expense,Cash
ade5a480-dfe1-4cf8-a241-8cdbae7bc355,1705413977390,"2024-01-16 19:36:17",320.0,,02380fa8-41a8-43fa-8e7b-2a579cfacfc2,Toxicity,Expense,Cash
0032cd01-919c-4f9a-8cd3-fb60234a040c,1705370092923,"2024-01-16 07:24:52",190.0,,02380fa8-41a8-43fa-8e7b-2a579cfacfc2,Toxicity,Expense,Cash
a69ff00e-e412-4808-88a6-0691d186716e,1705330318994,"2024-01-15 20:21:58",1680.0,,10000000-0000-0000-0000-000000000001,Food,Expense,Cash
37a0e612-3ed5-4d06-bf30-4a0921facbb2,1705325832140,"2024-01-15 19:07:12",1400.0,,6b86fb91-20d2-4296-8fc0-11af8f5db354,Brewery,Expense,Cash
05904f95-4521-48f4-b3b8-6aebffa08b47,1705325832140,"2024-01-15 19:07:12",280.0,,02380fa8-41a8-43fa-8e7b-2a579cfacfc2,Toxicity,Expense,Cash
cf47b224-7ca0-4573-9efd-bbf3fe609ad9,1705289665262,"2024-01-15 09:04:25",380.0,,02380fa8-41a8-43fa-8e7b-2a579cfacfc2,Toxicity,Expense,Cash
68ab3b85-fbfc-4723-b99f-c61bc40701bc,1705220552904,"2024-01-14 13:52:32",370.0,,02380fa8-41a8-43fa-8e7b-2a579cfacfc2,Toxicity,Expense,Cash
c93b1204-5f31-4955-a595-ce87c7bf9ebf,1705197547569,"2024-01-14 07:29:07",380.0,,02380fa8-41a8-43fa-8e7b-2a579cfacfc2,Toxicity,Expense,Cash
f377384c-8373-47c4-8592-fc7773ae6e0a,1705164770729,"2024-01-13 22:22:50",320.0,,02380fa8-41a8-43fa-8e7b-2a579cfacfc2,Toxicity,Expense,Cash
f75f4875-52d1-4468-8b1b-50ab668b7974,1705136028602,"2024-01-13 14:23:48",370.0,,02380fa8-41a8-43fa-8e7b-2a579cfacfc2,Toxicity,Expense,Cash
e919c788-0d3b-4613-b61e-f87f9681b3f4,1705127401668,"2024-01-13 12:00:01",360.0,,02380fa8-41a8-43fa-8e7b-2a579cfacfc2,Toxicity,Expense,Cash
36d85cec-87a4-4947-8b4c-ccb8602bb95f,1705107808643,"2024-01-13 06:33:28",320.0,,02380fa8-41a8-43fa-8e7b-2a579cfacfc2,Toxicity,Expense,Cash
965341b2-0ee0-4c08-b0b5-0e414127494e,1704992405707,"2024-01-11 22:30:05",1200.0,,02380fa8-41a8-43fa-8e7b-2a579cfacfc2,Toxicity,Expense,Cash
68f3b135-8db0-4290-b645-88b4fc47f6ca,1704931114993,"2024-01-11 05:28:34",200.0,,02380fa8-41a8-43fa-8e7b-2a579cfacfc2,Toxicity,Expense,Cash
121008f0-cd23-4ce7-b10e-2ffd57f64336,1704931114993,"2024-01-11 05:28:34",270.0,,02380fa8-41a8-43fa-8e7b-2a579cfacfc2,Toxicity,Expense,Cash
61c90220-c6f1-44b1-a869-e2c6af773c8a,1704931114993,"2024-01-11 05:28:34",310.0,,02380fa8-41a8-43fa-8e7b-2a579cfacfc2,Toxicity,Expense,Cash
21e3dbd3-54cb-45ca-8b82-7872cc04138b,1704902891611,"2024-01-10 21:38:11",260.0,,02380fa8-41a8-43fa-8e7b-2a579cfacfc2,Toxicity,Expense,Cash
db2491e4-5ad4-4da8-bd5f-e84d798669d6,1704806864893,"2024-01-09 18:57:44",830.0,,7adc3dbd-e8b1-494f-8685-6c84d84c4f96,Hospital,Expense,Cash
9f2de4f0-1ecb-4808-b980-2609945363d9,1704806864893,"2024-01-09 18:57:44",2700.0,,d71face0-704a-49ff-8c96-9778abb5d2e3,Bike,Expense,Cash
a2c287a3-80d8-4654-bffb-635425c89f58,1704806864893,"2024-01-09 18:57:44",260.0,,02380fa8-41a8-43fa-8e7b-2a579cfacfc2,Toxicity,Expense,Cash
1567fe6d-5b0c-4e80-97dd-96859f8308fe,1704806864893,"2024-01-09 18:57:44",130.0,,02380fa8-41a8-43fa-8e7b-2a579cfacfc2,Toxicity,Expense,Cash
f60b5220-fca7-450b-9eea-edfde3606a69,1704760850846,"2024-01-09 06:10:50",41690.0,Rent,10000000-0000-0000-0000-000000000002,House,Expense,Cash
c4d0a7ae-1088-4235-9c6e-0af9d2a3430a,1704759154606,"2024-01-09 05:42:34",500.0,,02380fa8-41a8-43fa-8e7b-2a579cfacfc2,Toxicity,Expense,Cash
ac76dbd4-0d79-4cab-96c8-9445bbb538c1,1704724579114,"2024-01-08 20:06:19",270.0,,02380fa8-41a8-43fa-8e7b-2a579cfacfc2,Toxicity,Expense,Cash
e8c97328-7585-4adc-91bb-9ad65a53793d,1704667529380,"2024-01-08 04:15:29",15000.0,,10000000-0000-0000-0000-000000000011,Deposits,Income,Cash
f5029d0b-5026-480a-bf3e-d2b7eda4a2b0,1704643723915,"2024-01-07 21:38:43",670.0,,02380fa8-41a8-43fa-8e7b-2a579cfacfc2,Toxicity,Expense,Cash
66a4f916-f240-4abe-b076-bc1e585f4afa,1704538028082,"2024-01-06 16:17:08",1330.0,,02380fa8-41a8-43fa-8e7b-2a579cfacfc2,Toxicity,Expense,Cash
e86eae5a-b89b-4f1c-ae54-96e4e5dad2c1,1704459169737,"2024-01-05 18:22:49",1460.0,,10000000-0000-0000-0000-000000000001,Food,Expense,Cash
8395cd5b-ef97-4254-b03f-f62aa6a7a924,1704194086452,"2024-01-02 16:44:46",15590.0,,10000000-0000-0000-0000-000000000012,Bills,Expense,Cash
05553d83-a447-4b81-ba5c-b00504d6eec5,1704123247537,"2024-01-01 21:04:07",320.0,,02380fa8-41a8-43fa-8e7b-2a579cfacfc2,Toxicity,Expense,Cash
fa13b338-3ab7-4b6b-a53d-cf2ef24ca97f,1704123247537,"2024-01-01 21:04:07",400.0,,7adc3dbd-e8b1-494f-8685-6c84d84c4f96,Hospital,Expense,Cash
2342cbe8-c1ce-431a-a669-c49956ddd6d1,1704123247537,"2024-01-01 21:04:07",370.0,,02380fa8-41a8-43fa-8e7b-2a579cfacfc2,Toxicity,Expense,Cash
88309076-edbd-4127-a83e-7d8075a48c3b,1704040014271,"2023-12-31 21:56:54",320.0,,02380fa8-41a8-43fa-8e7b-2a579cfacfc2,Toxicity,Expense,Cash
c210c893-f8e4-4572-926d-1f94b6f99f38,1704040014271,"2023-12-31 21:56:54",720.0,,10000000-0000-0000-0000-000000000004,"Eating out",Expense,Cash
21c1d11f-68f5-44f4-bf76-b5e6ff8d08ff,1704017143040,"2023-12-31 15:35:43",380.0,,02380fa8-41a8-43fa-8e7b-2a579cfacfc2,Toxicity,Expense,Cash
8973df17-e61f-461f-a27d-03cd4591cde8,1703950904443,"2023-12-30 21:11:44",720.0,,02380fa8-41a8-43fa-8e7b-2a579cfacfc2,Toxicity,Expense,Cash
8d65e508-2f96-40ef-ba43-58567af99810,1703950904443,"2023-12-30 21:11:44",200.0,,02380fa8-41a8-43fa-8e7b-2a579cfacfc2,Toxicity,Expense,Cash
c0967696-9d46-4921-8c9a-1019fd317ca4,1703950904443,"2023-12-30 21:11:44",400.0,,6b86fb91-20d2-4296-8fc0-11af8f5db354,Brewery,Expense,Cash
9bdfb291-84ae-425f-ba2b-57b76f45eb76,1703950904443,"2023-12-30 21:11:44",320.0,,02380fa8-41a8-43fa-8e7b-2a579cfacfc2,Toxicity,Expense,Cash
7433bcc9-b22c-4fb2-8288-d4ef83f0e5c5,1703830549916,"2023-12-29 11:45:49",180.0,,02380fa8-41a8-43fa-8e7b-2a579cfacfc2,Toxicity,Expense,Cash
96fafa23-becd-4fff-9ca8-e9d78f76d57e,1703830549916,"2023-12-29 11:45:49",1800.0,,10000000-0000-0000-0000-000000000004,"Eating out",Expense,Cash
8255b326-9e5c-4e34-820e-dae4c1b001f7,1703744149916,"2023-12-28 11:45:49",180.0,,02380fa8-41a8-43fa-8e7b-2a579cfacfc2,Toxicity,Expense,Cash
1e5ced46-5713-4cfe-8bfd-512b25389a1f,1703744149916,"2023-12-28 11:45:49",180.0,,02380fa8-41a8-43fa-8e7b-2a579cfacfc2,Toxicity,Expense,Cash
e7ede107-b7f6-4041-b0fc-50162163f105,1703642916795,"2023-12-27 07:38:36",380.0,,02380fa8-41a8-43fa-8e7b-2a579cfacfc2,Toxicity,Expense,Cash
469ba82e-c2e0-453d-8aac-6c8fa34f44fc,1703604191583,"2023-12-26 20:53:11",380.0,,02380fa8-41a8-43fa-8e7b-2a579cfacfc2,Toxicity,Expense,Cash
0893ace4-9ea2-4b92-8cf3-f8a3c7abbab9,1703604191583,"2023-12-26 20:53:11",360.0,,02380fa8-41a8-43fa-8e7b-2a579cfacfc2,Toxicity,Expense,Cash
58269960-143c-42e4-849a-5d9a652658cb,1703604191583,"2023-12-26 20:53:11",380.0,,02380fa8-41a8-43fa-8e7b-2a579cfacfc2,Toxicity,Expense,Cash
1162b458-acf5-41fe-bfe1-a016a3c2c696,1703560275110,"2023-12-26 08:41:15",560.0,,02380fa8-41a8-43fa-8e7b-2a579cfacfc2,Toxicity,Expense,Cash
3aad814b-4c2f-4d09-9269-80c0c20e30bb,1703556516795,"2023-12-26 07:38:36",5000.0,,968edc2b-7a45-41ec-8be9-e213be5528f8,Fuel,Expense,Cash
794fe503-d5db-4522-9a76-72fefcd8be34,1703516416002,"2023-12-25 20:30:16",1760.0,,10000000-0000-0000-0000-000000000004,"Eating out",Expense,Cash
d9b679f5-40c7-4017-9502-eb41b94af5a0,1703516416002,"2023-12-25 20:30:16",380.0,,02380fa8-41a8-43fa-8e7b-2a579cfacfc2,Toxicity,Expense,Cash
07c5638e-909e-4c07-afd5-9d588eb72b3f,1703516416002,"2023-12-25 20:30:16",400.0,,02380fa8-41a8-43fa-8e7b-2a579cfacfc2,Toxicity,Expense,Cash
c0312071-0ab6-47bf-84ff-398125338598,1703506587850,"2023-12-25 17:46:27",1080.0,,02380fa8-41a8-43fa-8e7b-2a579cfacfc2,Toxicity,Expense,Cash
8100bd95-bc4a-404d-894e-8960b542e0c4,1703417573907,"2023-12-24 17:02:53",540.0,,02380fa8-41a8-43fa-8e7b-2a579cfacfc2,Toxicity,Expense,Cash
de3cd767-48fd-4fd3-8083-a9932123a71f,1703343861121,"2023-12-23 20:34:21",19790.0,,10000000-0000-0000-0000-000000000005,Transport,Expense,Cash
b5e4552a-68ff-4b8d-b9aa-218a84ccca49,1703343129226,"2023-12-23 20:22:09",380.0,,02380fa8-41a8-43fa-8e7b-2a579cfacfc2,Toxicity,Expense,Cash
057ef13c-5892-439e-baf5-b933318e4685,1703308279298,"2023-12-23 10:41:19",380.0,,02380fa8-41a8-43fa-8e7b-2a579cfacfc2,Toxicity,Expense,Cash
12aa3cd2-f888-4b40-b7ad-29d1cb33d4b1,1703223389802,"2023-12-22 11:06:29",3410.0,,10000000-0000-0000-0000-000000000005,Transport,Expense,Cash
e7397141-52cd-45d0-9ab0-bf2d05b5f386,1703166876854,"2023-12-21 19:24:36",2630.0,,10000000-0000-0000-0000-000000000004,"Eating out",Expense,Cash
11e005ee-cf2c-4b34-8a6b-698a029375d4,1703166876854,"2023-12-21 19:24:36",1080.0,,02380fa8-41a8-43fa-8e7b-2a579cfacfc2,Toxicity,Expense,Cash
30f0e4e9-a9a2-4e64-8f68-35166f103fc1,1703151132248,"2023-12-21 15:02:12",180.0,,02380fa8-41a8-43fa-8e7b-2a579cfacfc2,Toxicity,Expense,Cash
b65a65a5-d1d7-4bfe-9d61-80ebc80e389a,1703151132248,"2023-12-21 15:02:12",750.0,,10000000-0000-0000-0000-000000000004,"Eating out",Expense,Cash
46c02cb6-b9cd-445f-9d21-aa846480147f,1703151132248,"2023-12-21 15:02:12",600.0,,02380fa8-41a8-43fa-8e7b-2a579cfacfc2,Toxicity,Expense,Cash
f89ea3de-d026-4b80-adec-d13ee0225f9a,1703085010704,"2023-12-20 20:40:10",380.0,,02380fa8-41a8-43fa-8e7b-2a579cfacfc2,Toxicity,Expense,Cash
2a79a428-b04d-46e2-9a6c-3fbb1509b1c0,1703085010704,"2023-12-20 20:40:10",1260.0,,02380fa8-41a8-43fa-8e7b-2a579cfacfc2,Toxicity,Expense,Cash
456584aa-f735-4e46-a699-357a8033db26,1703050696019,"2023-12-20 11:08:16",4210.0,,10000000-0000-0000-0000-000000000005,Transport,Expense,Cash
229958df-61d6-4ab4-9a89-1546b497fe66,1703050696019,"2023-12-20 11:08:16",6460.0,,10000000-0000-0000-0000-000000000005,Transport,Expense,Cash
062b4f7a-e692-4ecf-b051-85c36a84bf01,1702998610704,"2023-12-19 20:40:10",1560.0,,02380fa8-41a8-43fa-8e7b-2a579cfacfc2,Toxicity,Expense,Cash
60fb7bb4-2f3f-4887-b03e-b1135130fbb0,1702911607464,"2023-12-18 20:30:07",15000.0,,1356556b-523d-42d8-a52c-a187da9c433c,health,Expense,Cash
8239c545-6521-4b77-9e7e-54a4975f3b8b,1702911607464,"2023-12-18 20:30:07",580.0,,02380fa8-41a8-43fa-8e7b-2a579cfacfc2,Toxicity,Expense,Cash
2ce12601-1673-4add-8fdf-6ea155c6f0aa,1702818706189,"2023-12-17 18:41:46",360.0,,02380fa8-41a8-43fa-8e7b-2a579cfacfc2,Toxicity,Expense,Cash
8f9999aa-132b-4e34-8166-db467cfee2cd,1702735514959,"2023-12-16 19:35:14",1140.0,,02380fa8-41a8-43fa-8e7b-2a579cfacfc2,Toxicity,Expense,Cash
eb101452-42a8-4988-a923-994b24ad9836,1702735514959,"2023-12-16 19:35:14",300.0,,6b86fb91-20d2-4296-8fc0-11af8f5db354,Brewery,Expense,Cash
537c51d9-d81e-44c4-844b-c60de0ebacb5,1702633027225,"2023-12-15 15:07:07",380.0,,02380fa8-41a8-43fa-8e7b-2a579cfacfc2,Toxicity,Expense,Cash
5ea3a320-4f67-41fb-b7ba-f4c83bcd2749,1702633027225,"2023-12-15 15:07:07",1770.0,,10000000-0000-0000-0000-000000000004,"Eating out",Expense,Cash
8541f859-1d7a-46af-bc4f-51aa763ff01e,1702571187404,"2023-12-14 21:56:27",550.0,,02380fa8-41a8-43fa-8e7b-2a579cfacfc2,Toxicity,Expense,Cash
d697f33e-9e99-41fd-b62b-f559ac9ca39c,1702571187404,"2023-12-14 21:56:27",200.0,,6b86fb91-20d2-4296-8fc0-11af8f5db354,Brewery,Expense,Cash
c2011099-6a9e-4206-9846-4b8f42ce89de,1702484787404,"2023-12-13 21:56:27",360.0,,02380fa8-41a8-43fa-8e7b-2a579cfacfc2,Toxicity,Expense,Cash
3768c24a-1b7b-433f-8b40-10e52d8131ef,1702451481888,"2023-12-13 12:41:21",370.0,,02380fa8-41a8-43fa-8e7b-2a579cfacfc2,Toxicity,Expense,Cash
0d3b6cd2-0032-4635-a5bb-cb8dde79f59f,1702388211193,"2023-12-12 19:06:51",380.0,,02380fa8-41a8-43fa-8e7b-2a579cfacfc2,Toxicity,Expense,Cash
1a94e363-976d-414c-bdc1-d7d94f64d1a9,1702307765187,"2023-12-11 20:46:05",550.0,,02380fa8-41a8-43fa-8e7b-2a579cfacfc2,Toxicity,Expense,Cash
1546caaf-c898-45c8-b13b-ac8ab90eaad6,1702307765187,"2023-12-11 20:46:05",1540.0,,10000000-0000-0000-0000-000000000004,"Eating out",Expense,Cash
572c7be1-82cd-496f-9299-00f3756009f9,1702295680033,"2023-12-11 17:24:40",380.0,,02380fa8-41a8-43fa-8e7b-2a579cfacfc2,Toxicity,Expense,Cash
9ce9d4b2-b8dd-4c37-96d5-ce9cef8037d2,1702277553400,"2023-12-11 12:22:33",320.0,,02380fa8-41a8-43fa-8e7b-2a579cfacfc2,Toxicity,Expense,Cash
a0f51c74-0b2b-4ba0-8d93-9e6b978e0fda,1702217986126,"2023-12-10 19:49:46",370.0,,02380fa8-41a8-43fa-8e7b-2a579cfacfc2,Toxicity,Expense,Cash
92148255-ddca-4025-a7dd-ed38993c26cb,1702196221808,"2023-12-10 13:47:01",300.0,,02380fa8-41a8-43fa-8e7b-2a579cfacfc2,Toxicity,Expense,Cash
68f20b09-3eb6-4f67-a6d9-13eca5a193b5,1702196221808,"2023-12-10 13:47:01",370.0,,02380fa8-41a8-43fa-8e7b-2a579cfacfc2,Toxicity,Expense,Cash
322041b3-94c6-4a31-a97e-02392a72d866,1702136190940,"2023-12-09 21:06:30",380.0,,02380fa8-41a8-43fa-8e7b-2a579cfacfc2,Toxicity,Expense,Cash
d21b2733-ed09-4530-a374-5cb0080d6129,1702123996674,"2023-12-09 17:43:16",740.0,,02380fa8-41a8-43fa-8e7b-2a579cfacfc2,Toxicity,Expense,Cash
1fc1c33a-7578-4e4a-a833-fd11eadbd152,1702048937414,"2023-12-08 20:52:17",1330.0,,02380fa8-41a8-43fa-8e7b-2a579cfacfc2,Toxicity,Expense,Cash
4ef17c63-bfc6-4923-9202-9bfd68bd77a1,1702048937414,"2023-12-08 20:52:17",15000.0,,10000000-0000-0000-0000-000000000011,Deposits,Income,Cash
deedf25d-5654-49b0-bddb-971928af18d7,1702048937414,"2023-12-08 20:52:17",42270.0,Rent,10000000-0000-0000-0000-000000000002,House,Expense,Cash
cc27c511-ca74-4a6a-92df-45eeeb853e6a,1701962537414,"2023-12-07 20:52:17",15000.0,,10000000-0000-0000-0000-000000000011,Deposits,Income,Cash
408ac3e3-a1bd-4a13-a205-85b81c756e3b,1701638401687,"2023-12-04 02:50:01",360.0,,02380fa8-41a8-43fa-8e7b-2a579cfacfc2,Toxicity,Expense,Cash
f1d90a5d-15f6-463c-831a-4f5c785c12ed,1701608021404,"2023-12-03 18:23:41",370.0,,02380fa8-41a8-43fa-8e7b-2a579cfacfc2,Toxicity,Expense,Cash
37bc29aa-8a77-4803-aad6-72e45abce44f,1701608021404,"2023-12-03 18:23:41",360.0,,02380fa8-41a8-43fa-8e7b-2a579cfacfc2,Toxicity,Expense,Cash
ec82e20b-6ada-4d5b-98c1-1ef8c407fa2d,1701608021404,"2023-12-03 18:23:41",1470.0,,10000000-0000-0000-0000-000000000004,"Eating out",Expense,Cash
2574cf4b-e6b7-4083-94df-88922dfbb527,1701573290725,"2023-12-03 08:44:50",180.0,,02380fa8-41a8-43fa-8e7b-2a579cfacfc2,Toxicity,Expense,Cash
36d3621d-4ddc-4250-9bd8-7c1d0fbaddb4,1701573290725,"2023-12-03 08:44:50",1250.0,,10000000-0000-0000-0000-000000000004,"Eating out",Expense,Cash
3c782341-1530-471e-b71e-9200a8280bf9,1701558697336,"2023-12-03 04:41:37",380.0,,02380fa8-41a8-43fa-8e7b-2a579cfacfc2,Toxicity,Expense,Cash
288d3841-51f6-4437-b174-e743904a4283,1701532841260,"2023-12-02 21:30:41",190.0,,02380fa8-41a8-43fa-8e7b-2a579cfacfc2,Toxicity,Expense,Cash
fc17f7d0-1e76-425d-920a-716f6aef26a7,1701532841260,"2023-12-02 21:30:41",1000.0,,10000000-0000-0000-0000-000000000004,"Eating out",Expense,Cash
01a9ecad-017b-435a-8fb4-956d6e9b9c8b,1701510234782,"2023-12-02 15:13:54",900.0,,02380fa8-41a8-43fa-8e7b-2a579cfacfc2,Toxicity,Expense,Cash
a2027e18-5416-4640-9290-46e35933f9cc,1701445139038,"2023-12-01 21:08:59",200.0,,02380fa8-41a8-43fa-8e7b-2a579cfacfc2,Toxicity,Expense,Cash
63d7b3b4-31c1-4dc2-85a9-3ebb488ef6ec,1701420534863,"2023-12-01 14:18:54",370.0,,02380fa8-41a8-43fa-8e7b-2a579cfacfc2,Toxicity,Expense,Cash
aa7f4de2-269a-40be-b1b5-2625e130e4ce,1701362459159,"2023-11-30 22:10:59",180.0,,02380fa8-41a8-43fa-8e7b-2a579cfacfc2,Toxicity,Expense,Cash
be9cf7a8-2033-4063-9104-c1bcb3bf1abd,1701362459159,"2023-11-30 22:10:59",320.0,,02380fa8-41a8-43fa-8e7b-2a579cfacfc2,Toxicity,Expense,Cash
574a66a6-4035-4efe-8e88-5696a5aab68f,1701312002840,"2023-11-30 08:10:02",380.0,,02380fa8-41a8-43fa-8e7b-2a579cfacfc2,Toxicity,Expense,Cash
178a641c-c37e-46c8-a916-66ebec1865ac,1701312002840,"2023-11-30 08:10:02",320.0,,02380fa8-41a8-43fa-8e7b-2a579cfacfc2,Toxicity,Expense,Cash
a9693e6a-5a9c-4f25-a3a0-7796eec402a0,1701272975966,"2023-11-29 21:19:35",200.0,,02380fa8-41a8-43fa-8e7b-2a579cfacfc2,Toxicity,Expense,Cash
77458eb2-f1b1-47d3-b9b5-12169b850227,1701272975966,"2023-11-29 21:19:35",900.0,,10000000-0000-0000-0000-000000000004,"Eating out",Expense,Cash
c1fdf551-c8f1-42bf-98b4-e74e08ad3a15,1701242313722,"2023-11-29 12:48:33",1400.0,,10000000-0000-0000-0000-000000000004,"Eating out",Expense,Cash
27891ed7-07e6-42d9-ad1b-937a5833a4c7,1701242313722,"2023-11-29 12:48:33",320.0,,02380fa8-41a8-43fa-8e7b-2a579cfacfc2,Toxicity,Expense,Cash
4eadb21d-fc39-480d-a6b1-753d15be7a86,1701184295776,"2023-11-28 20:41:35",380.0,,02380fa8-41a8-43fa-8e7b-2a579cfacfc2,Toxicity,Expense,Cash
5a5a840e-3843-45b8-bb9d-fe5e7ae70a6a,1701091569928,"2023-11-27 18:56:09",5000.0,,968edc2b-7a45-41ec-8be9-e213be5528f8,Fuel,Expense,Cash
921b630b-18fb-4f3b-892f-ec94a8121259,1700932536715,"2023-11-25 22:45:36",570.0,,02380fa8-41a8-43fa-8e7b-2a579cfacfc2,Toxicity,Expense,Cash
6823a0cf-9489-4090-b6f0-bc0e3fa1b902,1700805159805,"2023-11-24 11:22:39",4520.0,,10000000-0000-0000-0000-000000000005,Transport,Expense,Cash
39172218-c975-4b36-b935-e596e774df1c,1700795988118,"2023-11-24 08:49:48",360.0,,02380fa8-41a8-43fa-8e7b-2a579cfacfc2,Toxicity,Expense,Cash
6437de53-979c-4c42-9860-842b6885b6e2,1700749735103,"2023-11-23 19:58:55",1200.0,,10000000-0000-0000-0000-000000000004,"Eating out",Expense,Cash
17434307-52cc-43c4-9fe8-3ae289a9da59,1700749735103,"2023-11-23 19:58:55",310.0,,02380fa8-41a8-43fa-8e7b-2a579cfacfc2,Toxicity,Expense,Cash
179817c5-c618-4f24-94fe-e8f16bce3606,1700741223173,"2023-11-23 17:37:03",630.0,,02380fa8-41a8-43fa-8e7b-2a579cfacfc2,Toxicity,Expense,Cash
9e7cd884-1900-4497-b5a7-fe89a021e18b,1700654823173,"2023-11-22 17:37:03",840.0,,10000000-0000-0000-0000-000000000001,Food,Expense,Cash
d3f40f79-069d-4c96-945e-4c6c4ecadb16,1700639443584,"2023-11-22 13:20:43",260.0,,02380fa8-41a8-43fa-8e7b-2a579cfacfc2,Toxicity,Expense,Cash
a10a037f-b252-4c31-ade0-80bdf6e21f0f,1700639443584,"2023-11-22 13:20:43",270.0,,02380fa8-41a8-43fa-8e7b-2a579cfacfc2,Toxicity,Expense,Cash
db59123b-dbcf-4071-9686-b26938d9316c,1700639443584,"2023-11-22 13:20:43",310.0,,02380fa8-41a8-43fa-8e7b-2a579cfacfc2,Toxicity,Expense,Cash
a0992473-9796-4990-bc09-afd149bc7d2b,1700571212473,"2023-11-21 18:23:32",320.0,,02380fa8-41a8-43fa-8e7b-2a579cfacfc2,Toxicity,Expense,Cash
ccef36e1-2b18-4b5f-9795-e84ad210ae1f,1700571212473,"2023-11-21 18:23:32",330.0,,02380fa8-41a8-43fa-8e7b-2a579cfacfc2,Toxicity,Expense,Cash
61d2c7d1-ade7-480b-8b92-b73bc09377d7,1700494606922,"2023-11-20 21:06:46",320.0,,02380fa8-41a8-43fa-8e7b-2a579cfacfc2,Toxicity,Expense,Cash
75d108b5-6ab7-4c4b-ac2e-ca01888dcb7c,1700494606922,"2023-11-20 21:06:46",270.0,,02380fa8-41a8-43fa-8e7b-2a579cfacfc2,Toxicity,Expense,Cash
2c56bacf-d227-44e1-850d-2c0a5266b230,1700369811211,"2023-11-19 10:26:51",890.0,,10000000-0000-0000-0000-000000000002,House,Expense,Cash
0154a713-021f-4c0e-a5cb-9142ce4c53ef,1700332449058,"2023-11-19 00:04:09",1200.0,,02380fa8-41a8-43fa-8e7b-2a579cfacfc2,Toxicity,Expense,Cash
515346ac-26ae-406e-b763-d5c4f224c816,1700332449058,"2023-11-19 00:04:09",320.0,,02380fa8-41a8-43fa-8e7b-2a579cfacfc2,Toxicity,Expense,Cash
299bcf84-d62f-4bbf-8ea5-cfc102aecae5,1700310697550,"2023-11-18 18:01:37",370.0,,02380fa8-41a8-43fa-8e7b-2a579cfacfc2,Toxicity,Expense,Cash
a999f9ff-b5e1-4163-a2f8-cb75d2a6664b,1700310697550,"2023-11-18 18:01:37",270.0,,02380fa8-41a8-43fa-8e7b-2a579cfacfc2,Toxicity,Expense,Cash
da34340d-765f-4237-9cd0-eaeb28101d6d,1700283411211,"2023-11-18 10:26:51",8000.0,,10000000-0000-0000-0000-000000000011,Deposits,Income,Cash
8dc25edf-4d01-440f-9369-7916b694e999,1700276679255,"2023-11-18 08:34:39",250.0,,02380fa8-41a8-43fa-8e7b-2a579cfacfc2,Toxicity,Expense,Cash
2ded7d0c-6d36-4cff-b144-1206e1a8ed1f,1700068511008,"2023-11-15 22:45:11",380.0,,02380fa8-41a8-43fa-8e7b-2a579cfacfc2,Toxicity,Expense,Cash
4247cff6-479a-45bd-977d-6a1914cc5172,1700068511008,"2023-11-15 22:45:11",1200.0,,02380fa8-41a8-43fa-8e7b-2a579cfacfc2,Toxicity,Expense,Cash
7f11d789-f7c9-4f30-b4e8-13eea8931e76,1700036700883,"2023-11-15 13:55:00",200.0,,02380fa8-41a8-43fa-8e7b-2a579cfacfc2,Toxicity,Expense,Cash
a15cac4e-2ecf-423f-bf3e-90a5155fd82d,1700036700883,"2023-11-15 13:55:00",1650.0,,10000000-0000-0000-0000-000000000004,"Eating out",Expense,Cash
697faeb6-dead-416c-b547-b4ba05a1a988,1700014938921,"2023-11-15 07:52:18",130.0,,02380fa8-41a8-43fa-8e7b-2a579cfacfc2,Toxicity,Expense,Cash
09b9e538-b68c-4efb-a2f8-0900c0aa26f5,1700014938921,"2023-11-15 07:52:18",270.0,,02380fa8-41a8-43fa-8e7b-2a579cfacfc2,Toxicity,Expense,Cash
618366a4-ffe0-4c37-a778-74def5279388,1699944530291,"2023-11-14 12:18:50",180.0,,02380fa8-41a8-43fa-8e7b-2a579cfacfc2,Toxicity,Expense,Cash
0baa2797-0356-410d-ac78-7ccb2e7c934d,1699944530291,"2023-11-14 12:18:50",1400.0,,10000000-0000-0000-0000-000000000004,"Eating out",Expense,Cash
4f55fb0b-e170-4580-9e7a-805333139cda,1699936951557,"2023-11-14 10:12:31",130.0,,02380fa8-41a8-43fa-8e7b-2a579cfacfc2,Toxicity,Expense,Cash
6b0c2c11-aa42-41cd-b4c1-16171c6973a4,1699936951557,"2023-11-14 10:12:31",320.0,,02380fa8-41a8-43fa-8e7b-2a579cfacfc2,Toxicity,Expense,Cash
5c5e6ddb-6358-4a1a-a1e3-85bd87a017a9,1699888013490,"2023-11-13 20:36:53",660.0,,02380fa8-41a8-43fa-8e7b-2a579cfacfc2,Toxicity,Expense,Cash
295b6fd6-aaad-4dad-a97e-20c69ba8b3b8,1699813481346,"2023-11-12 23:54:41",13620.0,,10000000-0000-0000-0000-000000000002,House,Expense,Cash
2bd351c5-e49b-4cb1-b306-6a04950520e2,1699809321801,"2023-11-12 22:45:21",260.0,,02380fa8-41a8-43fa-8e7b-2a579cfacfc2,Toxicity,Expense,Cash
01e2e320-c85f-47ee-aa2d-14aa69c2c807,1699809321801,"2023-11-12 22:45:21",380.0,,02380fa8-41a8-43fa-8e7b-2a579cfacfc2,Toxicity,Expense,Cash
219cb1f3-50df-4e8f-a1f8-238b238889f9,1699791816647,"2023-11-12 17:53:36",250.0,,02380fa8-41a8-43fa-8e7b-2a579cfacfc2,Toxicity,Expense,Cash
2151a15f-1667-48aa-9e56-10b86de6a964,1699724674217,"2023-11-11 23:14:34",250.0,,02380fa8-41a8-43fa-8e7b-2a579cfacfc2,Toxicity,Expense,Cash
2e96e892-0327-4884-a1af-80f6ecdd9e70,1699724674217,"2023-11-11 23:14:34",1400.0,,02380fa8-41a8-43fa-8e7b-2a579cfacfc2,Toxicity,Expense,Cash
8fd70cfc-993c-4ab9-84f4-28262153f91b,1699683503343,"2023-11-11 11:48:23",250.0,,02380fa8-41a8-43fa-8e7b-2a579cfacfc2,Toxicity,Expense,Cash
9184af17-b43b-4f44-ad62-ad3e61a44074,1699683503343,"2023-11-11 11:48:23",1200.0,,6b86fb91-20d2-4296-8fc0-11af8f5db354,Brewery,Expense,Cash
0b7483cb-7ee6-4874-a9f4-e638d5ca589f,1699637468154,"2023-11-10 23:01:08",320.0,,02380fa8-41a8-43fa-8e7b-2a579cfacfc2,Toxicity,Expense,Cash
8557568d-8970-4193-bb53-54d8f25e0740,1699562401394,"2023-11-10 02:10:01",1500.0,,02380fa8-41a8-43fa-8e7b-2a579cfacfc2,Toxicity,Expense,Cash
aa7b9e40-b6d1-43fc-9021-8fcabd9453ce,1699456647235,"2023-11-08 20:47:27",320.0,,02380fa8-41a8-43fa-8e7b-2a579cfacfc2,Toxicity,Expense,Cash
7f068896-0fef-44a0-8f46-8e89e5b9c202,1699428300810,"2023-11-08 12:55:00",43390.0,,10000000-0000-0000-0000-000000000002,House,Expense,Cash
0312f742-af37-4901-ac8a-b26a2dbd2e46,1699406597417,"2023-11-08 06:53:17",620.0,,02380fa8-41a8-43fa-8e7b-2a579cfacfc2,Toxicity,Expense,Cash
467d1c83-1248-4442-94b6-36e7e34049eb,1699378424609,"2023-11-07 23:03:44",320.0,,02380fa8-41a8-43fa-8e7b-2a579cfacfc2,Toxicity,Expense,Cash
4d41f839-4534-425a-907e-86c00f9016a1,1699361275529,"2023-11-07 18:17:55",900.0,,10000000-0000-0000-0000-000000000004,"Eating out",Expense,Cash
1c209aac-0353-4854-8b27-6fe931cd29dd,1699361275529,"2023-11-07 18:17:55",320.0,,02380fa8-41a8-43fa-8e7b-2a579cfacfc2,Toxicity,Expense,Cash
710a9962-6b65-4c28-ac19-547650b9b025,1699308225626,"2023-11-07 03:33:45",47480.0,"Engine oil",10000000-0000-0000-0000-000000000002,House,Expense,Cash
03ee6a53-353e-4e57-8fb6-3620faa4ce82,1699293237760,"2023-11-06 23:23:57",440.0,,02380fa8-41a8-43fa-8e7b-2a579cfacfc2,Toxicity,Expense,Cash
6f6a84af-a464-4f79-bc2e-a142e5d460c6,1699281935012,"2023-11-06 20:15:35",2020.0,,10000000-0000-0000-0000-000000000004,"Eating out",Expense,Cash
435eb342-cb60-4b55-9c62-89d58a732e69,1699262521440,"2023-11-06 14:52:01",230.0,,02380fa8-41a8-43fa-8e7b-2a579cfacfc2,Toxicity,Expense,Cash
f369b217-f1e5-4504-9f09-e8483b38bea3,1699219337555,"2023-11-06 02:52:17",360.0,,02380fa8-41a8-43fa-8e7b-2a579cfacfc2,Toxicity,Expense,Cash
c0ff9698-2d50-4c34-be78-6abcede439a8,1699200080626,"2023-11-05 21:31:20",400.0,,02380fa8-41a8-43fa-8e7b-2a579cfacfc2,Toxicity,Expense,Cash
fe0e93a5-0708-43b2-a472-b1a7f4f53cb8,1699189522181,"2023-11-05 18:35:22",260.0,,02380fa8-41a8-43fa-8e7b-2a579cfacfc2,Toxicity,Expense,Cash
c9429e08-6de6-454f-b4a6-209cd5b55a4a,1699165395436,"2023-11-05 11:53:15",320.0,,02380fa8-41a8-43fa-8e7b-2a579cfacfc2,Toxicity,Expense,Cash
536eaf76-8b93-42c5-9c4d-e9ab29959513,1699165395436,"2023-11-05 11:53:15",200.0,,6b86fb91-20d2-4296-8fc0-11af8f5db354,Brewery,Expense,Cash
fea24375-88ef-4a11-82e7-47bbfad8a824,1699078995436,"2023-11-04 11:53:15",400.0,,02380fa8-41a8-43fa-8e7b-2a579cfacfc2,Toxicity,Expense,Cash
f392381f-5a4b-4715-9e04-704cc6fc06d2,1699078995436,"2023-11-04 11:53:15",900.0,,10000000-0000-0000-0000-000000000004,"Eating out",Expense,Cash
3b4c0b6f-e338-4a8d-9420-4470926a693f,1699078995436,"2023-11-04 11:53:15",680.0,,10000000-0000-0000-0000-000000000004,"Eating out",Expense,Cash
1f6e5747-472f-472d-8d74-60cc67286f9c,1699078995436,"2023-11-04 11:53:15",410.0,,02380fa8-41a8-43fa-8e7b-2a579cfacfc2,Toxicity,Expense,Cash
a19862d3-a291-4b4c-b0d4-db1c5fea3bc1,1699007612744,"2023-11-03 16:03:32",1210.0,,02380fa8-41a8-43fa-8e7b-2a579cfacfc2,Toxicity,Expense,Cash
12f9343a-63b7-4fb9-bdc5-f38ad9579086,1698950601931,"2023-11-03 00:13:21",200.0,,02380fa8-41a8-43fa-8e7b-2a579cfacfc2,Toxicity,Expense,Cash
e819329d-3bf3-4da2-9388-9fe8b8083b24,1698950601931,"2023-11-03 00:13:21",5500.0,,968edc2b-7a45-41ec-8be9-e213be5528f8,Fuel,Expense,Cash
bf8fb242-c58a-4f20-a5e2-36b6c77b20fb,1698765106062,"2023-10-31 20:41:46",330.0,,02380fa8-41a8-43fa-8e7b-2a579cfacfc2,Toxicity,Expense,Cash
1acd33cf-df06-4de0-b735-f13ba813e521,1698678706062,"2023-10-30 20:41:46",1200.0,,02380fa8-41a8-43fa-8e7b-2a579cfacfc2,Toxicity,Expense,Cash
c85ec98b-a60c-47ec-97b7-9df775b7b2ab,1698658265978,"2023-10-30 15:01:05",800.0,,02380fa8-41a8-43fa-8e7b-2a579cfacfc2,Toxicity,Expense,Cash
fb7412b0-cc99-4ac2-8440-c080ee9d1444,1698597539277,"2023-10-29 22:08:59",540.0,,02380fa8-41a8-43fa-8e7b-2a579cfacfc2,Toxicity,Expense,Cash
8d738a2f-b05a-4bca-bdb6-e5a86fb23012,1698597539277,"2023-10-29 22:08:59",5550.0,,10000000-0000-0000-0000-000000000002,House,Expense,Cash
1b2b383c-4f63-48d2-958a-c4029eb0031d,1698597539277,"2023-10-29 22:08:59",260.0,,02380fa8-41a8-43fa-8e7b-2a579cfacfc2,Toxicity,Expense,Cash
e4e427d5-409d-4de7-81e9-61773ecab566,1698537880119,"2023-10-29 05:34:40",670.0,,02380fa8-41a8-43fa-8e7b-2a579cfacfc2,Toxicity,Expense,Cash
afac2c00-613c-4e1e-a211-dd8d2a22e9c4,1698503251882,"2023-10-28 19:57:31",340.0,,02380fa8-41a8-43fa-8e7b-2a579cfacfc2,Toxicity,Expense,Cash
e583c80e-7035-4506-a809-ec523a357b33,1698503251882,"2023-10-28 19:57:31",1580.0,,02380fa8-41a8-43fa-8e7b-2a579cfacfc2,Toxicity,Expense,Cash
7850869a-4f0f-488b-811e-55fbd72930fc,1698503251882,"2023-10-28 19:57:31",640.0,,6b86fb91-20d2-4296-8fc0-11af8f5db354,Brewery,Expense,Cash
95aeb52a-e119-4f25-8eb5-f52a8634e95f,1698440398087,"2023-10-28 02:29:58",1450.0,,02380fa8-41a8-43fa-8e7b-2a579cfacfc2,Toxicity,Expense,Cash
1f4368c6-9825-4b85-bc7f-e93b2eacbf1a,1698422069403,"2023-10-27 21:24:29",1620.0,,02380fa8-41a8-43fa-8e7b-2a579cfacfc2,Toxicity,Expense,Cash
49fd8401-9156-4848-91b7-03d67c485131,1698422069403,"2023-10-27 21:24:29",1200.0,,10000000-0000-0000-0000-000000000004,"Eating out",Expense,Cash
3fb172d8-c7ad-48ed-8ea6-25c824b66478,1698422069403,"2023-10-27 21:24:29",1900.0,,10000000-0000-0000-0000-000000000004,"Eating out",Expense,Cash
bec11541-1699-4bd8-933b-03141f854aef,1698287885315,"2023-10-26 08:08:05",540.0,,02380fa8-41a8-43fa-8e7b-2a579cfacfc2,Toxicity,Expense,Cash
80e4d8a8-77d0-4b3a-85b4-ca3a0421b5ce,1698287885315,"2023-10-26 08:08:05",600.0,,02380fa8-41a8-43fa-8e7b-2a579cfacfc2,Toxicity,Expense,Cash
e9419064-6285-4a32-bb0e-e0419e6410b8,1698224032490,"2023-10-25 14:23:52",300.0,,02380fa8-41a8-43fa-8e7b-2a579cfacfc2,Toxicity,Expense,Cash
72c11f88-a6ed-471b-b246-f1b1cf076d4c,1698169899103,"2023-10-24 23:21:39",1250.0,,02380fa8-41a8-43fa-8e7b-2a579cfacfc2,Toxicity,Expense,Cash
b3b95f8f-f7ca-4c73-acc9-d5649b301d97,1698127039227,"2023-10-24 11:27:19",1200.0,,02380fa8-41a8-43fa-8e7b-2a579cfacfc2,Toxicity,Expense,Cash
b953c0f1-24e2-4077-b2bb-7a55f59d5cf4,1698104279106,"2023-10-24 05:07:59",640.0,,02380fa8-41a8-43fa-8e7b-2a579cfacfc2,Toxicity,Expense,Cash
1ac74d5a-b9f1-4ae3-b2b9-4fabed75f6df,1698014306916,"2023-10-23 04:08:26",16990.0,,10000000-0000-0000-0000-000000000002,House,Expense,Cash
9953e33a-d9b4-4d7e-91e0-80857582c5c4,1697868851365,"2023-10-21 11:44:11",2900.0,,10000000-0000-0000-0000-000000000004,"Eating out",Expense,Cash
6dc31443-755c-4ac4-bf35-584c6385109c,1697659151738,"2023-10-19 01:29:11",980.0,,10000000-0000-0000-0000-000000000002,House,Expense,Cash
869f49ba-1b17-4345-b07a-b6ff7070b8ea,1697584536671,"2023-10-18 04:45:36",6990.0,,d71face0-704a-49ff-8c96-9778abb5d2e3,Bike,Expense,Cash
2bf6a11a-a8dc-4ee1-94fa-ebfc93bc424e,1697374019475,"2023-10-15 18:16:59",80000.0,,10000000-0000-0000-0000-000000000011,Deposits,Income,Cash
3ef54da6-504c-4a92-aff1-dce83646d12b,1697207923920,"2023-10-13 20:08:43",650.0,,10000000-0000-0000-0000-000000000004,"Eating out",Expense,Cash
b119c046-a6a4-44b2-a7cc-919eeac75177,1697120507011,"2023-10-12 19:51:47",320.0,,02380fa8-41a8-43fa-8e7b-2a579cfacfc2,Toxicity,Expense,Cash
c6fff21d-12da-410c-8b0e-74ac272930f3,1696773733230,"2023-10-08 19:32:13",600.0,,02380fa8-41a8-43fa-8e7b-2a579cfacfc2,Toxicity,Expense,Cash
4501d5e8-0d3c-4cc1-b5f4-fa97b7993b8a,1696720761485,"2023-10-08 04:49:21",42160.0,,10000000-0000-0000-0000-000000000002,House,Expense,Cash
6fc4ac99-eec2-4309-9edc-4982f07473ed,1696720761485,"2023-10-08 04:49:21",30000.0,,10000000-0000-0000-0000-000000000011,Deposits,Income,Cash
efbc0626-a3c9-4f23-8fff-186abc2205c0,1696716920905,"2023-10-08 03:45:20",1200.0,,02380fa8-41a8-43fa-8e7b-2a579cfacfc2,Toxicity,Expense,Cash
df0676c9-c80e-46d7-82e2-a68d75206f67,1696671175483,"2023-10-07 15:02:55",1200.0,,02380fa8-41a8-43fa-8e7b-2a579cfacfc2,Toxicity,Expense,Cash
15e2d67e-b223-4bbf-a503-89b7ed79d7dd,1696655680189,"2023-10-07 10:44:40",540.0,,02380fa8-41a8-43fa-8e7b-2a579cfacfc2,Toxicity,Expense,Cash
b0fb67fd-00ad-478c-a113-0bd3903fac2f,1696630520905,"2023-10-07 03:45:20",180.0,,02380fa8-41a8-43fa-8e7b-2a579cfacfc2,Toxicity,Expense,Cash
abb6fb14-6a14-4fa9-a74f-1903daffb364,1696605591696,"2023-10-06 20:49:51",720.0,,02380fa8-41a8-43fa-8e7b-2a579cfacfc2,Toxicity,Expense,Cash
1a0d1b2d-d153-46e9-a803-f12c1d70f443,1696605591696,"2023-10-06 20:49:51",1500.0,,6b86fb91-20d2-4296-8fc0-11af8f5db354,Brewery,Expense,Cash
2f4b3065-ddb6-4e73-8f5d-a43010a89dc8,1696605591696,"2023-10-06 20:49:51",7000.0,,968edc2b-7a45-41ec-8be9-e213be5528f8,Fuel,Expense,Cash
b17045fc-58a7-4177-8275-a8d4b4b1d620,1696605591696,"2023-10-06 20:49:51",100.0,,6b86fb91-20d2-4296-8fc0-11af8f5db354,Brewery,Expense,Cash
b0a11c84-3dd5-4d37-913a-ad2d875f5a49,1696519191696,"2023-10-05 20:49:51",3000.0,,968edc2b-7a45-41ec-8be9-e213be5528f8,Fuel,Expense,Cash
c9dc142d-b5ba-4679-b353-99b521277090,1696512728805,"2023-10-05 19:02:08",1040.0,,02380fa8-41a8-43fa-8e7b-2a579cfacfc2,Toxicity,Expense,Cash
f1cc32fd-151d-425c-8015-244dc60b089a,1696508493092,"2023-10-05 17:51:33",1870.0,,10000000-0000-0000-0000-000000000004,"Eating out",Expense,Cash
0295b219-ec02-47f6-8370-b88aac5a3820,1696508493092,"2023-10-05 17:51:33",1200.0,,02380fa8-41a8-43fa-8e7b-2a579cfacfc2,Toxicity,Expense,Cash
1db59059-3af3-4c37-9cc5-c8487b828ce3,1696508493092,"2023-10-05 17:51:33",2500.0,"Haircut ",10000000-0000-0000-0000-000000000002,House,Expense,Cash
240604c9-4e0f-4ca9-b9a1-3bb17861930f,1696483724923,"2023-10-05 10:58:44",200.0,,d71face0-704a-49ff-8c96-9778abb5d2e3,Bike,Expense,Cash
65f9bd42-02d6-4055-9925-e2a0f075cd7d,1696415709212,"2023-10-04 16:05:09",2300.0,,10000000-0000-0000-0000-000000000001,Food,Expense,Cash
c8b31fd5-e46c-4176-b68d-d2bd493eecf6,1696319907578,"2023-10-03 13:28:27",450.0,,10000000-0000-0000-0000-000000000005,Transport,Expense,Cash
0d48fca5-ba7e-4d01-9ce8-042d288dcaa8,1696244131317,"2023-10-02 16:25:31",310.0,,02380fa8-41a8-43fa-8e7b-2a579cfacfc2,Toxicity,Expense,Cash
15b7e8d8-a3a6-4097-aa46-47bd9bc20225,1696204296725,"2023-10-02 05:21:36",850.0,,02380fa8-41a8-43fa-8e7b-2a579cfacfc2,Toxicity,Expense,Cash
e0de6c5f-ecc8-4c72-9eca-916e47dc3393,1695843123235,"2023-09-28 01:02:03",24980.0,,10000000-0000-0000-0000-000000000002,House,Expense,Cash
03304aee-10ba-475b-82ce-731fb122c810,1695843123235,"2023-09-28 01:02:03",7990.0,,10000000-0000-0000-0000-000000000002,House,Expense,Cash
1ca83dd6-1667-47e4-9626-0c49bf904103,1695822812329,"2023-09-27 19:23:32",8480.0,,10000000-0000-0000-0000-000000000002,House,Expense,Cash
ad763f61-22a2-4e71-bcaf-dd0b1d2cdfa7,1695773813501,"2023-09-27 05:46:53",380.0,,02380fa8-41a8-43fa-8e7b-2a579cfacfc2,Toxicity,Expense,Cash
8835b9d0-89ab-4318-9fc4-dcfb7f65755e,1695687121392,"2023-09-26 05:42:01",320.0,,02380fa8-41a8-43fa-8e7b-2a579cfacfc2,Toxicity,Expense,Cash
bf5767db-41d4-4d5f-aa4e-0d531f444bdc,1695488619481,"2023-09-23 22:33:39",1200.0,,02380fa8-41a8-43fa-8e7b-2a579cfacfc2,Toxicity,Expense,Cash
afdb7d37-07d0-4242-ace4-c8357a5b26e4,1695488619481,"2023-09-23 22:33:39",390.0,,6b86fb91-20d2-4296-8fc0-11af8f5db354,Brewery,Expense,Cash
946f496f-be55-484b-b9c3-52d4b9869da7,1695389190237,"2023-09-22 18:56:30",560.0,,02380fa8-41a8-43fa-8e7b-2a579cfacfc2,Toxicity,Expense,Cash
02f20a67-9d19-4830-8056-706ae2cc45e9,1695389190237,"2023-09-22 18:56:30",1200.0,,02380fa8-41a8-43fa-8e7b-2a579cfacfc2,Toxicity,Expense,Cash
bae897ed-17f7-46dc-9924-b90a46bead0b,1695316344498,"2023-09-21 22:42:24",600.0,,02380fa8-41a8-43fa-8e7b-2a579cfacfc2,Toxicity,Expense,Cash
52785478-92dc-48fc-adeb-be204a9fc4fb,1695316344498,"2023-09-21 22:42:24",780.0,,10000000-0000-0000-0000-000000000001,Food,Expense,Cash
a87338c1-d2f7-4fcc-9650-f1aa96c3df84,1695301138072,"2023-09-21 18:28:58",680.0,,6b86fb91-20d2-4296-8fc0-11af8f5db354,Brewery,Expense,Cash
8c4123d8-ab53-4f37-9d0e-984eff9db685,1695301138072,"2023-09-21 18:28:58",410.0,,02380fa8-41a8-43fa-8e7b-2a579cfacfc2,Toxicity,Expense,Cash
51537552-b43b-496e-927a-d21a71afe86a,1695221985855,"2023-09-20 20:29:45",320.0,,02380fa8-41a8-43fa-8e7b-2a579cfacfc2,Toxicity,Expense,Cash
485e14ac-715d-4569-ab14-49cae6fda9bb,1695208373452,"2023-09-20 16:42:53",240.0,,02380fa8-41a8-43fa-8e7b-2a579cfacfc2,Toxicity,Expense,Cash
270293fd-807f-4020-b6a2-b1a684bf8e94,1695183674862,"2023-09-20 09:51:14",320.0,,02380fa8-41a8-43fa-8e7b-2a579cfacfc2,Toxicity,Expense,Cash
d81e38f7-dd0d-40b2-9bb8-eaf3060a070f,1695134341421,"2023-09-19 20:09:01",280.0,,02380fa8-41a8-43fa-8e7b-2a579cfacfc2,Toxicity,Expense,Cash
c765dd64-6c09-44ab-98b5-93f7bef7a4a0,1695134341421,"2023-09-19 20:09:01",1500.0,,968edc2b-7a45-41ec-8be9-e213be5528f8,Fuel,Expense,Cash
1b0d16be-b620-4484-9f4f-7ea4e3776502,1695122116607,"2023-09-19 16:45:16",240.0,,02380fa8-41a8-43fa-8e7b-2a579cfacfc2,Toxicity,Expense,Cash
bef01ff5-410f-431f-8041-db0d8062edf4,1695122116607,"2023-09-19 16:45:16",150.0,,10000000-0000-0000-0000-000000000003,Car,Expense,Cash
8ecb7e2c-8edb-44b9-aa7f-f7caddda582b,1695116086422,"2023-09-19 15:04:46",580.0,,02380fa8-41a8-43fa-8e7b-2a579cfacfc2,Toxicity,Expense,Cash
355ca09c-4680-4445-b326-a3c15f9389a0,1695116086422,"2023-09-19 15:04:46",59500.0,,10000000-0000-0000-0000-000000000003,Car,Expense,Cash
5f75e7fe-8431-4a34-a8cd-765d8c751041,1695039170977,"2023-09-18 17:42:50",260.0,,02380fa8-41a8-43fa-8e7b-2a579cfacfc2,Toxicity,Expense,Cash
49754ab7-6d55-4853-88b9-419be36bb803,1695039170977,"2023-09-18 17:42:50",680.0,,10000000-0000-0000-0000-000000000001,Food,Expense,Cash
e5be87f2-a196-42f6-a622-3852ff6b407c,1694920978742,"2023-09-17 08:52:58",320.0,,02380fa8-41a8-43fa-8e7b-2a579cfacfc2,Toxicity,Expense,Cash
91f1878a-5978-4293-b4c3-6110dd4469e6,1694920978742,"2023-09-17 08:52:58",260.0,,02380fa8-41a8-43fa-8e7b-2a579cfacfc2,Toxicity,Expense,Cash
ebe0613a-b655-4fce-8192-048c67e065be,1694749596173,"2023-09-15 09:16:36",800.0,,10000000-0000-0000-0000-000000000004,"Eating out",Expense,Cash
17eb37b3-7fc8-4242-93da-a780a7d40849,1694749596173,"2023-09-15 09:16:36",1200.0,,02380fa8-41a8-43fa-8e7b-2a579cfacfc2,Toxicity,Expense,Cash
54179d87-b221-4970-9ea8-87f4ec386770,1694735770804,"2023-09-15 05:26:10",300.0,,02380fa8-41a8-43fa-8e7b-2a579cfacfc2,Toxicity,Expense,Cash
f95953c5-bd2e-4c6c-8072-85879895533f,1694735770804,"2023-09-15 05:26:10",200.0,,6b86fb91-20d2-4296-8fc0-11af8f5db354,Brewery,Expense,Cash
92d38ef8-ad1a-4d18-bbf5-c9d0e08c9923,1694712729490,"2023-09-14 23:02:09",280.0,,02380fa8-41a8-43fa-8e7b-2a579cfacfc2,Toxicity,Expense,Cash
26a862fd-5aae-4720-8bef-4654632f79ca,1694659179268,"2023-09-14 08:09:39",240.0,,02380fa8-41a8-43fa-8e7b-2a579cfacfc2,Toxicity,Expense,Cash
21695106-90e9-4554-b46e-aedb4d142aed,1694611563539,"2023-09-13 18:56:03",200.0,,10000000-0000-0000-0000-000000000001,Food,Expense,Cash
4bd6283f-72de-4aa5-a823-35272d92dc94,1694573925998,"2023-09-13 08:28:45",1200.0,,02380fa8-41a8-43fa-8e7b-2a579cfacfc2,Toxicity,Expense,Cash
77188bd8-3732-4bb1-9689-ac1815573db9,1694532698068,"2023-09-12 21:01:38",15000.0,,10000000-0000-0000-0000-000000000003,Car,Expense,Cash
e1420f00-e8cc-41a2-8331-7404eddbf26a,1694532698068,"2023-09-12 21:01:38",320.0,,02380fa8-41a8-43fa-8e7b-2a579cfacfc2,Toxicity,Expense,Cash
a5b282f8-e7dc-4005-a041-0f5e3d5dd682,1694497867886,"2023-09-12 11:21:07",260.0,,02380fa8-41a8-43fa-8e7b-2a579cfacfc2,Toxicity,Expense,Cash
8711094e-36da-4161-8f6b-1072b5427ce2,1694497867886,"2023-09-12 11:21:07",6000.0,,10000000-0000-0000-0000-000000000003,Car,Expense,Cash
b6af3623-06bd-4992-8191-2db2fbb02c77,1694428706760,"2023-09-11 16:08:26",240.0,,02380fa8-41a8-43fa-8e7b-2a579cfacfc2,Toxicity,Expense,Cash
5d62987e-3d86-4e15-81ea-8bf0e5cf80ac,1694352951703,"2023-09-10 19:05:51",240.0,,02380fa8-41a8-43fa-8e7b-2a579cfacfc2,Toxicity,Expense,Cash
c9fa39fc-485f-4359-b2ef-4aeb6aa5dbf5,1694310113716,"2023-09-10 07:11:53",260.0,,02380fa8-41a8-43fa-8e7b-2a579cfacfc2,Toxicity,Expense,Cash
22facfa3-917b-4dbf-8c92-9272821218ed,1694223713716,"2023-09-09 07:11:53",260.0,,02380fa8-41a8-43fa-8e7b-2a579cfacfc2,Toxicity,Expense,Cash
6c0efc44-b4f4-407f-bcbc-6672e9e7b416,1694195450079,"2023-09-08 23:20:50",320.0,,02380fa8-41a8-43fa-8e7b-2a579cfacfc2,Toxicity,Expense,Cash
db853d91-3bd6-4128-9fd8-fc004efb765a,1694163309841,"2023-09-08 14:25:09",240.0,,02380fa8-41a8-43fa-8e7b-2a579cfacfc2,Toxicity,Expense,Cash
2f648aa8-2a86-4c05-b318-d81852dda1ea,1694163309841,"2023-09-08 14:25:09",280.0,,02380fa8-41a8-43fa-8e7b-2a579cfacfc2,Toxicity,Expense,Cash
e3e48173-a1ab-4b8b-8e39-91f243bec179,1694092549980,"2023-09-07 18:45:49",41830.0,,10000000-0000-0000-0000-000000000002,House,Expense,Cash
48d8a88b-e049-41fe-9015-672ebf385477,1694092549980,"2023-09-07 18:45:49",20000.0,,10000000-0000-0000-0000-000000000011,Deposits,Income,Cash
ba4dead9-3c72-4209-afde-0c5ff7067fdf,1694016105183,"2023-09-06 21:31:45",14990.0,Hotstar,10000000-0000-0000-0000-000000000007,Entertainment,Expense,Cash
69d88f86-b07c-4dab-a71a-70c3c5fd3ee5,1693985519342,"2023-09-06 13:01:59",280.0,,02380fa8-41a8-43fa-8e7b-2a579cfacfc2,Toxicity,Expense,Cash
35ffe582-2b99-40e7-9f9e-ecec2bb2813c,1693985519342,"2023-09-06 13:01:59",1700.0,,10000000-0000-0000-0000-000000000001,Food,Expense,Cash
60b86d50-582a-4405-81b3-e8caacacaf44,1693837321645,"2023-09-04 19:52:01",150.0,,02380fa8-41a8-43fa-8e7b-2a579cfacfc2,Toxicity,Expense,Cash
f884f0a2-1055-4531-966b-162398bf2bb4,1693789885240,"2023-09-04 06:41:25",240.0,,02380fa8-41a8-43fa-8e7b-2a579cfacfc2,Toxicity,Expense,Cash
07426ec4-a3e9-4fe1-9e5b-10b8d31d3ea8,1693717060894,"2023-09-03 10:27:40",150.0,,02380fa8-41a8-43fa-8e7b-2a579cfacfc2,Toxicity,Expense,Cash
69951f4c-1a4d-4d6b-bfdc-52ee6a31ad0c,1693653976747,"2023-09-02 16:56:16",280.0,,02380fa8-41a8-43fa-8e7b-2a579cfacfc2,Toxicity,Expense,Cash
95f34015-7136-4826-b195-23e2c85a69da,1693576501628,"2023-09-01 19:25:01",140.0,,02380fa8-41a8-43fa-8e7b-2a579cfacfc2,Toxicity,Expense,Cash
77c1e057-ef86-4231-9840-2bc4c87d3b94,1693565491683,"2023-09-01 16:21:31",15590.0,"Recharge ",10000000-0000-0000-0000-000000000002,House,Expense,Cash
07f15761-7409-409b-8207-4d46b1f7a874,1693479091683,"2023-08-31 16:21:31",1200.0,,02380fa8-41a8-43fa-8e7b-2a579cfacfc2,Toxicity,Expense,Cash
1be4eec2-8684-45be-91cd-d50fd5e951d0,1693392691683,"2023-08-30 16:21:31",600.0,,02380fa8-41a8-43fa-8e7b-2a579cfacfc2,Toxicity,Expense,Cash
a3f937ea-e28e-4c39-b16a-676c44c270cf,1693294673195,"2023-08-29 13:07:53",700.0,,6b86fb91-20d2-4296-8fc0-11af8f5db354,Brewery,Expense,Cash
196325ca-0b67-4c47-a1b4-979783e9cdc0,1693292096508,"2023-08-29 12:24:56",350.0,,02380fa8-41a8-43fa-8e7b-2a579cfacfc2,Toxicity,Expense,Cash
509d29a9-7870-472f-9676-26426111050f,1693288460795,"2023-08-29 11:24:20",300.0,,02380fa8-41a8-43fa-8e7b-2a579cfacfc2,Toxicity,Expense,Cash
16cf1456-c193-4cb0-9768-0f2ad849c020,1693288460795,"2023-08-29 11:24:20",650.0,,10000000-0000-0000-0000-000000000004,"Eating out",Expense,Cash
cf7205cf-b81e-4023-b93a-ce8bfa5fe125,1693288460795,"2023-08-29 11:24:20",800.0,,6b86fb91-20d2-4296-8fc0-11af8f5db354,Brewery,Expense,Cash
ccfd5b7f-984f-4f89-ba62-d9067437c135,1693288460795,"2023-08-29 11:24:20",900.0,,10000000-0000-0000-0000-000000000004,"Eating out",Expense,Cash
35ad3545-0f32-4c23-b153-46af197d8893,1693202060795,"2023-08-28 11:24:20",300.0,,02380fa8-41a8-43fa-8e7b-2a579cfacfc2,Toxicity,Expense,Cash
e46bfa00-5e42-47b1-9dd5-7ffc25eef79e,1693202060795,"2023-08-28 11:24:20",1650.0,,10000000-0000-0000-0000-000000000001,Food,Expense,Cash
446b6df1-c423-46f6-be0b-14ddaeb1cd9c,1693154989973,"2023-08-27 22:19:49",40000.0,,10000000-0000-0000-0000-000000000011,Deposits,Income,Cash
90384f37-1691-4227-99ac-41fd67e8f475,1693126327866,"2023-08-27 14:22:07",1200.0,,02380fa8-41a8-43fa-8e7b-2a579cfacfc2,Toxicity,Expense,Cash
6bc0cb47-39df-43bd-9f3f-fbeb7879eca5,1693106853786,"2023-08-27 08:57:33",300.0,,02380fa8-41a8-43fa-8e7b-2a579cfacfc2,Toxicity,Expense,Cash
1f806388-5d9c-4a9c-80ea-89ce78b963dd,1693025873379,"2023-08-26 10:27:53",1200.0,,02380fa8-41a8-43fa-8e7b-2a579cfacfc2,Toxicity,Expense,Cash
410cf012-4ce2-4f35-8f72-4475740b8a41,1692976858444,"2023-08-25 20:50:58",3000.0,,10000000-0000-0000-0000-000000000002,House,Expense,Cash
87567953-7c55-4ad5-96b1-264601faf9d4,1692965798982,"2023-08-25 17:46:38",5000.0,,10000000-0000-0000-0000-000000000011,Deposits,Income,Cash
6c7be62e-ff9a-43da-ae60-1828284438b3,1692933260022,"2023-08-25 08:44:20",940.0,,02380fa8-41a8-43fa-8e7b-2a579cfacfc2,Toxicity,Expense,Cash
17b08ec4-243c-44d5-b862-adf7cd6eca97,1692543212183,"2023-08-20 20:23:32",1200.0,,02380fa8-41a8-43fa-8e7b-2a579cfacfc2,Toxicity,Expense,Cash
aef7597c-6720-4674-a9bc-53b4b56acb78,1692465592664,"2023-08-19 22:49:52",2400.0,,02380fa8-41a8-43fa-8e7b-2a579cfacfc2,Toxicity,Expense,Cash
5582e780-6712-420e-9945-df1d3509e819,1692428593288,"2023-08-19 12:33:13",10000.0,,10000000-0000-0000-0000-000000000011,Deposits,Income,Cash
4ea80bd1-372b-4ad0-bf06-ee1c1262885c,1692375185172,"2023-08-18 21:43:05",16990.0,,10000000-0000-0000-0000-000000000002,House,Expense,Cash
460f30e0-8495-4613-a6e4-0ccc68607a19,1692375185172,"2023-08-18 21:43:05",1200.0,,02380fa8-41a8-43fa-8e7b-2a579cfacfc2,Toxicity,Expense,Cash
29fd8190-5ce6-48db-8010-02f34e89f817,1692274960991,"2023-08-17 17:52:40",1200.0,,02380fa8-41a8-43fa-8e7b-2a579cfacfc2,Toxicity,Expense,Cash
0596a4ae-6265-4f83-bd54-77eb4c2b3c41,1692102554444,"2023-08-15 17:59:14",300.0,,02380fa8-41a8-43fa-8e7b-2a579cfacfc2,Toxicity,Expense,Cash
e9c45591-1af9-4c58-93a7-eb22c0617f8e,1692102554444,"2023-08-15 17:59:14",1200.0,,02380fa8-41a8-43fa-8e7b-2a579cfacfc2,Toxicity,Expense,Cash
ead4c477-29c6-475f-83aa-3af6cbe24319,1692102554444,"2023-08-15 17:59:14",1600.0,,10000000-0000-0000-0000-000000000001,Food,Expense,Cash
1155c600-4d01-4f71-9c74-7ca0c00e50b4,1692018073052,"2023-08-14 18:31:13",560.0,,6b86fb91-20d2-4296-8fc0-11af8f5db354,Brewery,Expense,Cash
3563244c-fcc5-401e-97bd-268fbb7f0162,1692018073052,"2023-08-14 18:31:13",2000.0,,10000000-0000-0000-0000-000000000002,House,Expense,Cash
5bd353f2-4d49-48b5-9ee2-e0b20baf98e0,1692016830098,"2023-08-14 18:10:30",300.0,,02380fa8-41a8-43fa-8e7b-2a579cfacfc2,Toxicity,Expense,Cash
aa877f71-85a9-495a-bb54-02ff85fb685c,1691940490459,"2023-08-13 20:58:10",1620.0,,10000000-0000-0000-0000-000000000001,Food,Expense,Cash
62e83e83-d4ba-4b96-9771-e21086d6f7e5,1691939075655,"2023-08-13 20:34:35",1200.0,,02380fa8-41a8-43fa-8e7b-2a579cfacfc2,Toxicity,Expense,Cash
6f6e10b9-48c0-435f-8611-8e42f45122df,1691939075655,"2023-08-13 20:34:35",2520.0,,10000000-0000-0000-0000-000000000004,"Eating out",Expense,Cash
c4421ca1-82c4-4514-a4ea-d5c98041e3c7,1691896882260,"2023-08-13 08:51:22",1200.0,,02380fa8-41a8-43fa-8e7b-2a579cfacfc2,Toxicity,Expense,Cash
aea61937-2d8b-429d-a1c7-ab589d7336cc,1691896882260,"2023-08-13 08:51:22",560.0,,10000000-0000-0000-0000-000000000001,Food,Expense,Cash
2a0f7b1e-5685-4a1f-aabf-dc7e14c521cc,1691848974764,"2023-08-12 19:32:54",1200.0,,02380fa8-41a8-43fa-8e7b-2a579cfacfc2,Toxicity,Expense,Cash
128aa040-d6c5-414a-a975-3227684f4710,1691848974764,"2023-08-12 19:32:54",280.0,,10000000-0000-0000-0000-000000000001,Food,Expense,Cash
589ed635-dc8b-4f74-bc49-2ca11d01ff13,1691759209906,"2023-08-11 18:36:49",840.0,,6b86fb91-20d2-4296-8fc0-11af8f5db354,Brewery,Expense,Cash
bb0505f5-8902-40b7-a301-d657dcb723f6,1691738578713,"2023-08-11 12:52:58",1200.0,,02380fa8-41a8-43fa-8e7b-2a579cfacfc2,Toxicity,Expense,Cash
13738855-ca63-4fd4-bb67-f3be194f0645,1691679212183,"2023-08-10 20:23:32",41960.0,Rent,10000000-0000-0000-0000-000000000002,House,Expense,Cash
d567da4b-97ed-41e5-a609-c1e141f6701f,1691588706837,"2023-08-09 19:15:06",280.0,,10000000-0000-0000-0000-000000000001,Food,Expense,Cash
f04401c6-8409-4b22-864a-80a622c4f8b5,1691588699909,"2023-08-09 19:14:59",240.0,,02380fa8-41a8-43fa-8e7b-2a579cfacfc2,Toxicity,Expense,Cash
fa339e65-55c3-4c07-bd18-70830fa7bc61,1691421796069,"2023-08-07 20:53:16",1200.0,,02380fa8-41a8-43fa-8e7b-2a579cfacfc2,Toxicity,Expense,Cash
1f64bec9-8b08-40b7-b763-2967c6864fe7,1691294098323,"2023-08-06 09:24:58",1200.0,,02380fa8-41a8-43fa-8e7b-2a579cfacfc2,Toxicity,Expense,Cash
617151e4-1ff0-453f-807a-2e2aec583b01,1691237629836,"2023-08-05 17:43:49",200.0,,02380fa8-41a8-43fa-8e7b-2a579cfacfc2,Toxicity,Expense,Cash
f280dce0-9b5f-41c5-ac7c-d3eda713afc2,1691207483448,"2023-08-05 09:21:23",240.0,,02380fa8-41a8-43fa-8e7b-2a579cfacfc2,Toxicity,Expense,Cash
85ce1ca8-1827-4cd2-96a4-c2af38ec1225,1691167144104,"2023-08-04 22:09:04",2950.0,,10000000-0000-0000-0000-000000000004,"Eating out",Expense,Cash
c69252e5-a233-475c-98c7-7f16a3fa9f45,1691067381627,"2023-08-03 18:26:21",3100.0,,10000000-0000-0000-0000-000000000002,House,Expense,Cash
a88da536-cf3a-4e6b-969c-26b43541eb5a,1691062974382,"2023-08-03 17:12:54",1200.0,,02380fa8-41a8-43fa-8e7b-2a579cfacfc2,Toxicity,Expense,Cash
6b69c9c4-84f0-442c-8269-3847f562a5b6,1691062974382,"2023-08-03 17:12:54",1000.0,"Haircut ",10000000-0000-0000-0000-000000000002,House,Expense,Cash
516796d7-f1a9-47d7-b629-ad670781b6c3,1691003614246,"2023-08-03 00:43:34",2000.0,,10000000-0000-0000-0000-000000000007,Entertainment,Expense,Cash
c580edfd-a556-4b10-bc59-06555a035f6a,1690966616418,"2023-08-02 14:26:56",1200.0,,02380fa8-41a8-43fa-8e7b-2a579cfacfc2,Toxicity,Expense,Cash
7b564630-9016-4050-a744-068ba3076ca1,1690966616418,"2023-08-02 14:26:56",700.0,,10000000-0000-0000-0000-000000000001,Food,Expense,Cash
fa1de216-0c4d-458b-a8b9-c0dc3917b93d,1690915426838,"2023-08-02 00:13:46",3200.0,,10000000-0000-0000-0000-000000000007,Entertainment,Expense,Cash
55ce5fc9-e962-428f-a6db-4e53358b24f9,1690891195004,"2023-08-01 17:29:55",1200.0,,02380fa8-41a8-43fa-8e7b-2a579cfacfc2,Toxicity,Expense,Cash
e19f97d7-7d5a-4fff-9086-a324247f4b21,1690807625585,"2023-07-31 18:17:05",1200.0,,02380fa8-41a8-43fa-8e7b-2a579cfacfc2,Toxicity,Expense,Cash
26fbabb8-e44c-4980-90dc-df2d6db6cc90,1690779327830,"2023-07-31 10:25:27",240.0,,02380fa8-41a8-43fa-8e7b-2a579cfacfc2,Toxicity,Expense,Cash
eb7a4630-c9bd-4f08-8e59-54e44285bc33,1690768772288,"2023-07-31 07:29:32",120.0,,02380fa8-41a8-43fa-8e7b-2a579cfacfc2,Toxicity,Expense,Cash
0eebd8f2-ab03-4524-9423-2a381e92edb9,1690768772288,"2023-07-31 07:29:32",840.0,,10000000-0000-0000-0000-000000000001,Food,Expense,Cash
4dbeb2fe-9b86-4691-83de-53f29e5a4e71,1690702816743,"2023-07-30 13:10:16",64900.0,,10000000-0000-0000-0000-000000000002,House,Expense,Cash
86d58b7e-3ff8-4a5f-badd-74c64b662dcb,1690702816743,"2023-07-30 13:10:16",1600.0,,10000000-0000-0000-0000-000000000001,Food,Expense,Cash
228bd003-4f1d-4c62-a53c-6ad63e04b712,1690694406895,"2023-07-30 10:50:06",560.0,,10000000-0000-0000-0000-000000000001,Food,Expense,Cash
ba838cb6-190b-4d57-b071-80f3429162fc,1690632014283,"2023-07-29 17:30:14",1200.0,,02380fa8-41a8-43fa-8e7b-2a579cfacfc2,Toxicity,Expense,Cash
798669e9-8c2e-4607-9488-96a95b27e936,1690606462113,"2023-07-29 10:24:22",80.0,,10000000-0000-0000-0000-000000000002,House,Expense,Cash
f4dc554d-1e9a-4707-a4a5-fe48c986459c,1690553384596,"2023-07-28 19:39:44",200.0,,6b86fb91-20d2-4296-8fc0-11af8f5db354,Brewery,Expense,Cash
d21b449b-c580-4179-848d-c4554d578e04,1690479643240,"2023-07-27 23:10:43",200.0,,10000000-0000-0000-0000-000000000004,"Eating out",Expense,Cash
55778b5a-5bee-4928-9f46-e4059a3e70ad,1690456687984,"2023-07-27 16:48:07",450.0,,10000000-0000-0000-0000-000000000005,Transport,Expense,Cash
494dd7ca-7577-405e-8927-d95d499cc650,1690456687984,"2023-07-27 16:48:07",420.0,,10000000-0000-0000-0000-000000000005,Transport,Expense,Cash
94f1ae61-cf24-4dc6-891b-5296bc018ea4,1690452429101,"2023-07-27 15:37:09",130.0,,02380fa8-41a8-43fa-8e7b-2a579cfacfc2,Toxicity,Expense,Cash
b768aeb4-b9d2-4355-820e-1accc6e31425,1690452429101,"2023-07-27 15:37:09",120.0,,6b86fb91-20d2-4296-8fc0-11af8f5db354,Brewery,Expense,Cash
376f4c1c-9c46-49d2-9eee-88fea60593c9,1690437025841,"2023-07-27 11:20:25",500.0,,10000000-0000-0000-0000-000000000004,"Eating out",Expense,Cash
3708e72e-ff04-4918-b7be-840734652e4f,1690437025841,"2023-07-27 11:20:25",1200.0,,02380fa8-41a8-43fa-8e7b-2a579cfacfc2,Toxicity,Expense,Cash
ca67abc1-d9c7-4fcc-b843-72af4459d266,1690401777702,"2023-07-27 01:32:57",2530.0,,10000000-0000-0000-0000-000000000005,Transport,Expense,Cash
93c4067a-860e-4fe1-9e80-fab8edab2fa7,1690376395746,"2023-07-26 18:29:55",1200.0,,02380fa8-41a8-43fa-8e7b-2a579cfacfc2,Toxicity,Expense,Cash
2d3f01d9-dbe7-49a2-9db1-b3532fad79cb,1690363566321,"2023-07-26 14:56:06",1200.0,,02380fa8-41a8-43fa-8e7b-2a579cfacfc2,Toxicity,Expense,Cash
f58f31f6-7d89-4711-af9e-d8fcec7fb513,1690355760100,"2023-07-26 12:46:00",190.0,,02380fa8-41a8-43fa-8e7b-2a579cfacfc2,Toxicity,Expense,Cash
77e4c378-5b9f-4e5e-86b3-9a4d91535a60,1690355760100,"2023-07-26 12:46:00",1200.0,,02380fa8-41a8-43fa-8e7b-2a579cfacfc2,Toxicity,Expense,Cash
3d87c342-e964-4311-b10c-0971346445f1,1690355760100,"2023-07-26 12:46:00",150.0,,6b86fb91-20d2-4296-8fc0-11af8f5db354,Brewery,Expense,Cash
119a5f80-0f4f-4149-815d-85cc6f772cd9,1690276014404,"2023-07-25 14:36:54",280.0,,02380fa8-41a8-43fa-8e7b-2a579cfacfc2,Toxicity,Expense,Cash
c4e53dde-0ed4-41ea-8605-199f766ad176,1690179307877,"2023-07-24 11:45:07",150.0,,6b86fb91-20d2-4296-8fc0-11af8f5db354,Brewery,Expense,Cash
803fc9b5-becb-4dda-8643-06c2c028a4a0,1690178237177,"2023-07-24 11:27:17",280.0,,02380fa8-41a8-43fa-8e7b-2a579cfacfc2,Toxicity,Expense,Cash
6c5a01ed-155e-4984-9ece-a02211b17a4d,1689577723639,"2023-07-17 12:38:43",300.0,,6b86fb91-20d2-4296-8fc0-11af8f5db354,Brewery,Expense,Cash
4ac58a5d-756e-4448-9f58-9c78295f64b8,1689577723639,"2023-07-17 12:38:43",320.0,,02380fa8-41a8-43fa-8e7b-2a579cfacfc2,Toxicity,Expense,Cash
6026f271-1d68-4889-bcf1-86a14fd1003f,1689566094498,"2023-07-17 09:24:54",5670.0,,968edc2b-7a45-41ec-8be9-e213be5528f8,Fuel,Expense,Cash
ac74777b-94f1-43ca-be0d-e78bb0bf91b2,1689318542611,"2023-07-14 12:39:02",200.0,,6b86fb91-20d2-4296-8fc0-11af8f5db354,Brewery,Expense,Cash
e40f9ead-cb0c-44be-9309-18f0191beb72,1689081397032,"2023-07-11 18:46:37",1000.0,,10000000-0000-0000-0000-000000000004,"Eating out",Expense,Cash
45592faa-b7cd-40b0-9c13-080ff50d4f42,1689013453341,"2023-07-10 23:54:13",1200.0,,02380fa8-41a8-43fa-8e7b-2a579cfacfc2,Toxicity,Expense,Cash
4d8aefab-daf9-40a5-b47d-3ea1404d70f4,1688902184955,"2023-07-09 16:59:44",700.0,,10000000-0000-0000-0000-000000000001,Food,Expense,Cash
9a54a3f4-aae5-4f55-8129-4e0e4bbff70e,1688901081788,"2023-07-09 16:41:21",1200.0,,02380fa8-41a8-43fa-8e7b-2a579cfacfc2,Toxicity,Expense,Cash
438b71b3-e6b2-48db-a5ae-7d5de7164f4f,1688901081788,"2023-07-09 16:41:21",600.0,,10000000-0000-0000-0000-000000000004,"Eating out",Expense,Cash
00c6af37-2f2b-45bf-8b6a-45cc6c56d59a,1688901081788,"2023-07-09 16:41:21",350.0,,10000000-0000-0000-0000-000000000001,Food,Expense,Cash
2892243e-9109-47b9-8d25-439e03a60a78,1688822803678,"2023-07-08 18:56:43",1200.0,,02380fa8-41a8-43fa-8e7b-2a579cfacfc2,Toxicity,Expense,Cash
02262e1c-4982-4fa6-ad2b-f4d3d56ccefd,1688822803678,"2023-07-08 18:56:43",300.0,,10000000-0000-0000-0000-000000000001,Food,Expense,Cash
053ebdd2-d1ab-4221-b9b9-9ee3466ea662,1688820714768,"2023-07-08 18:21:54",400.0,,6b86fb91-20d2-4296-8fc0-11af8f5db354,Brewery,Expense,Cash
e3657dc9-b38e-4428-b434-ff8684f10541,1688817614283,"2023-07-08 17:30:14",20000.0,,10000000-0000-0000-0000-000000000011,Deposits,Income,Cash
9450b8c9-d3f6-4ff8-bbc3-380f02e1852e,1688801948625,"2023-07-08 13:09:08",1200.0,,02380fa8-41a8-43fa-8e7b-2a579cfacfc2,Toxicity,Expense,Cash
4a21167c-7f62-47e9-a51d-bbee38490ae2,1688751724891,"2023-07-07 23:12:04",1200.0,,02380fa8-41a8-43fa-8e7b-2a579cfacfc2,Toxicity,Expense,Cash
88fb7797-c545-4df6-b8d6-a8dce5065964,1688741951754,"2023-07-07 20:29:11",360.0,,10000000-0000-0000-0000-000000000001,Food,Expense,Cash
3f29c444-e7c3-403b-922f-e3284f74fa83,1688740606436,"2023-07-07 20:06:46",700.0,,10000000-0000-0000-0000-000000000001,Food,Expense,Cash
63495a06-b5f2-4c96-9661-648ab0f77be7,1688740606436,"2023-07-07 20:06:46",640.0,,10000000-0000-0000-0000-000000000001,Food,Expense,Cash
a9f4f1db-1d1a-462f-a8c8-25a16fa51418,1688661329872,"2023-07-06 22:05:29",700.0,,10000000-0000-0000-0000-000000000004,"Eating out",Expense,Cash
cac7b022-3293-4769-8102-3b164f6cccca,1688661329872,"2023-07-06 22:05:29",1540.0,,10000000-0000-0000-0000-000000000004,"Eating out",Expense,Cash
0d64f2eb-27d3-4a9f-8250-d89ee3f6e73e,1688661329872,"2023-07-06 22:05:29",1200.0,,02380fa8-41a8-43fa-8e7b-2a579cfacfc2,Toxicity,Expense,Cash
ec436cdb-02ab-4093-b259-328eac86eb5c,1688660029518,"2023-07-06 21:43:49",520.0,,10000000-0000-0000-0000-000000000004,"Eating out",Expense,Cash
aaf9bb78-65b8-4c1c-9806-bd1e0ef19221,1688583677505,"2023-07-06 00:31:17",1200.0,,02380fa8-41a8-43fa-8e7b-2a579cfacfc2,Toxicity,Expense,Cash
e6b1a75d-fc53-4a7a-adc9-866697551839,1688575977277,"2023-07-05 22:22:57",260.0,,02380fa8-41a8-43fa-8e7b-2a579cfacfc2,Toxicity,Expense,Cash
c3ac5a63-16de-41c8-a74b-5cac12f4ccf8,1688575262960,"2023-07-05 22:11:02",1750.0,,10000000-0000-0000-0000-000000000004,"Eating out",Expense,Cash
2985ec58-33e1-4656-a1a6-e76e60c87a2f,1688503247261,"2023-07-05 02:10:47",1300.0,,02380fa8-41a8-43fa-8e7b-2a579cfacfc2,Toxicity,Expense,Cash
17c7fec0-bf0b-49c9-9460-bfa0f220217c,1688503247261,"2023-07-05 02:10:47",2770.0,,10000000-0000-0000-0000-000000000004,"Eating out",Expense,Cash
b4d90eff-4452-457e-9c05-eea94b3d6f55,1688487679557,"2023-07-04 21:51:19",7600.0,,02380fa8-41a8-43fa-8e7b-2a579cfacfc2,Toxicity,Expense,Cash
92fbaddd-aa85-416f-be48-25dc63b38cd9,1688479172179,"2023-07-04 19:29:32",100.0,,02380fa8-41a8-43fa-8e7b-2a579cfacfc2,Toxicity,Expense,Cash
1e4e2e4b-c799-49ff-bae8-38ba3adfa155,1688479172179,"2023-07-04 19:29:32",400.0,,6b86fb91-20d2-4296-8fc0-11af8f5db354,Brewery,Expense,Cash
26c73bec-f4bd-4466-8a1c-50a5e0a5925d,1688474960885,"2023-07-04 18:19:20",1200.0,,02380fa8-41a8-43fa-8e7b-2a579cfacfc2,Toxicity,Expense,Cash
9c6ff7a0-b94d-4775-9758-c4a8e3986c39,1688474956650,"2023-07-04 18:19:16",300.0,,6b86fb91-20d2-4296-8fc0-11af8f5db354,Brewery,Expense,Cash
6b26a930-bc01-43cc-b804-025b3a8cfbe4,1688460398413,"2023-07-04 14:16:38",1200.0,,02380fa8-41a8-43fa-8e7b-2a579cfacfc2,Toxicity,Expense,Cash
22219abc-edc6-4e0f-8820-51cd8ccf700b,1688458876975,"2023-07-04 13:51:16",1200.0,,02380fa8-41a8-43fa-8e7b-2a579cfacfc2,Toxicity,Expense,Cash
b62a4565-4d0c-45a8-baa4-3dcd96b8af33,1688454269862,"2023-07-04 12:34:29",5670.0,,968edc2b-7a45-41ec-8be9-e213be5528f8,Fuel,Expense,Cash
5baaed3c-dee9-4188-b2ec-16cbf3a43577,1688454266234,"2023-07-04 12:34:26",1940.0,,10000000-0000-0000-0000-000000000001,Food,Expense,Cash
9b34e888-3741-4fcd-a6e3-07d8f7a47e06,1688362368137,"2023-07-03 11:02:48",2990.0,F1,10000000-0000-0000-0000-000000000002,House,Expense,Cash
c38e6037-d95d-4e58-ae04-968e12064774,1688174773172,"2023-07-01 06:56:13",1510.0,Fastag,10000000-0000-0000-0000-000000000002,House,Expense,Cash
72579868-12e0-420c-8e53-44bc335dfc06,1688174766762,"2023-07-01 06:56:06",900.0,,10000000-0000-0000-0000-000000000004,"Eating out",Expense,Cash
0a1c4086-3c80-48c7-9efb-43bdc39582df,1688019125988,"2023-06-29 11:42:05",5000.0,,10000000-0000-0000-0000-000000000011,Deposits,Income,Cash
cf405d17-ac89-4516-a143-d21e3dfced43,1687858970834,"2023-06-27 15:12:50",1930.0,,10000000-0000-0000-0000-000000000002,House,Expense,Cash
0ee08504-b64d-4237-96e8-50152539eb6b,1687613391730,"2023-06-24 18:59:51",1200.0,,02380fa8-41a8-43fa-8e7b-2a579cfacfc2,Toxicity,Expense,Cash
6c5bad06-b0d7-4faa-8ebf-14860c798416,1687601605391,"2023-06-24 15:43:25",950.0,,10000000-0000-0000-0000-000000000004,"Eating out",Expense,Cash
d647fe50-02c6-458f-9fce-f9868f2b49cb,1687601605391,"2023-06-24 15:43:25",2500.0,Haircut,10000000-0000-0000-0000-000000000002,House,Expense,Cash
f36a8bcd-b515-4779-99b0-1b62b4d0b01d,1687532748397,"2023-06-23 20:35:48",250.0,,6b86fb91-20d2-4296-8fc0-11af8f5db354,Brewery,Expense,Cash
283535f7-0bbf-439b-96d7-88439fa00a93,1687532743949,"2023-06-23 20:35:43",360.0,,02380fa8-41a8-43fa-8e7b-2a579cfacfc2,Toxicity,Expense,Cash
3ebcb504-cfc3-4a66-a4ad-992f5d65be38,1687454726822,"2023-06-22 22:55:26",1200.0,,02380fa8-41a8-43fa-8e7b-2a579cfacfc2,Toxicity,Expense,Cash
662e5206-219b-4ad9-8f07-a41b02d634a6,1687448913105,"2023-06-22 21:18:33",420.0,,10000000-0000-0000-0000-000000000004,"Eating out",Expense,Cash
38730dd0-526f-4a48-bc3c-ff9196fae639,1687448913105,"2023-06-22 21:18:33",4220.0,,10000000-0000-0000-0000-000000000001,Food,Expense,Cash
f812c9fe-6b09-4949-94d5-fdadd984a06a,1687423036911,"2023-06-22 14:07:16",640.0,,02380fa8-41a8-43fa-8e7b-2a579cfacfc2,Toxicity,Expense,Cash
d454b760-63e7-43c2-b892-b58b1b40dc07,1687276113105,"2023-06-20 21:18:33",700.0,,10000000-0000-0000-0000-000000000001,Food,Expense,Cash
6ec9846d-4a06-46dc-b2f8-6167f4f306a9,1687177094235,"2023-06-19 17:48:14",5670.0,,968edc2b-7a45-41ec-8be9-e213be5528f8,Fuel,Expense,Cash
fcf7da41-9f70-4e69-90cf-7ca34c037e03,1686817314447,"2023-06-15 13:51:54",700.0,,6b86fb91-20d2-4296-8fc0-11af8f5db354,Brewery,Expense,Cash
c5d721a3-5956-4cd9-bf41-950e54fa2758,1686477948743,"2023-06-11 15:35:48",450.0,,6b86fb91-20d2-4296-8fc0-11af8f5db354,Brewery,Expense,Cash
4e7b77f7-5603-4481-aec0-e5452f125742,1686208843391,"2023-06-08 12:50:43",20000.0,,10000000-0000-0000-0000-000000000011,Deposits,Income,Cash
94eb663c-adb9-4a05-9073-e48e7635485b,1686208833352,"2023-06-08 12:50:33",43790.0,Rent,10000000-0000-0000-0000-000000000002,House,Expense,Cash
b1799277-09f0-4e6b-8ba4-6816965c775c,1686067954203,"2023-06-06 21:42:34",2550.0,,10000000-0000-0000-0000-000000000002,House,Expense,Cash
cf198760-840a-49ef-8870-c57f537a403d,1685601628928,"2023-06-01 12:10:28",450.0,,10000000-0000-0000-0000-000000000004,"Eating out",Expense,Cash
8785ece5-76d9-449a-9420-dd485e9e7f78,1685539126936,"2023-05-31 18:48:46",2080.0,,10000000-0000-0000-0000-000000000004,"Eating out",Expense,Cash
fbb4071b-6ba5-42f5-ba41-7d2929445475,1685460797794,"2023-05-30 21:03:17",1500.0,,10000000-0000-0000-0000-000000000004,"Eating out",Expense,Cash
cf8c45cf-bac1-481d-b6a6-b936e05d2110,1685460797794,"2023-05-30 21:03:17",2710.0,,10000000-0000-0000-0000-000000000004,"Eating out",Expense,Cash
d83f2b7e-4e18-48cf-bece-f95259b414a4,1685363725101,"2023-05-29 18:05:25",6590.0,,10000000-0000-0000-0000-00000000000b,Clothes,Expense,Cash
47d2cb8f-970b-47ee-bf87-7280cad55619,1685363725101,"2023-05-29 18:05:25",5670.0,,968edc2b-7a45-41ec-8be9-e213be5528f8,Fuel,Expense,Cash
1fdd04a9-cf99-4c31-af51-ee176398018e,1685363725101,"2023-05-29 18:05:25",1480.0,,10000000-0000-0000-0000-000000000002,House,Expense,Cash
27e4ec4e-6fe5-486c-a80a-554fa866df3e,1685363725101,"2023-05-29 18:05:25",1200.0,,02380fa8-41a8-43fa-8e7b-2a579cfacfc2,Toxicity,Expense,Cash
4a8b10d0-c408-4691-a403-ce1ac2189f9d,1685352920607,"2023-05-29 15:05:20",650.0,,02380fa8-41a8-43fa-8e7b-2a579cfacfc2,Toxicity,Expense,Cash
043b4c6c-fbb6-4bfd-8708-4f492c7f0644,1685176308066,"2023-05-27 14:01:48",900.0,,10000000-0000-0000-0000-000000000001,Food,Expense,Cash
c368bc82-921e-46e8-83a2-757ec46d115b,1685107102032,"2023-05-26 18:48:22",600.0,,02380fa8-41a8-43fa-8e7b-2a579cfacfc2,Toxicity,Expense,Cash
aaf42c91-2fc4-4a4d-8568-ab3b07720b56,1685107102032,"2023-05-26 18:48:22",200.0,,6b86fb91-20d2-4296-8fc0-11af8f5db354,Brewery,Expense,Cash
0fb522eb-0dfd-4293-9f81-e8cf94e9e732,1685080561728,"2023-05-26 11:26:01",1200.0,,02380fa8-41a8-43fa-8e7b-2a579cfacfc2,Toxicity,Expense,Cash
aff7b7e4-28ec-4888-8f33-689dff687a1d,1685030659481,"2023-05-25 21:34:19",180.0,,02380fa8-41a8-43fa-8e7b-2a579cfacfc2,Toxicity,Expense,Cash
92791763-fd59-4bb6-a4ed-d83a2049a73d,1685030659481,"2023-05-25 21:34:19",200.0,,6b86fb91-20d2-4296-8fc0-11af8f5db354,Brewery,Expense,Cash
d03737eb-3c89-45b3-8481-6e809aeb3e9e,1685010565645,"2023-05-25 15:59:25",1200.0,,02380fa8-41a8-43fa-8e7b-2a579cfacfc2,Toxicity,Expense,Cash
34b4034d-c5f4-45da-9d58-20412dd27681,1685010565645,"2023-05-25 15:59:25",700.0,,10000000-0000-0000-0000-000000000001,Food,Expense,Cash
fcbb5479-32cf-4b42-8a7e-887e94d2c46e,1685001776518,"2023-05-25 13:32:56",360.0,,10000000-0000-0000-0000-000000000005,Transport,Expense,Cash
bb20ae52-2489-4d3a-aeff-9b729b98154a,1685001776518,"2023-05-25 13:32:56",13000.0,,d71face0-704a-49ff-8c96-9778abb5d2e3,Bike,Expense,Cash
d7719fef-504d-46e5-9198-70d1b5ac4268,1684998571133,"2023-05-25 12:39:31",450.0,,10000000-0000-0000-0000-000000000005,Transport,Expense,Cash
d83f53b3-8ed4-499c-8b41-6b65d33db5ed,1684998571133,"2023-05-25 12:39:31",3400.0,,10000000-0000-0000-0000-000000000001,Food,Expense,Cash
4bd28656-8706-4868-9f03-335fbf91e895,1684951761089,"2023-05-24 23:39:21",1380.0,,02380fa8-41a8-43fa-8e7b-2a579cfacfc2,Toxicity,Expense,Cash
9a98dab8-a989-441e-89d3-019c4b916ad0,1684849071723,"2023-05-23 19:07:51",1200.0,,02380fa8-41a8-43fa-8e7b-2a579cfacfc2,Toxicity,Expense,Cash
2d2833a9-118b-4342-96d5-0582d256b73a,1684849071723,"2023-05-23 19:07:51",200.0,,6b86fb91-20d2-4296-8fc0-11af8f5db354,Brewery,Expense,Cash
28a87cf2-e9f1-4320-bc0b-696c14726dc6,1684849071723,"2023-05-23 19:07:51",450.0,,10000000-0000-0000-0000-000000000004,"Eating out",Expense,Cash
66ad4aed-533b-4152-81db-7e3fa8cbaf46,1684849071723,"2023-05-23 19:07:51",4450.0,,10000000-0000-0000-0000-000000000002,House,Expense,Cash
cd9204d3-12c2-4592-bce0-0896a5a50fe8,1684763925116,"2023-05-22 19:28:45",1200.0,,02380fa8-41a8-43fa-8e7b-2a579cfacfc2,Toxicity,Expense,Cash
9aefb947-a001-4950-9896-6e4218752e90,1684763925116,"2023-05-22 19:28:45",200.0,,6b86fb91-20d2-4296-8fc0-11af8f5db354,Brewery,Expense,Cash
4efad388-c40f-4406-a1bb-e8c5fb88f7ec,1684763925116,"2023-05-22 19:28:45",1000.0,Water,10000000-0000-0000-0000-000000000002,House,Expense,Cash
531bdb5d-bab3-4d94-8592-db6f63eac723,1684763925116,"2023-05-22 19:28:45",5670.0,,968edc2b-7a45-41ec-8be9-e213be5528f8,Fuel,Expense,Cash
5a0ba2a8-fdcd-4d33-8b51-7ac45d6dccb7,1684763925116,"2023-05-22 19:28:45",300.0,,10000000-0000-0000-0000-000000000004,"Eating out",Expense,Cash
6045a963-1e2e-4058-95d9-09adf10d1558,1684734303925,"2023-05-22 11:15:03",500.0,,10000000-0000-0000-0000-000000000004,"Eating out",Expense,Cash
e119ddaf-f3df-4675-a3f6-0e381059d89d,1684734303925,"2023-05-22 11:15:03",990.0,,10000000-0000-0000-0000-000000000002,House,Expense,Cash
6e0302b0-6d23-4f19-b836-c84bd84e1378,1684729424562,"2023-05-22 09:53:44",1200.0,,02380fa8-41a8-43fa-8e7b-2a579cfacfc2,Toxicity,Expense,Cash
136cd2bc-8444-4efd-b1d4-7dbd542583e0,1684714395650,"2023-05-22 05:43:15",200.0,,6b86fb91-20d2-4296-8fc0-11af8f5db354,Brewery,Expense,Cash
2e5d89d0-8a56-4913-9ed8-25ff73dc9b83,1684714391431,"2023-05-22 05:43:11",400.0,,02380fa8-41a8-43fa-8e7b-2a579cfacfc2,Toxicity,Expense,Cash
05f477e6-cfb0-44b0-bd0e-018b2a306380,1684677525116,"2023-05-21 19:28:45",5670.0,,968edc2b-7a45-41ec-8be9-e213be5528f8,Fuel,Expense,Cash
7ee75bc9-767c-4624-88c1-df59f64072be,1684673101300,"2023-05-21 18:15:01",300.0,,02380fa8-41a8-43fa-8e7b-2a579cfacfc2,Toxicity,Expense,Cash
79db1210-6452-4aa0-856b-5f88f87a1696,1684640734249,"2023-05-21 09:15:34",2700.0,,10000000-0000-0000-0000-000000000001,Food,Expense,Cash
ffff03f1-ded9-4991-b1fe-4428fbf54643,1684631952901,"2023-05-21 06:49:12",300.0,,02380fa8-41a8-43fa-8e7b-2a579cfacfc2,Toxicity,Expense,Cash
395b7054-234e-4447-8b50-bcc9f30596fe,1684631952901,"2023-05-21 06:49:12",560.0,,6b86fb91-20d2-4296-8fc0-11af8f5db354,Brewery,Expense,Cash
c6830c63-f586-44d7-bad6-533b658e706b,1684547188627,"2023-05-20 07:16:28",240.0,,02380fa8-41a8-43fa-8e7b-2a579cfacfc2,Toxicity,Expense,Cash
9b9644fd-9b90-495b-afcc-e3c286d2108a,1684547188627,"2023-05-20 07:16:28",560.0,,6b86fb91-20d2-4296-8fc0-11af8f5db354,Brewery,Expense,Cash
8c1d8d68-6785-40f1-804c-a39aea5c4d06,1684516461754,"2023-05-19 22:44:21",1850.0,,10000000-0000-0000-0000-000000000001,Food,Expense,Cash
863a5026-3f6d-45bc-959e-c91bf88384d2,1684516461754,"2023-05-19 22:44:21",300.0,,02380fa8-41a8-43fa-8e7b-2a579cfacfc2,Toxicity,Expense,Cash
fa9d8f21-dc48-4bd1-90f6-bffb43801170,1684463946831,"2023-05-19 08:09:06",120.0,,02380fa8-41a8-43fa-8e7b-2a579cfacfc2,Toxicity,Expense,Cash
2483a41c-29e8-443a-82b8-69192d7b78df,1684408403406,"2023-05-18 16:43:23",300.0,,02380fa8-41a8-43fa-8e7b-2a579cfacfc2,Toxicity,Expense,Cash
10b2bcb0-483b-4f56-8ad1-5c214d564495,1684408403406,"2023-05-18 16:43:23",700.0,,6b86fb91-20d2-4296-8fc0-11af8f5db354,Brewery,Expense,Cash
5ad05d3c-a81a-4ad7-bd71-c4c5c1af3f1e,1684366490813,"2023-05-18 05:04:50",300.0,,02380fa8-41a8-43fa-8e7b-2a579cfacfc2,Toxicity,Expense,Cash
78b50f0a-40f8-4399-a644-0c4ada2cc093,1684347883248,"2023-05-17 23:54:43",12370.0,,10000000-0000-0000-0000-000000000002,House,Expense,Cash
bb175669-099a-4e65-a54e-1f3d87bb844d,1684339198269,"2023-05-17 21:29:58",300.0,,02380fa8-41a8-43fa-8e7b-2a579cfacfc2,Toxicity,Expense,Cash
6fa616ad-f48d-43b5-8fc2-0314a597c9bc,1684252781019,"2023-05-16 21:29:41",300.0,,02380fa8-41a8-43fa-8e7b-2a579cfacfc2,Toxicity,Expense,Cash
79e50df7-546e-4db8-9b88-5fd57ba59d09,1684252781019,"2023-05-16 21:29:41",800.0,,10000000-0000-0000-0000-000000000001,Food,Expense,Cash
85265693-c8fd-42be-bcd3-22324043012b,1684161339081,"2023-05-15 20:05:39",120.0,,02380fa8-41a8-43fa-8e7b-2a579cfacfc2,Toxicity,Expense,Cash
5c747c95-c2c6-48f9-9537-74be3a957486,1684161339081,"2023-05-15 20:05:39",700.0,,10000000-0000-0000-0000-000000000001,Food,Expense,Cash
c7de18c3-2551-4ea7-8966-76193f0660b7,1684107196424,"2023-05-15 05:03:16",300.0,,02380fa8-41a8-43fa-8e7b-2a579cfacfc2,Toxicity,Expense,Cash
917d2ee4-7197-4977-9fe6-f9bc0d02e4ed,1684107196424,"2023-05-15 05:03:16",200.0,,6b86fb91-20d2-4296-8fc0-11af8f5db354,Brewery,Expense,Cash
087275b4-b116-43c8-ac3d-24589dd9ebd2,1684079148563,"2023-05-14 21:15:48",240.0,,02380fa8-41a8-43fa-8e7b-2a579cfacfc2,Toxicity,Expense,Cash
1b66b21e-8852-461a-8d68-cdb9cf13447e,1683990549000,"2023-05-13 20:39:09",240.0,,02380fa8-41a8-43fa-8e7b-2a579cfacfc2,Toxicity,Expense,Cash
6a5c5d27-057d-441f-8638-b65ff4e6b021,1683990549000,"2023-05-13 20:39:09",720.0,,10000000-0000-0000-0000-000000000001,Food,Expense,Cash
024a9412-272a-452c-9369-c70c7b0768ac,1683977944064,"2023-05-13 17:09:04",300.0,,02380fa8-41a8-43fa-8e7b-2a579cfacfc2,Toxicity,Expense,Cash
3439100f-26ab-4d52-b20c-84a5f122628c,1683977944064,"2023-05-13 17:09:04",700.0,,6b86fb91-20d2-4296-8fc0-11af8f5db354,Brewery,Expense,Cash
773b6e8e-001e-49ac-ba34-c1ec982bdd17,1683903788050,"2023-05-12 20:33:08",300.0,,02380fa8-41a8-43fa-8e7b-2a579cfacfc2,Toxicity,Expense,Cash
3445c5d1-ad3f-4f3c-baf7-ad3422125189,1683903788050,"2023-05-12 20:33:08",350.0,,6b86fb91-20d2-4296-8fc0-11af8f5db354,Brewery,Expense,Cash
900d3ddf-1d23-4451-b8d5-a832d0818293,1683822685806,"2023-05-11 22:01:25",240.0,,02380fa8-41a8-43fa-8e7b-2a579cfacfc2,Toxicity,Expense,Cash
e6689c2b-8098-4bc2-ac0c-9d1fa7a03365,1683736891974,"2023-05-10 22:11:31",800.0,,10000000-0000-0000-0000-000000000004,"Eating out",Expense,Cash
85d9c718-f2fa-4383-83c2-d49ce0467c73,1683733893679,"2023-05-10 21:21:33",120.0,,02380fa8-41a8-43fa-8e7b-2a579cfacfc2,Toxicity,Expense,Cash
ef488c0e-c0e3-42c4-9f0f-a031efd8920f,1683716565558,"2023-05-10 16:32:45",360.0,,02380fa8-41a8-43fa-8e7b-2a579cfacfc2,Toxicity,Expense,Cash
6609693c-4a4c-4081-b9de-5837b69831ce,1683646643273,"2023-05-09 21:07:23",300.0,,02380fa8-41a8-43fa-8e7b-2a579cfacfc2,Toxicity,Expense,Cash
4db02931-3e04-4bff-a6d9-1fcb4269f9a2,1683635898471,"2023-05-09 18:08:18",300.0,,02380fa8-41a8-43fa-8e7b-2a579cfacfc2,Toxicity,Expense,Cash
5bc43500-7220-4ef5-8f11-cb1cca5e940c,1683635898471,"2023-05-09 18:08:18",560.0,,6b86fb91-20d2-4296-8fc0-11af8f5db354,Brewery,Expense,Cash
a8e9911d-a4ea-413c-9cff-cc2c4b27769f,1683561886460,"2023-05-08 21:34:46",300.0,,02380fa8-41a8-43fa-8e7b-2a579cfacfc2,Toxicity,Expense,Cash
0ca2087e-aefc-43be-a1c8-941688f6cd3b,1683509570428,"2023-05-08 07:02:50",300.0,,02380fa8-41a8-43fa-8e7b-2a579cfacfc2,Toxicity,Expense,Cash
e406f907-2819-4c9c-b024-3e5542a86e9a,1683509570428,"2023-05-08 07:02:50",630.0,,10000000-0000-0000-0000-000000000001,Food,Expense,Cash
ed2f8065-c227-4dfa-9381-fdf99366f094,1683509570428,"2023-05-08 07:02:50",600.0,,6b86fb91-20d2-4296-8fc0-11af8f5db354,Brewery,Expense,Cash
b6b5cbfa-7f4e-4ad5-893a-66ef5eec514a,1683430153548,"2023-05-07 08:59:13",42620.0,Rent,10000000-0000-0000-0000-000000000002,House,Expense,Cash
29e54720-c803-4eed-99f1-d5a292c04c02,1683336770428,"2023-05-06 07:02:50",200.0,,02380fa8-41a8-43fa-8e7b-2a579cfacfc2,Toxicity,Expense,Cash
a0d60e76-d95e-4b04-85f5-d49b3769325c,1683336770428,"2023-05-06 07:02:50",120.0,,10000000-0000-0000-0000-000000000005,Transport,Expense,Cash
3ef38fb2-c09b-4a31-aa65-5ef531613a30,1683212822568,"2023-05-04 20:37:02",2600.0,,10000000-0000-0000-0000-000000000002,House,Expense,Cash
ebd7cad6-5bb9-43b4-84b2-d00ee6ca82bf,1683212822568,"2023-05-04 20:37:02",500.0,,02380fa8-41a8-43fa-8e7b-2a579cfacfc2,Toxicity,Expense,Cash
78d1dc62-b318-4cc6-bb1e-2b3a8b7ef325,1683133343588,"2023-05-03 22:32:23",200.0,,6b86fb91-20d2-4296-8fc0-11af8f5db354,Brewery,Expense,Cash
c26a5edb-a57e-460d-a700-e70e88b047cc,1683133343588,"2023-05-03 22:32:23",120.0,,02380fa8-41a8-43fa-8e7b-2a579cfacfc2,Toxicity,Expense,Cash
73cc7ab0-5207-4d23-80bd-939f6b134494,1683133343588,"2023-05-03 22:32:23",700.0,,10000000-0000-0000-0000-000000000001,Food,Expense,Cash
b78d45bd-e9d6-49e9-a2e6-9e5976c48e07,1683119281649,"2023-05-03 18:38:01",320.0,,02380fa8-41a8-43fa-8e7b-2a579cfacfc2,Toxicity,Expense,Cash
ca527af6-06fc-462f-a6de-4e1b75234386,1683119281649,"2023-05-03 18:38:01",1000.0,,10000000-0000-0000-0000-000000000004,"Eating out",Expense,Cash
0b6a5d07-b25b-4721-b23d-065ee41d9607,1683119281649,"2023-05-03 18:38:01",5670.0,,968edc2b-7a45-41ec-8be9-e213be5528f8,Fuel,Expense,Cash
3d86c7d2-f995-4fe7-845e-fef46168e6e1,1683113430044,"2023-05-03 17:00:30",280.0,,10000000-0000-0000-0000-000000000001,Food,Expense,Cash
2ed25624-efa0-4a07-8c24-ce757ef8b43e,1683113430044,"2023-05-03 17:00:30",700.0,,10000000-0000-0000-0000-000000000002,House,Expense,Cash
68e8978b-2bf5-42ee-ba20-666e7fa61d11,1683024499122,"2023-05-02 16:18:19",10500.0,"Wheel alignment & Balancing ",10000000-0000-0000-0000-000000000003,Car,Expense,Cash
443e4113-0317-47cc-be38-e97ac24e9864,1683024499122,"2023-05-02 16:18:19",140.0,,02380fa8-41a8-43fa-8e7b-2a579cfacfc2,Toxicity,Expense,Cash
77cf67c0-9b50-4c0c-8c28-1bc40cf4285f,1683024499122,"2023-05-02 16:18:19",1400.0,,10000000-0000-0000-0000-000000000004,"Eating out",Expense,Cash
373fb4d2-ee90-48b9-b753-0c5867b798f5,1683024499122,"2023-05-02 16:18:19",1350.0,,d71face0-704a-49ff-8c96-9778abb5d2e3,Bike,Expense,Cash
4749216a-2d26-4110-8f67-8245fd274d37,1683024499122,"2023-05-02 16:18:19",2000.0,,10000000-0000-0000-0000-000000000002,House,Expense,Cash
0c05094b-d946-48e6-b185-f0491603c923,1683024499122,"2023-05-02 16:18:19",300.0,,02380fa8-41a8-43fa-8e7b-2a579cfacfc2,Toxicity,Expense,Cash
cc6996c7-9b6d-4b88-853d-7d0838bd4404,1683022215299,"2023-05-02 15:40:15",300.0,,02380fa8-41a8-43fa-8e7b-2a579cfacfc2,Toxicity,Expense,Cash
cf89f952-650f-4884-9b1f-fc3d5fcf83b9,1683022205757,"2023-05-02 15:40:05",15000.0,"Service ",10000000-0000-0000-0000-000000000003,Car,Expense,Cash
58fdd1fb-b28e-4788-9cf0-98c35e7414be,1682963404934,"2023-05-01 23:20:04",150.0,,02380fa8-41a8-43fa-8e7b-2a579cfacfc2,Toxicity,Expense,Cash
c85ba5be-8990-4f39-8a25-447e57ee16b7,1682950573989,"2023-05-01 19:46:13",2020.0,,10000000-0000-0000-0000-000000000001,Food,Expense,Cash
b73163bb-9a7e-4ddd-aa50-acf49221ea8a,1682950559731,"2023-05-01 19:45:59",1300.0,,10000000-0000-0000-0000-000000000004,"Eating out",Expense,Cash
f9f1e322-ad54-43eb-8858-c78fe2bfbb97,1682938469202,"2023-05-01 16:24:29",300.0,,02380fa8-41a8-43fa-8e7b-2a579cfacfc2,Toxicity,Expense,Cash
9c73bf9e-5299-4661-87d3-aec4925c7ae1,1682920872485,"2023-05-01 11:31:12",300.0,,02380fa8-41a8-43fa-8e7b-2a579cfacfc2,Toxicity,Expense,Cash
cb0a666d-caf9-4849-9806-a8e7d2059e4a,1682875196017,"2023-04-30 22:49:56",380.0,,02380fa8-41a8-43fa-8e7b-2a579cfacfc2,Toxicity,Expense,Cash
8614b1fe-2a55-4506-81da-5d88dfb6664b,1682861606227,"2023-04-30 19:03:26",300.0,,02380fa8-41a8-43fa-8e7b-2a579cfacfc2,Toxicity,Expense,Cash
016a1c5c-c326-48cc-8e46-66feb7081e15,1682774492301,"2023-04-29 18:51:32",500.0,,02380fa8-41a8-43fa-8e7b-2a579cfacfc2,Toxicity,Expense,Cash
389a72aa-7d92-4ec7-8b63-7eff7b57092d,1682682971838,"2023-04-28 17:26:11",300.0,,02380fa8-41a8-43fa-8e7b-2a579cfacfc2,Toxicity,Expense,Cash
390d236f-f20f-4354-9d7d-86bc39a308df,1682682971838,"2023-04-28 17:26:11",720.0,,6b86fb91-20d2-4296-8fc0-11af8f5db354,Brewery,Expense,Cash
1079bd22-0f21-4969-b587-c73e900ad3c2,1682682971838,"2023-04-28 17:26:11",3000.0,F1,10000000-0000-0000-0000-000000000002,House,Expense,Cash
3245d95b-6be1-4647-bc0d-c360cdcb2ba9,1682612842397,"2023-04-27 21:57:22",300.0,,02380fa8-41a8-43fa-8e7b-2a579cfacfc2,Toxicity,Expense,Cash
c3d69be1-5240-4374-ac41-d5b9cd91d1c4,1682612842397,"2023-04-27 21:57:22",180.0,,02380fa8-41a8-43fa-8e7b-2a579cfacfc2,Toxicity,Expense,Cash
be59eed7-031f-4d75-9669-5929bfd17c1a,1682612842397,"2023-04-27 21:57:22",200.0,,6b86fb91-20d2-4296-8fc0-11af8f5db354,Brewery,Expense,Cash
7684ced4-618a-4231-ab1e-e5270eec78fa,1682612842397,"2023-04-27 21:57:22",120.0,,02380fa8-41a8-43fa-8e7b-2a579cfacfc2,Toxicity,Expense,Cash
15372a68-8810-40a9-9d84-618e4007bae4,1682559307730,"2023-04-27 07:05:07",120.0,,02380fa8-41a8-43fa-8e7b-2a579cfacfc2,Toxicity,Expense,Cash
8f19e8e2-780d-4f56-b96a-f39b299b0dcd,1682559307730,"2023-04-27 07:05:07",16010.0,,10000000-0000-0000-0000-000000000002,House,Expense,Cash
1e39468f-7191-4e36-81a3-bcaa24becb82,1682525757077,"2023-04-26 21:45:57",3700.0,,10000000-0000-0000-0000-000000000001,Food,Expense,Cash
c63578a3-2895-4537-84ca-3bfe5e878a72,1682517355869,"2023-04-26 19:25:55",540.0,,02380fa8-41a8-43fa-8e7b-2a579cfacfc2,Toxicity,Expense,Cash
b30164b0-b9d1-4211-9a81-4c79abc8fee6,1682517355869,"2023-04-26 19:25:55",1000.0,,10000000-0000-0000-0000-000000000004,"Eating out",Expense,Cash
bcd20282-9487-4213-91db-4ac95a96fce3,1682429023142,"2023-04-25 18:53:43",240.0,"",02380fa8-41a8-43fa-8e7b-2a579cfacfc2,Toxicity,Expense,Cash
5d8ae7b6-25be-4514-8f08-3beb1e3defca,1682407611161,"2023-04-25 12:56:51",300.0,,02380fa8-41a8-43fa-8e7b-2a579cfacfc2,Toxicity,Expense,Cash
0c635bc9-62b0-4afc-ad9e-39931cd17a25,1682407611161,"2023-04-25 12:56:51",350.0,,10000000-0000-0000-0000-000000000001,Food,Expense,Cash
b7979577-7e7a-45ce-8ea0-b33dc195775f,1682336747665,"2023-04-24 17:15:47",1440.0,,10000000-0000-0000-0000-000000000001,Food,Expense,Cash
7d90dab4-3b55-46a6-b609-d269f4c5a2bb,1682335862906,"2023-04-24 17:01:02",4730.0,,10000000-0000-0000-0000-000000000001,Food,Expense,Cash
ed46b5a9-d90e-43d0-aac6-fdc3d5e549cc,1682320510124,"2023-04-24 12:45:10",320.0,,02380fa8-41a8-43fa-8e7b-2a579cfacfc2,Toxicity,Expense,Cash
6517b3fd-547a-43cd-b3ac-2f4bb5e4386c,1682320510124,"2023-04-24 12:45:10",930.0,,6b86fb91-20d2-4296-8fc0-11af8f5db354,Brewery,Expense,Cash
bf4eb32d-7b79-4940-9c58-03af1350dbb4,1682254160559,"2023-04-23 18:19:20",300.0,,02380fa8-41a8-43fa-8e7b-2a579cfacfc2,Toxicity,Expense,Cash
a5e79f8d-a4d2-4ac0-a2f6-b27cc121a3be,1682243445993,"2023-04-23 15:20:45",200.0,,02380fa8-41a8-43fa-8e7b-2a579cfacfc2,Toxicity,Expense,Cash
3f4c8efa-241e-443b-8b01-721c1eceb08e,1682224914823,"2023-04-23 10:11:54",3900.0,,10000000-0000-0000-0000-000000000001,Food,Expense,Cash
2a255629-8ff4-45be-ae2a-1cec7cb02e9a,1682184495239,"2023-04-22 22:58:15",1250.0,,7adc3dbd-e8b1-494f-8685-6c84d84c4f96,Hospital,Expense,Cash
e1aee244-864d-4946-bb08-b010fdd30be8,1682169697834,"2023-04-22 18:51:37",320.0,,02380fa8-41a8-43fa-8e7b-2a579cfacfc2,Toxicity,Expense,Cash
f24b9854-0307-40db-a397-ac885be209fc,1682091357117,"2023-04-21 21:05:57",200.0,,02380fa8-41a8-43fa-8e7b-2a579cfacfc2,Toxicity,Expense,Cash
f72f9988-f13b-4a5b-8d20-bfc18a004af4,1682058132387,"2023-04-21 11:52:12",2000.0,,968edc2b-7a45-41ec-8be9-e213be5528f8,Fuel,Expense,Cash
56483a32-c9e6-4883-8e23-b891d789f5e9,1682007878632,"2023-04-20 21:54:38",1220.0,,02380fa8-41a8-43fa-8e7b-2a579cfacfc2,Toxicity,Expense,Cash
d25ac1bb-ab72-4448-ae9f-04d990b709af,1682007878632,"2023-04-20 21:54:38",750.0,,6b86fb91-20d2-4296-8fc0-11af8f5db354,Brewery,Expense,Cash
c0c6d927-27c6-4ecc-9043-d19ffdab0547,1682007878632,"2023-04-20 21:54:38",1500.0,,10000000-0000-0000-0000-000000000004,"Eating out",Expense,Cash
22fd3d4e-3beb-42ee-92f6-5ff62b6fab76,1681969308797,"2023-04-20 11:11:48",1570.0,,10000000-0000-0000-0000-000000000005,Transport,Expense,Cash
a9649b90-08fc-4693-a86b-9563f10e8a86,1681799986954,"2023-04-18 12:09:46",300.0,,02380fa8-41a8-43fa-8e7b-2a579cfacfc2,Toxicity,Expense,Cash
1198ea61-8482-485f-a8ee-5396b3384217,1681745737136,"2023-04-17 21:05:37",1000.0,,6b86fb91-20d2-4296-8fc0-11af8f5db354,Brewery,Expense,Cash
4abe465c-8a31-481a-b599-ff1ace264d3a,1681745737136,"2023-04-17 21:05:37",2150.0,,7adc3dbd-e8b1-494f-8685-6c84d84c4f96,Hospital,Expense,Cash
ed9d5503-845e-469e-9a8a-3dad6e217ba6,1681745737136,"2023-04-17 21:05:37",300.0,,02380fa8-41a8-43fa-8e7b-2a579cfacfc2,Toxicity,Expense,Cash
dc74d1b3-8631-40af-9454-71f550285802,1681659510946,"2023-04-16 21:08:30",320.0,,02380fa8-41a8-43fa-8e7b-2a579cfacfc2,Toxicity,Expense,Cash
52ee66f6-5d1d-47e5-bd3c-3072864c2ef5,1681573372468,"2023-04-15 21:12:52",1440.0,,10000000-0000-0000-0000-000000000004,"Eating out",Expense,Cash
faba0e41-3646-4bec-8f50-ebb5099e126a,1681488323865,"2023-04-14 21:35:23",300.0,,02380fa8-41a8-43fa-8e7b-2a579cfacfc2,Toxicity,Expense,Cash
347d0ccb-e8fd-4d28-a5fb-0139c291a3f8,1681484662567,"2023-04-14 20:34:22",1470.0,,10000000-0000-0000-0000-000000000005,Transport,Expense,Cash
7a757a57-8589-4b1b-a0a9-77f8bbab58ee,1681292109059,"2023-04-12 15:05:09",320.0,,02380fa8-41a8-43fa-8e7b-2a579cfacfc2,Toxicity,Expense,Cash
01720199-2e8a-4807-bb51-d7e3bc8622d0,1681154088481,"2023-04-11 00:44:48",28900.0,"Keyboard ",10000000-0000-0000-0000-000000000002,House,Expense,Cash
7b6e9e20-1dbb-4059-962e-923b8389edfc,1681129735755,"2023-04-10 17:58:55",300.0,,02380fa8-41a8-43fa-8e7b-2a579cfacfc2,Toxicity,Expense,Cash
10647e93-55cd-48c2-a725-86a1a68c84ff,1681026462530,"2023-04-09 13:17:42",1800.0,,10000000-0000-0000-0000-000000000001,Food,Expense,Cash
c3dcd889-bd63-4c96-946d-ed6eb74b1b6f,1680969022852,"2023-04-08 21:20:22",180.0,,02380fa8-41a8-43fa-8e7b-2a579cfacfc2,Toxicity,Expense,Cash
87f22617-9c7a-49dc-9633-0aacd5762f04,1680962550426,"2023-04-08 19:32:30",360.0,,02380fa8-41a8-43fa-8e7b-2a579cfacfc2,Toxicity,Expense,Cash
979395f5-6197-4249-b38a-42f3af620354,1680955341163,"2023-04-08 17:32:21",740.0,,10000000-0000-0000-0000-000000000004,"Eating out",Expense,Cash
772c51c8-133a-40cf-8518-eddd5b2ca9f5,1680955338232,"2023-04-08 17:32:18",300.0,,02380fa8-41a8-43fa-8e7b-2a579cfacfc2,Toxicity,Expense,Cash
f945c785-0e3c-48f0-8f9f-2a070558a75c,1680883159317,"2023-04-07 21:29:19",360.0,,02380fa8-41a8-43fa-8e7b-2a579cfacfc2,Toxicity,Expense,Cash
fb50d637-1bec-4a25-b2cc-8fbea1bdfba9,1680860774713,"2023-04-07 15:16:14",490.0,,02380fa8-41a8-43fa-8e7b-2a579cfacfc2,Toxicity,Expense,Cash
9dfbbc2a-75c6-4ccd-b4db-3a25144a3843,1680791515274,"2023-04-06 20:01:55",320.0,,02380fa8-41a8-43fa-8e7b-2a579cfacfc2,Toxicity,Expense,Cash
5f8b1994-938e-40c8-acbc-73a860655a71,1680774896987,"2023-04-06 15:24:56",380.0,,02380fa8-41a8-43fa-8e7b-2a579cfacfc2,Toxicity,Expense,Cash
1f69296b-e2ce-4972-874b-6bf3b573a813,1680710747622,"2023-04-05 21:35:47",380.0,,02380fa8-41a8-43fa-8e7b-2a579cfacfc2,Toxicity,Expense,Cash
ca918b2b-11da-4c1b-b9aa-2320f4373243,1680709393892,"2023-04-05 21:13:13",1420.0,,10000000-0000-0000-0000-000000000004,"Eating out",Expense,Cash
6e8777cd-2e76-48c9-b3e3-eb9fdf214da5,1680709393892,"2023-04-05 21:13:13",6490.0,,10000000-0000-0000-0000-000000000002,House,Expense,Cash
d9a52e34-6286-4049-b818-2897a5cca18c,1680625862800,"2023-04-04 22:01:02",1380.0,,02380fa8-41a8-43fa-8e7b-2a579cfacfc2,Toxicity,Expense,Cash
207658cc-d1a1-4029-864a-aed0eff827a3,1680614614961,"2023-04-04 18:53:34",760.0,,02380fa8-41a8-43fa-8e7b-2a579cfacfc2,Toxicity,Expense,Cash
5679fd91-6f35-4c02-a241-2f8d80adbb69,1680529585558,"2023-04-03 19:16:25",680.0,,02380fa8-41a8-43fa-8e7b-2a579cfacfc2,Toxicity,Expense,Cash
79f18f05-e411-4703-ad7a-a7b26f3a5ea5,1680529585558,"2023-04-03 19:16:25",33220.0,,10000000-0000-0000-0000-000000000003,Car,Expense,Cash
ee223bc1-0059-4c72-ad17-ade96b75f4f7,1680096782108,"2023-03-29 19:03:02",140.0,,02380fa8-41a8-43fa-8e7b-2a579cfacfc2,Toxicity,Expense,Cash
42c2286a-8c23-4ee7-80dc-9adda59b45ae,1680096782108,"2023-03-29 19:03:02",500.0,,10000000-0000-0000-0000-000000000003,Car,Expense,Cash
15d812e4-410a-4c68-a88f-ebb36dd4f031,1679983209079,"2023-03-28 11:30:09",2450.0,,10000000-0000-0000-0000-000000000004,"Eating out",Expense,Cash
7cfba938-1f7f-4454-8005-8e66b6dd7e52,1679928055508,"2023-03-27 20:10:55",200.0,,02380fa8-41a8-43fa-8e7b-2a579cfacfc2,Toxicity,Expense,Cash
d03c0a36-69d8-44ea-a6f3-3de71eab5ee5,1679741473120,"2023-03-25 16:21:13",6500.0,,10000000-0000-0000-0000-000000000003,Car,Expense,Cash
43408204-09e5-4e94-97a0-a37e2852787c,1679741473120,"2023-03-25 16:21:13",560.0,,6b86fb91-20d2-4296-8fc0-11af8f5db354,Brewery,Expense,Cash
ec7b396a-2482-4067-bbdd-e3f967d8397c,1679741473120,"2023-03-25 16:21:13",250.0,,10000000-0000-0000-0000-000000000012,Bills,Expense,Cash
04c3fbc2-b734-4aea-970b-d0549e3771a7,1679737775532,"2023-03-25 15:19:35",200.0,,02380fa8-41a8-43fa-8e7b-2a579cfacfc2,Toxicity,Expense,Cash
9adb4caf-6e1b-4782-a5f1-38ff15bcb3a7,1679632222687,"2023-03-24 10:00:22",380.0,,02380fa8-41a8-43fa-8e7b-2a579cfacfc2,Toxicity,Expense,Cash
cea9abc0-73e2-4f8c-b748-25aa9030c096,1679570877004,"2023-03-23 16:57:57",380.0,,02380fa8-41a8-43fa-8e7b-2a579cfacfc2,Toxicity,Expense,Cash
b43698f7-b6de-467f-9045-27977de567e1,1679484477004,"2023-03-22 16:57:57",480.0,,02380fa8-41a8-43fa-8e7b-2a579cfacfc2,Toxicity,Expense,Cash
01c37837-8500-4331-9967-5c69c0f22f85,1679415927324,"2023-03-21 21:55:27",560.0,,02380fa8-41a8-43fa-8e7b-2a579cfacfc2,Toxicity,Expense,Cash
7db40fc6-04ea-4216-ab4d-6da99549b111,1679323770946,"2023-03-20 20:19:30",500.0,,02380fa8-41a8-43fa-8e7b-2a579cfacfc2,Toxicity,Expense,Cash
fd6b401d-42b5-46c4-9d91-e6a950ea9724,1679307911756,"2023-03-20 15:55:11",1470.0,,10000000-0000-0000-0000-000000000005,Transport,Expense,Cash
7f3db28c-938e-48ed-922e-00976fabfdc8,1679307911756,"2023-03-20 15:55:11",400.0,,02380fa8-41a8-43fa-8e7b-2a579cfacfc2,Toxicity,Expense,Cash
2d83e9e3-c6b2-4dda-9ba3-9e9c0980b8a5,1679307911756,"2023-03-20 15:55:11",1580.0,,10000000-0000-0000-0000-000000000005,Transport,Expense,Cash
8611a21b-1afe-4cd0-ac6b-8832c4e72c18,1679307911756,"2023-03-20 15:55:11",810.0,,10000000-0000-0000-0000-000000000005,Transport,Expense,Cash
42a64040-315b-41bd-9a2d-846ce1332c20,1679075085847,"2023-03-17 23:14:45",690.0,,10000000-0000-0000-0000-000000000005,Transport,Expense,Cash
270c0191-e296-411f-87a3-5639e449903d,1679075085847,"2023-03-17 23:14:45",1430.0,,10000000-0000-0000-0000-000000000005,Transport,Expense,Cash
d2fda8c1-3a8d-447f-a853-52a688e3c9be,1679075085847,"2023-03-17 23:14:45",2700.0,,10000000-0000-0000-0000-000000000005,Transport,Expense,Cash
e885c074-1b3c-4f00-9224-3e39649e2c8d,1679075085847,"2023-03-17 23:14:45",510.0,,10000000-0000-0000-0000-000000000005,Transport,Expense,Cash
43856a9d-d3d4-4859-8e4a-ebda63f4b4f7,1679028360384,"2023-03-17 10:16:00",200.0,,02380fa8-41a8-43fa-8e7b-2a579cfacfc2,Toxicity,Expense,Cash
54d1c1f2-b5ea-40cb-9656-82560355b038,1679028360384,"2023-03-17 10:16:00",300.0,,6b86fb91-20d2-4296-8fc0-11af8f5db354,Brewery,Expense,Cash
d7cba996-cce5-4d1c-ac90-1d90bb72c7d4,1679028360384,"2023-03-17 10:16:00",200.0,,02380fa8-41a8-43fa-8e7b-2a579cfacfc2,Toxicity,Expense,Cash
cd537cf0-da96-4c5b-965b-f1961b486304,1678986524069,"2023-03-16 22:38:44",600.0,,02380fa8-41a8-43fa-8e7b-2a579cfacfc2,Toxicity,Expense,Cash
94034734-f173-42ef-9b5a-d99c571432d6,1678986521222,"2023-03-16 22:38:41",1200.0,,968edc2b-7a45-41ec-8be9-e213be5528f8,Fuel,Expense,Cash
f5b0f52c-4bc8-4ca2-a974-1c8c5d5e5b1c,1678968771153,"2023-03-16 17:42:51",400.0,,02380fa8-41a8-43fa-8e7b-2a579cfacfc2,Toxicity,Expense,Cash
bfe7e337-5be7-4938-aeea-85e8402afe59,1678884898000,"2023-03-15 18:24:58",400.0,,6b86fb91-20d2-4296-8fc0-11af8f5db354,Brewery,Expense,Cash
b869878c-cd97-45da-a4cd-02ca5d33ea46,1678805162662,"2023-03-14 20:16:02",180.0,,02380fa8-41a8-43fa-8e7b-2a579cfacfc2,Toxicity,Expense,Cash
2c957f18-8a41-423f-a331-f82d333c64b2,1678805162662,"2023-03-14 20:16:02",180.0,,02380fa8-41a8-43fa-8e7b-2a579cfacfc2,Toxicity,Expense,Cash
6424af3b-a989-4dc8-a10f-378b6c411680,1678805162662,"2023-03-14 20:16:02",9330.0,,10000000-0000-0000-0000-000000000012,Bills,Expense,Cash
61026fe7-4553-4f90-98b2-5a031c966dff,1678805162662,"2023-03-14 20:16:02",5670.0,,968edc2b-7a45-41ec-8be9-e213be5528f8,Fuel,Expense,Cash
9d91c64e-97cb-4f7b-964e-25d72848d072,1678700001978,"2023-03-13 15:03:21",320.0,,02380fa8-41a8-43fa-8e7b-2a579cfacfc2,Toxicity,Expense,Cash
9d8969b9-bb14-44e5-9915-1c2265f72764,1678700001978,"2023-03-13 15:03:21",200.0,,02380fa8-41a8-43fa-8e7b-2a579cfacfc2,Toxicity,Expense,Cash
395ba841-e18c-4139-a6a3-91c2bf13f4dc,1678614515135,"2023-03-12 15:18:35",420.0,,02380fa8-41a8-43fa-8e7b-2a579cfacfc2,Toxicity,Expense,Cash
2faacb5e-1b6d-4cc8-8efe-74e79c816f27,1678548830781,"2023-03-11 21:03:50",320.0,,02380fa8-41a8-43fa-8e7b-2a579cfacfc2,Toxicity,Expense,Cash
deb63b23-0601-4636-b886-0d85efe62a35,1678533427701,"2023-03-11 16:47:07",41560.0,,10000000-0000-0000-0000-000000000002,House,Expense,Cash
e069811d-bc8c-4823-bde4-5f648c9f55e2,1678447027701,"2023-03-10 16:47:07",20000.0,,10000000-0000-0000-0000-000000000011,Deposits,Income,Cash
c2523760-ee87-45a7-816c-327dca98361a,1678381262340,"2023-03-09 22:31:02",2060.0,,10000000-0000-0000-0000-000000000004,"Eating out",Expense,Cash
beeb1328-e94b-438f-9df2-7473c417ac9a,1678381262340,"2023-03-09 22:31:02",400.0,,02380fa8-41a8-43fa-8e7b-2a579cfacfc2,Toxicity,Expense,Cash
9da4a711-57d9-4d4d-ae3c-25258f539473,1678374387538,"2023-03-09 20:36:27",180.0,,02380fa8-41a8-43fa-8e7b-2a579cfacfc2,Toxicity,Expense,Cash
ea97a777-c01a-4f49-a09e-042ad9352081,1678374387538,"2023-03-09 20:36:27",200.0,,02380fa8-41a8-43fa-8e7b-2a579cfacfc2,Toxicity,Expense,Cash
0b580576-9bb6-4c78-8159-c5664796a8cf,1678374387538,"2023-03-09 20:36:27",300.0,,6b86fb91-20d2-4296-8fc0-11af8f5db354,Brewery,Expense,Cash
0fb698b4-e24d-4a89-9c4d-9b52301a52cb,1678362755061,"2023-03-09 17:22:35",180.0,,02380fa8-41a8-43fa-8e7b-2a579cfacfc2,Toxicity,Expense,Cash
a3361aad-324c-4d38-b449-61f38871e414,1678202511945,"2023-03-07 20:51:51",200.0,,02380fa8-41a8-43fa-8e7b-2a579cfacfc2,Toxicity,Expense,Cash
9fea27e7-13d6-479a-b2f6-d028ef567a0d,1678202511945,"2023-03-07 20:51:51",100.0,,6b86fb91-20d2-4296-8fc0-11af8f5db354,Brewery,Expense,Cash
6216d3c5-f95c-44aa-9eec-6f3593781cd5,1678171446567,"2023-03-07 12:14:06",21480.0,"Spotify ",10000000-0000-0000-0000-000000000012,Bills,Expense,Cash
0dbb791e-a774-4eac-b04f-5a6781eccd07,1678006927738,"2023-03-05 14:32:07",2650.0,,10000000-0000-0000-0000-000000000012,Bills,Expense,Cash
082bbd6c-2d7d-4a41-8fe6-4d3956d035a0,1677922919887,"2023-03-04 15:11:59",400.0,,6b86fb91-20d2-4296-8fc0-11af8f5db354,Brewery,Expense,Cash
9e322bd8-4404-433c-a49c-5fcf7375baa5,1677922919887,"2023-03-04 15:11:59",900.0,,10000000-0000-0000-0000-000000000004,"Eating out",Expense,Cash
e00f741c-8c58-48cf-a865-da9f87b07165,1677860505726,"2023-03-03 21:51:45",11400.0,,02380fa8-41a8-43fa-8e7b-2a579cfacfc2,Toxicity,Expense,Cash
b006ebf4-1368-4989-a03a-93cae5f9b6de,1677830199281,"2023-03-03 13:26:39",200.0,,10000000-0000-0000-0000-000000000003,Car,Expense,Cash
4bfd4fe4-4286-4de5-a8f0-52c2635ccf2c,1677818553000,"2023-03-03 10:12:33",400.0,,10000000-0000-0000-0000-000000000005,Transport,Expense,Cash
35a259f6-e0d3-4cbd-9813-32a7258116d2,1677767017279,"2023-03-02 19:53:37",380.0,,02380fa8-41a8-43fa-8e7b-2a579cfacfc2,Toxicity,Expense,Cash
d03162b6-7021-4b97-a0b0-18afac0cc3df,1677767017279,"2023-03-02 19:53:37",200.0,,02380fa8-41a8-43fa-8e7b-2a579cfacfc2,Toxicity,Expense,Cash
34fac923-07f9-40aa-af67-ac002f96765c,1677764656775,"2023-03-02 19:14:16",5400.0,,10000000-0000-0000-0000-000000000005,Transport,Expense,Cash
d9849140-8fa9-4d17-a3b0-4807f00f4133,1677684923784,"2023-03-01 21:05:23",13000.0,Glasses,10000000-0000-0000-0000-000000000002,House,Expense,Cash
33b3dbe7-1bc0-49cc-9c16-85cbcddd8293,1677684923784,"2023-03-01 21:05:23",380.0,,02380fa8-41a8-43fa-8e7b-2a579cfacfc2,Toxicity,Expense,Cash
3bf48214-b465-41df-a5e2-8231564c26fb,1677669770382,"2023-03-01 16:52:50",2500.0,Haircut,10000000-0000-0000-0000-000000000002,House,Expense,Cash
45c56e68-40b9-42c3-956b-e2841b60c360,1677669770382,"2023-03-01 16:52:50",380.0,,02380fa8-41a8-43fa-8e7b-2a579cfacfc2,Toxicity,Expense,Cash
bacfb483-f96c-4706-a2d0-b4dd186299b5,1677600997109,"2023-02-28 21:46:37",280.0,,10000000-0000-0000-0000-000000000001,Food,Expense,Cash
f31d71ce-e1e8-4c69-aaa0-adcdc8d147c6,1677600997109,"2023-02-28 21:46:37",380.0,,02380fa8-41a8-43fa-8e7b-2a579cfacfc2,Toxicity,Expense,Cash
d6df96f8-8cee-4329-b6c6-9a97e383629f,1677515058480,"2023-02-27 21:54:18",380.0,,02380fa8-41a8-43fa-8e7b-2a579cfacfc2,Toxicity,Expense,Cash
93fd4cd3-5447-46e7-a51b-9e6f8f1822f4,1677427772698,"2023-02-26 21:39:32",380.0,,02380fa8-41a8-43fa-8e7b-2a579cfacfc2,Toxicity,Expense,Cash
53db1a82-1718-476e-bdb2-37fe4430a263,1677427772698,"2023-02-26 21:39:32",200.0,,02380fa8-41a8-43fa-8e7b-2a579cfacfc2,Toxicity,Expense,Cash
72fcdbb8-22fd-431b-84fc-a636b8336396,1677427772698,"2023-02-26 21:39:32",1200.0,,d71face0-704a-49ff-8c96-9778abb5d2e3,Bike,Expense,Cash
31e6d73f-723c-4364-b6e7-bafbd82d5827,1677341797109,"2023-02-25 21:46:37",10680.0,,10000000-0000-0000-0000-000000000005,Transport,Expense,Cash
62defe46-7229-4791-a1c7-3e85077a11a5,1677338165192,"2023-02-25 20:46:05",380.0,,02380fa8-41a8-43fa-8e7b-2a579cfacfc2,Toxicity,Expense,Cash
d35d67ac-2ebc-42e3-a895-4e6b0491490d,1677306100837,"2023-02-25 11:51:40",380.0,,02380fa8-41a8-43fa-8e7b-2a579cfacfc2,Toxicity,Expense,Cash
e413c668-1401-4b77-913b-029943a50d8f,1677306100837,"2023-02-25 11:51:40",1480.0,,10000000-0000-0000-0000-000000000005,Transport,Expense,Cash
1aedacc6-2f33-492a-8d8b-4fbc68c819b1,1677251521426,"2023-02-24 20:42:01",380.0,,02380fa8-41a8-43fa-8e7b-2a579cfacfc2,Toxicity,Expense,Cash
a1af6902-d511-4788-9053-bde2e1c3416a,1677251521426,"2023-02-24 20:42:01",380.0,,02380fa8-41a8-43fa-8e7b-2a579cfacfc2,Toxicity,Expense,Cash
a57a9f43-0616-4d33-a5ad-2f7fbfb116ad,1677160164785,"2023-02-23 19:19:24",380.0,,02380fa8-41a8-43fa-8e7b-2a579cfacfc2,Toxicity,Expense,Cash
37acf95e-6ca3-48f0-b39d-bd9fdcd271f9,1677160164785,"2023-02-23 19:19:24",200.0,,d71face0-704a-49ff-8c96-9778abb5d2e3,Bike,Expense,Cash
90251ec0-2c82-4c3c-b9fa-e01969eccc37,1677129797463,"2023-02-23 10:53:17",380.0,,02380fa8-41a8-43fa-8e7b-2a579cfacfc2,Toxicity,Expense,Cash
faf8b656-fc32-4d9d-8866-77b6b627ac0a,1677072812441,"2023-02-22 19:03:32",320.0,,02380fa8-41a8-43fa-8e7b-2a579cfacfc2,Toxicity,Expense,Cash
01bddb8c-3b16-4e29-8e76-61075a116930,1677044473666,"2023-02-22 11:11:13",380.0,,02380fa8-41a8-43fa-8e7b-2a579cfacfc2,Toxicity,Expense,Cash
e705ac26-267b-4ad4-8d8b-c877bd9498f3,1677044473666,"2023-02-22 11:11:13",560.0,,10000000-0000-0000-0000-000000000001,Food,Expense,Cash
6f3fe39e-1e1b-4ff9-b04e-9ea5e242a7e2,1676993983548,"2023-02-21 21:09:43",560.0,,10000000-0000-0000-0000-000000000001,Food,Expense,Cash
05bc1d1e-0618-4b26-b49a-13e8a10071e6,1676993983548,"2023-02-21 21:09:43",200.0,,02380fa8-41a8-43fa-8e7b-2a579cfacfc2,Toxicity,Expense,Cash
18aabdcf-960e-4b39-95f8-75371b4ba928,1676897340810,"2023-02-20 18:19:00",200.0,,02380fa8-41a8-43fa-8e7b-2a579cfacfc2,Toxicity,Expense,Cash
46e7cffe-f681-4660-8d0e-288ce3fa8cc9,1676879690551,"2023-02-20 13:24:50",380.0,,02380fa8-41a8-43fa-8e7b-2a579cfacfc2,Toxicity,Expense,Cash
c755085e-1cc8-476b-9a7b-9913a07d6942,1676792713248,"2023-02-19 13:15:13",380.0,,02380fa8-41a8-43fa-8e7b-2a579cfacfc2,Toxicity,Expense,Cash
524623a7-78c4-404d-83a1-87a5f9208904,1676792713248,"2023-02-19 13:15:13",3350.0,,8f3ee15b-f6b5-472f-8deb-939998b50f55,Career,Expense,Cash
4b49a3e3-70d9-4d5d-ade5-d50be3cd2b53,1676734734363,"2023-02-18 21:08:54",440.0,,02380fa8-41a8-43fa-8e7b-2a579cfacfc2,Toxicity,Expense,Cash
6cd259bc-9513-4904-8c79-0e556a89770a,1676648334363,"2023-02-17 21:08:54",260.0,,02380fa8-41a8-43fa-8e7b-2a579cfacfc2,Toxicity,Expense,Cash
546a3ba6-0331-4074-978e-c8cecf65c7d5,1676648334363,"2023-02-17 21:08:54",1200.0,,10000000-0000-0000-0000-000000000001,Food,Expense,Cash
8bab0edc-975d-4647-9896-8913ea14cc36,1676637345920,"2023-02-17 18:05:45",9780.0,,d71face0-704a-49ff-8c96-9778abb5d2e3,Bike,Expense,Cash
9c115adf-3861-46c0-a197-c21c5deb5bfe,1676637345920,"2023-02-17 18:05:45",2000.0,,d71face0-704a-49ff-8c96-9778abb5d2e3,Bike,Expense,Cash
0fdb34a1-b3ee-4335-9012-82ff4e38566c,1676435574001,"2023-02-15 10:02:54",7570.0,,d71face0-704a-49ff-8c96-9778abb5d2e3,Bike,Expense,Cash
99142278-cd84-4202-8e18-b9946ac33ce5,1676435574001,"2023-02-15 10:02:54",5670.0,,968edc2b-7a45-41ec-8be9-e213be5528f8,Fuel,Expense,Cash
f8196cac-c2fa-4403-870c-1b145aee2cc6,1676382365199,"2023-02-14 19:16:05",140.0,,02380fa8-41a8-43fa-8e7b-2a579cfacfc2,Toxicity,Expense,Cash
d09e0cf4-9969-4549-97bb-74217d3dace5,1676381665472,"2023-02-14 19:04:25",10000.0,,d71face0-704a-49ff-8c96-9778abb5d2e3,Bike,Expense,Cash
698814a1-0cd2-409d-8f58-2da771a67d6d,1676358193214,"2023-02-14 12:33:13",140.0,,02380fa8-41a8-43fa-8e7b-2a579cfacfc2,Toxicity,Expense,Cash
8af5428b-4ad5-470f-8c9f-91ebcc06f4a4,1675687420586,"2023-02-06 18:13:40",41770.0,,10000000-0000-0000-0000-000000000002,House,Expense,Cash
836385b2-e586-4df0-97de-b9572d68c42d,1675153071975,"2023-01-31 13:47:51",25450.0,"Mobile recharge ",10000000-0000-0000-0000-000000000012,Bills,Expense,Cash
75fafedb-f5ba-4fc6-b8b3-b51075f45240,1675152396975,"2023-01-31 13:36:36",120.0,,02380fa8-41a8-43fa-8e7b-2a579cfacfc2,Toxicity,Expense,Cash
7d256606-5d32-4535-a6a7-5b19b1fe823f,1674402836526,"2023-01-22 21:23:56",300.0,,02380fa8-41a8-43fa-8e7b-2a579cfacfc2,Toxicity,Expense,Cash
ff92c5d2-c7cd-4f14-8cac-c74eb8aad54d,1674402836526,"2023-01-22 21:23:56",270.0,,6b86fb91-20d2-4296-8fc0-11af8f5db354,Brewery,Expense,Cash
377b4079-9b53-46b2-9ad1-27f3aa06c8fc,1674314138265,"2023-01-21 20:45:38",540.0,,02380fa8-41a8-43fa-8e7b-2a579cfacfc2,Toxicity,Expense,Cash
44e969e6-934a-406f-9c3a-458828ef4d96,1674314138265,"2023-01-21 20:45:38",1540.0,,10000000-0000-0000-0000-000000000004,"Eating out",Expense,Cash
0eb47168-7cde-4b33-bc56-b240f67cb9b8,1674307375683,"2023-01-21 18:52:55",500.0,,10000000-0000-0000-0000-000000000004,"Eating out",Expense,Cash
a125014c-c58e-4a2c-8e8e-ff02a2d3cbe2,1674187851988,"2023-01-20 09:40:51",4870.0,,10000000-0000-0000-0000-000000000005,Transport,Expense,Cash
2a2c1e05-8912-4f01-9a6d-43365dae3465,1673609074215,"2023-01-13 16:54:34",380.0,,02380fa8-41a8-43fa-8e7b-2a579cfacfc2,Toxicity,Expense,Cash
03cebc35-8a8d-432f-ac60-1a94afafb7c5,1673605857055,"2023-01-13 16:00:57",270.0,,6b86fb91-20d2-4296-8fc0-11af8f5db354,Brewery,Expense,Cash
f885e1d0-9bc1-435d-93bd-a69b6b2ff27b,1673342218617,"2023-01-10 14:46:58",43560.0,,10000000-0000-0000-0000-000000000002,House,Expense,Cash
efc71405-5d80-45b4-8106-88282d5a54ae,1673342218617,"2023-01-10 14:46:58",10000.0,,10000000-0000-0000-0000-000000000011,Deposits,Income,Cash
be791861-a024-4410-8859-44a4a043d9c2,1673328383256,"2023-01-10 10:56:23",30000.0,,10000000-0000-0000-0000-000000000011,Deposits,Income,Cash
2ac9e2b9-1a8d-46a3-a537-19732577d0f8,1673245879498,"2023-01-09 12:01:19",1490.0,,10000000-0000-0000-0000-000000000012,Bills,Expense,Cash
5e2aa01c-3075-4a29-bd7a-e796df79cd14,1672910218617,"2023-01-05 14:46:58",5000.0,,10000000-0000-0000-0000-000000000011,Deposits,Income,Cash
4b91273e-d3fd-461d-bc17-26633651bc87,1672813916323,"2023-01-04 12:01:56",2000.0,,10000000-0000-0000-0000-000000000002,House,Expense,Cash
267d572e-938e-4c3f-8c78-ddaffe2f6bfa,1672813916323,"2023-01-04 12:01:56",22000.0,,d71face0-704a-49ff-8c96-9778abb5d2e3,Bike,Expense,Cash
ffad3807-f0e7-40ed-8128-c254497494e7,1672750430469,"2023-01-03 18:23:50",410.0,,10000000-0000-0000-0000-000000000005,Transport,Expense,Cash
d02bd11c-e578-472e-8568-cf30fdfc7896,1672750426478,"2023-01-03 18:23:46",250.0,,10000000-0000-0000-0000-000000000005,Transport,Expense,Cash
849c71b0-34ae-46c1-8607-dc5deeee8385,1672749469364,"2023-01-03 18:07:49",10000.0,,10000000-0000-0000-0000-000000000003,Car,Expense,Cash
9659f6b3-9fcc-4b01-af67-dc2d9dbec1d2,1672727516323,"2023-01-03 12:01:56",20000.0,,d71face0-704a-49ff-8c96-9778abb5d2e3,Bike,Expense,Cash
1074f7b3-026e-4d71-bced-55df754f2111,1672723779948,"2023-01-03 10:59:39",400.0,,02380fa8-41a8-43fa-8e7b-2a579cfacfc2,Toxicity,Expense,Cash
6adac190-af06-450e-84aa-0142571e9528,1672723779948,"2023-01-03 10:59:39",270.0,,6b86fb91-20d2-4296-8fc0-11af8f5db354,Brewery,Expense,Cash
6807368d-02b7-46c7-a50c-8b23ed9a73e3,1672587740764,"2023-01-01 21:12:20",200.0,,02380fa8-41a8-43fa-8e7b-2a579cfacfc2,Toxicity,Expense,Cash
745bd432-77ea-45fd-b4fb-8b36b15b553a,1672447143169,"2022-12-31 06:09:03",200.0,,02380fa8-41a8-43fa-8e7b-2a579cfacfc2,Toxicity,Expense,Cash
6189ba34-8430-4ff7-bff0-44139b3f6532,1672412868706,"2022-12-30 20:37:48",600.0,,10000000-0000-0000-0000-000000000004,"Eating out",Expense,Cash
8b99df5b-2314-44c8-9b18-04b16c1554d2,1672412868706,"2022-12-30 20:37:48",300.0,,10000000-0000-0000-0000-000000000001,Food,Expense,Cash
1d48035f-116c-44a8-8ca5-ae7b3363d0da,1672291377964,"2022-12-29 10:52:57",4600.0,,10000000-0000-0000-0000-000000000001,Food,Expense,Cash
a7c6ad9f-e460-4409-b659-55ce553f01b7,1672291377964,"2022-12-29 10:52:57",720.0,,10000000-0000-0000-0000-000000000001,Food,Expense,Cash
55d7dc57-04de-4399-b490-babf5d227a9d,1672204977964,"2022-12-28 10:52:57",500.0,,10000000-0000-0000-0000-000000000003,Car,Expense,Cash
286f3a34-c7a4-4e9b-9e13-214905ee69ab,1672160528652,"2022-12-27 22:32:08",300.0,,02380fa8-41a8-43fa-8e7b-2a579cfacfc2,Toxicity,Expense,Cash
8f7f4367-1458-4166-b51e-f1f2ca714462,1672134076764,"2022-12-27 15:11:16",300.0,,02380fa8-41a8-43fa-8e7b-2a579cfacfc2,Toxicity,Expense,Cash
ac11e0a8-2e78-48a3-9192-00e2cb2b8ea3,1672134076764,"2022-12-27 15:11:16",540.0,,6b86fb91-20d2-4296-8fc0-11af8f5db354,Brewery,Expense,Cash
e52ce0d3-9d20-40b6-93ae-5932230d578c,1672134076764,"2022-12-27 15:11:16",3500.0,,10000000-0000-0000-0000-000000000001,Food,Expense,Cash
a5d213b4-7cdb-405a-a9d0-acf5d763e1f3,1672134076764,"2022-12-27 15:11:16",1000.0,,d71face0-704a-49ff-8c96-9778abb5d2e3,Bike,Expense,Cash
c2c8dc83-04e3-4a9e-a0e6-f2eae6f0c4d9,1672062798132,"2022-12-26 19:23:18",200.0,,02380fa8-41a8-43fa-8e7b-2a579cfacfc2,Toxicity,Expense,Cash
39d0139c-d594-45e9-9a64-0def90d81c8d,1672062798132,"2022-12-26 19:23:18",120.0,,02380fa8-41a8-43fa-8e7b-2a579cfacfc2,Toxicity,Expense,Cash
481898f7-620a-45c5-9d01-d4001ee92d93,1671979331899,"2022-12-25 20:12:11",520.0,,10000000-0000-0000-0000-000000000004,"Eating out",Expense,Cash
25e50cb9-a4e0-46a0-9650-a9eeb1153fe0,1671979331899,"2022-12-25 20:12:11",200.0,,02380fa8-41a8-43fa-8e7b-2a579cfacfc2,Toxicity,Expense,Cash
bcd6938b-378b-4484-a8ce-0c3e1efc0f5d,1671951333733,"2022-12-25 12:25:33",260.0,,02380fa8-41a8-43fa-8e7b-2a579cfacfc2,Toxicity,Expense,Cash
0b40e69e-c21a-4f80-9036-b3d7aec9795a,1671892730561,"2022-12-24 20:08:50",2000.0,,7adc3dbd-e8b1-494f-8685-6c84d84c4f96,Hospital,Expense,Cash
b7d6ef28-2f8f-431f-a738-1270bd2008a2,1671889802479,"2022-12-24 19:20:02",380.0,,02380fa8-41a8-43fa-8e7b-2a579cfacfc2,Toxicity,Expense,Cash
34af05b5-1685-42fd-8ac2-47e956470e20,1671864933733,"2022-12-24 12:25:33",180.0,,02380fa8-41a8-43fa-8e7b-2a579cfacfc2,Toxicity,Expense,Cash
414eceac-b315-4862-887f-c677994add36,1671864933733,"2022-12-24 12:25:33",100.0,,6b86fb91-20d2-4296-8fc0-11af8f5db354,Brewery,Expense,Cash
57c2e887-465b-45a1-9a35-aed4030a8a0e,1671847167076,"2022-12-24 07:29:27",2410.0,,10000000-0000-0000-0000-000000000007,Entertainment,Expense,Cash
e95bfa7a-7e5b-4b19-bb6b-c56e6ff19682,1671817534123,"2022-12-23 23:15:34",49000.0,,10000000-0000-0000-0000-000000000011,Deposits,Income,Cash
50e23c25-ed77-48be-969d-c975e5cfd1c0,1671778249296,"2022-12-23 12:20:49",270.0,,10000000-0000-0000-0000-000000000012,Bills,Expense,Cash
bbcc7408-1eac-4311-8514-3063bc469a4a,1671778249296,"2022-12-23 12:20:49",3800.0,,7adc3dbd-e8b1-494f-8685-6c84d84c4f96,Hospital,Expense,Cash
34003b82-272f-4f63-afe0-2525ac50ac77,1671670275913,"2022-12-22 06:21:15",1100.0,,02380fa8-41a8-43fa-8e7b-2a579cfacfc2,Toxicity,Expense,Cash
dde75ba0-23ff-43ec-b7a5-f96197bdffd9,1671670275913,"2022-12-22 06:21:15",650.0,,10000000-0000-0000-0000-000000000001,Food,Expense,Cash
ea6393c9-8673-4526-ae98-ed88ce316f45,1671620883484,"2022-12-21 16:38:03",800.0,,02380fa8-41a8-43fa-8e7b-2a579cfacfc2,Toxicity,Expense,Cash
652d8eea-51cb-415f-b62b-66a86b46436a,1671620883484,"2022-12-21 16:38:03",320.0,,6b86fb91-20d2-4296-8fc0-11af8f5db354,Brewery,Expense,Cash
b495f040-4d54-4002-9a71-f15c02f6a2da,1671544017195,"2022-12-20 19:16:57",260.0,,02380fa8-41a8-43fa-8e7b-2a579cfacfc2,Toxicity,Expense,Cash
3037d0c2-da29-4927-9a5a-0baa7583f893,1671544017195,"2022-12-20 19:16:57",1490.0,,10000000-0000-0000-0000-000000000012,Bills,Expense,Cash
1ba09a61-7833-4015-b1a4-4bd709fb1163,1671476658251,"2022-12-20 00:34:18",5670.0,,968edc2b-7a45-41ec-8be9-e213be5528f8,Fuel,Expense,Cash
353f1e32-4de2-44cc-814b-09b5e55071fe,1671445166407,"2022-12-19 15:49:26",400.0,"",10000000-0000-0000-0000-000000000005,Transport,Expense,Cash
17768ba6-a4a5-48ac-9be5-1b75453b7a84,1671445161527,"2022-12-19 15:49:21",320.0,,02380fa8-41a8-43fa-8e7b-2a579cfacfc2,Toxicity,Expense,Cash
ab34ca98-664c-4930-935e-f27b7cd4457b,1671255552633,"2022-12-17 11:09:12",1100.0,,02380fa8-41a8-43fa-8e7b-2a579cfacfc2,Toxicity,Expense,Cash
fede689f-34fa-4c09-8e51-9186d3f0ad5e,1671124726109,"2022-12-15 22:48:46",300.0,,02380fa8-41a8-43fa-8e7b-2a579cfacfc2,Toxicity,Expense,Cash
726a863c-5367-4ed8-b2e6-9b545f71f3d1,1671113438921,"2022-12-15 19:40:38",2120.0,,10000000-0000-0000-0000-000000000005,Transport,Expense,Cash
4bc0c562-74fe-4b64-85b9-9187d5020da2,1671104732621,"2022-12-15 17:15:32",3020.0,"Daily stoic ",8f3ee15b-f6b5-472f-8deb-939998b50f55,Career,Expense,Cash
12455893-a851-49fc-85ae-9087306d02dd,1671036078938,"2022-12-14 22:11:18",1990.0,,10000000-0000-0000-0000-000000000004,"Eating out",Expense,Cash
7e07d5c3-83f0-4ad3-8ff1-40667b72f6ce,1670980062702,"2022-12-14 06:37:42",3000.0,,10000000-0000-0000-0000-000000000004,"Eating out",Expense,Cash
346d70f2-3bfc-40b9-b5c6-7b909953e1f6,1670980062702,"2022-12-14 06:37:42",120.0,,02380fa8-41a8-43fa-8e7b-2a579cfacfc2,Toxicity,Expense,Cash
22047cb3-573a-4703-a348-2b3a8c5480a6,1670980062702,"2022-12-14 06:37:42",120.0,,02380fa8-41a8-43fa-8e7b-2a579cfacfc2,Toxicity,Expense,Cash
76186923-3dcc-4368-947a-49b50d9a484e,1670980062702,"2022-12-14 06:37:42",500.0,,6b86fb91-20d2-4296-8fc0-11af8f5db354,Brewery,Expense,Cash
1dc0e415-eb2b-4266-9f53-397a2b10c1e4,1670980062702,"2022-12-14 06:37:42",920.0,,6b86fb91-20d2-4296-8fc0-11af8f5db354,Brewery,Expense,Cash
7c2af7a8-619e-43a3-a6f1-f9fb91e8b9c4,1670980062702,"2022-12-14 06:37:42",3000.0,,968edc2b-7a45-41ec-8be9-e213be5528f8,Fuel,Expense,Cash
eccd09e3-64ed-4012-b9c4-dc3192bd12b2,1670972719116,"2022-12-14 04:35:19",910.0,,02380fa8-41a8-43fa-8e7b-2a579cfacfc2,Toxicity,Expense,Cash
850d63d6-1d6a-4295-9f23-862e59bb7a33,1670949678938,"2022-12-13 22:11:18",180.0,,02380fa8-41a8-43fa-8e7b-2a579cfacfc2,Toxicity,Expense,Cash
cefa646f-f37d-4414-a6a0-64d865918a92,1670949678938,"2022-12-13 22:11:18",580.0,,02380fa8-41a8-43fa-8e7b-2a579cfacfc2,Toxicity,Expense,Cash
bedd8f98-319f-4a8b-b0b1-5c93f9156938,1670949678938,"2022-12-13 22:11:18",360.0,,6b86fb91-20d2-4296-8fc0-11af8f5db354,Brewery,Expense,Cash
49491f90-7e17-4d35-be42-941aa4a18be3,1670949678938,"2022-12-13 22:11:18",2000.0,,10000000-0000-0000-0000-000000000004,"Eating out",Expense,Cash
57490a55-f69e-4023-9151-52d3de6b167b,1670873465946,"2022-12-13 01:01:05",140.0,,02380fa8-41a8-43fa-8e7b-2a579cfacfc2,Toxicity,Expense,Cash
bc66e68a-64cc-4db5-b5d8-8d9432c04069,1670873465946,"2022-12-13 01:01:05",500.0,,6b86fb91-20d2-4296-8fc0-11af8f5db354,Brewery,Expense,Cash
7e5e31ce-f358-491c-9103-7fba0d8666bd,1670873465946,"2022-12-13 01:01:05",1500.0,,10000000-0000-0000-0000-000000000004,"Eating out",Expense,Cash
0fc16225-3847-403e-82e7-4a730b735ca4,1670846144057,"2022-12-12 17:25:44",200.0,,02380fa8-41a8-43fa-8e7b-2a579cfacfc2,Toxicity,Expense,Cash
afc813d1-809d-4b3d-9a6c-24f630cbf1ac,1670846144057,"2022-12-12 17:25:44",140.0,,02380fa8-41a8-43fa-8e7b-2a579cfacfc2,Toxicity,Expense,Cash
da49d16d-03cb-4641-b41f-804c15975a5c,1670846144057,"2022-12-12 17:25:44",150.0,,10000000-0000-0000-0000-000000000002,House,Expense,Cash
7d8e4487-68bd-42b3-b85d-b26bc6b66489,1670756279538,"2022-12-11 16:27:59",260.0,,02380fa8-41a8-43fa-8e7b-2a579cfacfc2,Toxicity,Expense,Cash
1ed29d3f-a461-496f-8b7d-01b439bc3993,1670677539885,"2022-12-10 18:35:39",130.0,,02380fa8-41a8-43fa-8e7b-2a579cfacfc2,Toxicity,Expense,Cash
d50c809d-8e2c-48be-aba3-487d4242a6c0,1670677539885,"2022-12-10 18:35:39",200.0,,02380fa8-41a8-43fa-8e7b-2a579cfacfc2,Toxicity,Expense,Cash
42e45c4d-d76f-4c84-99fd-cbc8d7c302d0,1670677539885,"2022-12-10 18:35:39",140.0,,02380fa8-41a8-43fa-8e7b-2a579cfacfc2,Toxicity,Expense,Cash
82585217-6543-4f80-b4ab-9791c0f4f5fb,1670550372783,"2022-12-09 07:16:12",10000.0,,968edc2b-7a45-41ec-8be9-e213be5528f8,Fuel,Expense,Cash
d7f86fe6-cfd3-49bd-bae7-1b385d183778,1670550372783,"2022-12-09 07:16:12",600.0,,6b86fb91-20d2-4296-8fc0-11af8f5db354,Brewery,Expense,Cash
e210b0a2-6258-4c70-8e91-817b88072625,1670527921655,"2022-12-09 01:02:01",1200.0,,02380fa8-41a8-43fa-8e7b-2a579cfacfc2,Toxicity,Expense,Cash
18310aa4-888a-4c5e-95fc-fd9b562b015b,1670527921655,"2022-12-09 01:02:01",700.0,,02380fa8-41a8-43fa-8e7b-2a579cfacfc2,Toxicity,Expense,Cash
e8a0609c-9466-48d7-b0a7-02426bfdf5d8,1670482289728,"2022-12-08 12:21:29",8000.0,,10000000-0000-0000-0000-000000000011,Deposits,Income,Cash
9956a2cb-548e-46c4-a63c-74cb8093bd3b,1670482289728,"2022-12-08 12:21:29",400.0,,10000000-0000-0000-0000-000000000005,Transport,Expense,Cash
9ae490c3-6de3-4ccc-b386-1a168aff05b9,1670482289728,"2022-12-08 12:21:29",140.0,,02380fa8-41a8-43fa-8e7b-2a579cfacfc2,Toxicity,Expense,Cash
f8fd82ed-95d1-4b92-805a-40328f87e598,1670482289728,"2022-12-08 12:21:29",200.0,,10000000-0000-0000-0000-000000000005,Transport,Expense,Cash
9397d17e-10ff-4397-a951-66dd1fbb9e6a,1670427368437,"2022-12-07 21:06:08",44810.0,,10000000-0000-0000-0000-000000000002,House,Expense,Cash
c29c737b-48b4-4671-ac10-1836496b906e,1670418667765,"2022-12-07 18:41:07",380.0,,02380fa8-41a8-43fa-8e7b-2a579cfacfc2,Toxicity,Expense,Cash
f93ae424-73bb-4d50-bf1d-a36a995b5437,1670376708803,"2022-12-07 07:01:48",120.0,,02380fa8-41a8-43fa-8e7b-2a579cfacfc2,Toxicity,Expense,Cash
27ced15d-7379-417e-9620-89a7a3c4b1c8,1670367167418,"2022-12-07 04:22:47",2320.0,,10000000-0000-0000-0000-000000000005,Transport,Expense,Cash
11f55c40-ad6c-4b48-8358-40b17a60e068,1670340696087,"2022-12-06 21:01:36",380.0,,02380fa8-41a8-43fa-8e7b-2a579cfacfc2,Toxicity,Expense,Cash
d1cc43f5-8377-4a22-9d4f-101f627ab0cc,1670327722758,"2022-12-06 17:25:22",3500.0,,10000000-0000-0000-0000-000000000002,House,Expense,Cash
b88d81fe-191f-4864-9607-a334c2f0301c,1670327722758,"2022-12-06 17:25:22",200.0,,02380fa8-41a8-43fa-8e7b-2a579cfacfc2,Toxicity,Expense,Cash
ba1b8f9d-7f2d-4410-ae13-0320468646f2,1670290308803,"2022-12-06 07:01:48",360.0,,02380fa8-41a8-43fa-8e7b-2a579cfacfc2,Toxicity,Expense,Cash
5a0e1842-07d9-470f-b75f-dff2f1c41cbd,1670237708791,"2022-12-05 16:25:08",21980.0,,d71face0-704a-49ff-8c96-9778abb5d2e3,Bike,Expense,Cash
5cb14a0a-d658-4331-af77-ace7c9b60e24,1670237708791,"2022-12-05 16:25:08",3000.0,,d71face0-704a-49ff-8c96-9778abb5d2e3,Bike,Expense,Cash
b17af448-88d3-471f-bed0-89298dac13be,1670237708791,"2022-12-05 16:25:08",200.0,,02380fa8-41a8-43fa-8e7b-2a579cfacfc2,Toxicity,Expense,Cash
19f5dc7b-56e2-4fd1-b28a-664128bd75ca,1670237708791,"2022-12-05 16:25:08",200.0,,02380fa8-41a8-43fa-8e7b-2a579cfacfc2,Toxicity,Expense,Cash
9b729792-dd6e-4561-be33-f01cb46f3fbb,1670221708124,"2022-12-05 11:58:28",380.0,,02380fa8-41a8-43fa-8e7b-2a579cfacfc2,Toxicity,Expense,Cash
0734253a-cf96-4522-b362-66f7384fb12f,1670155922623,"2022-12-04 17:42:02",380.0,,02380fa8-41a8-43fa-8e7b-2a579cfacfc2,Toxicity,Expense,Cash
5ec82db0-a48e-460a-b291-2dafdd8b9426,1670135308124,"2022-12-04 11:58:28",380.0,,02380fa8-41a8-43fa-8e7b-2a579cfacfc2,Toxicity,Expense,Cash
0cdfc7a7-3a37-46d4-bace-26dd5b94e7da,1670069522623,"2022-12-03 17:42:02",380.0,,02380fa8-41a8-43fa-8e7b-2a579cfacfc2,Toxicity,Expense,Cash
ca3a37cf-4852-461b-98a2-6c797ae5a986,1670069522623,"2022-12-03 17:42:02",380.0,,02380fa8-41a8-43fa-8e7b-2a579cfacfc2,Toxicity,Expense,Cash
c5d7c138-7f5d-43fb-a66f-b1b44cd9ff08,1669972029439,"2022-12-02 14:37:09",1800.0,,10000000-0000-0000-0000-000000000004,"Eating out",Expense,Cash
4b0abc2c-a08f-4f68-815a-d19f3b9ce8c4,1669972029439,"2022-12-02 14:37:09",200.0,,6b86fb91-20d2-4296-8fc0-11af8f5db354,Brewery,Expense,Cash
c3d28d1f-5fc4-48d1-b756-6496a09cf845,1669972029439,"2022-12-02 14:37:09",1750.0,,02380fa8-41a8-43fa-8e7b-2a579cfacfc2,Toxicity,Expense,Cash
b46b08c6-7dbc-4794-9a91-bf08fb444a8b,1669943407631,"2022-12-02 06:40:07",360.0,,02380fa8-41a8-43fa-8e7b-2a579cfacfc2,Toxicity,Expense,Cash
4e738e5c-5bd3-4930-897a-0a1ca856919f,1669943407631,"2022-12-02 06:40:07",1180.0,,02380fa8-41a8-43fa-8e7b-2a579cfacfc2,Toxicity,Expense,Cash
ff87e12c-d419-4f39-92d0-b5d6860c2f7e,1669943407631,"2022-12-02 06:40:07",20000.0,,968edc2b-7a45-41ec-8be9-e213be5528f8,Fuel,Expense,Cash
7aadfa5b-5d97-4b76-8758-acc341d822fe,1669915033831,"2022-12-01 22:47:13",2380.0,,10000000-0000-0000-0000-000000000004,"Eating out",Expense,Cash
ef18902b-cc2d-4d87-babf-ba8e7c9c6e83,1669912851402,"2022-12-01 22:10:51",8280.0,,10000000-0000-0000-0000-000000000004,"Eating out",Expense,Cash
1945860a-3d15-4e67-8486-5a1ea2133896,1669898809936,"2022-12-01 18:16:49",720.0,,02380fa8-41a8-43fa-8e7b-2a579cfacfc2,Toxicity,Expense,Cash
aee44887-0317-4c26-b82c-5f59b91e331a,1669898809936,"2022-12-01 18:16:49",1770.0,,6b86fb91-20d2-4296-8fc0-11af8f5db354,Brewery,Expense,Cash
a98f4950-37b2-45cc-bd45-5c13f1d6d392,1669898809936,"2022-12-01 18:16:49",1950.0,,6b86fb91-20d2-4296-8fc0-11af8f5db354,Brewery,Expense,Cash
e593a2ae-3403-45f9-bb5f-f335b35bb65b,1669898809936,"2022-12-01 18:16:49",2200.0,,02380fa8-41a8-43fa-8e7b-2a579cfacfc2,Toxicity,Expense,Cash
39868485-d63a-49eb-b14c-fb18731276d9,1669887452799,"2022-12-01 15:07:32",2300.0,,10000000-0000-0000-0000-000000000004,"Eating out",Expense,Cash
123f6fbe-889d-4969-804f-310b16f4888b,1669887452799,"2022-12-01 15:07:32",560.0,,10000000-0000-0000-0000-000000000004,"Eating out",Expense,Cash
9b05789a-29e2-48dc-b825-35e242239129,1669819804702,"2022-11-30 20:20:04",1200.0,,02380fa8-41a8-43fa-8e7b-2a579cfacfc2,Toxicity,Expense,Cash
0249d084-437f-40bb-9d6b-a9017b6a6291,1669819804702,"2022-11-30 20:20:04",1350.0,,10000000-0000-0000-0000-000000000004,"Eating out",Expense,Cash
b6f2836a-dfd0-45c6-b5f4-c59c0f60a960,1669734655579,"2022-11-29 20:40:55",700.0,,10000000-0000-0000-0000-000000000005,Transport,Expense,Cash
4d8677e3-06a5-4de9-9a06-68acf287ab6a,1669734645927,"2022-11-29 20:40:45",200.0,,02380fa8-41a8-43fa-8e7b-2a579cfacfc2,Toxicity,Expense,Cash
4a7f8d98-d852-4b2e-b62a-d8b25e02280d,1669698489775,"2022-11-29 10:38:09",580.0,,10000000-0000-0000-0000-000000000001,Food,Expense,Cash
ceb597f2-57e4-47b4-9671-90474c9faa09,1669698489775,"2022-11-29 10:38:09",580.0,,10000000-0000-0000-0000-000000000004,"Eating out",Expense,Cash
cb80658d-834c-403a-8e7a-debf98c99692,1669648614817,"2022-11-28 20:46:54",600.0,,02380fa8-41a8-43fa-8e7b-2a579cfacfc2,Toxicity,Expense,Cash
87d0ca05-25d9-434c-a908-92168f392400,1669648614817,"2022-11-28 20:46:54",3000.0,,968edc2b-7a45-41ec-8be9-e213be5528f8,Fuel,Expense,Cash
bf6058da-b1f8-4e2b-817b-a3cea00d6981,1669619086627,"2022-11-28 12:34:46",350.0,,6b86fb91-20d2-4296-8fc0-11af8f5db354,Brewery,Expense,Cash
26d01247-d3df-44ba-b7d2-77930797be49,1669527483692,"2022-11-27 11:08:03",500.0,,02380fa8-41a8-43fa-8e7b-2a579cfacfc2,Toxicity,Expense,Cash
61585a3a-8f21-4ed3-b8e1-0d6477611858,1669527483692,"2022-11-27 11:08:03",300.0,,10000000-0000-0000-0000-000000000012,Bills,Expense,Cash
add1382f-85f0-4c42-9797-ef56cd8186c5,1669527483692,"2022-11-27 11:08:03",300.0,,02380fa8-41a8-43fa-8e7b-2a579cfacfc2,Toxicity,Expense,Cash
348ca299-c5d1-47ec-a88c-b515a064c1f0,1669527483692,"2022-11-27 11:08:03",400.0,,6b86fb91-20d2-4296-8fc0-11af8f5db354,Brewery,Expense,Cash
9d45bd31-f542-48e7-b048-fc5093d427b2,1669490653294,"2022-11-27 00:54:13",6480.0,"Internet ",10000000-0000-0000-0000-000000000012,Bills,Expense,Cash
a157cdef-c637-405e-be50-b4615d02b0f2,1669483011951,"2022-11-26 22:46:51",900.0,,10000000-0000-0000-0000-000000000004,"Eating out",Expense,Cash
23bd6a36-97ae-455c-8090-c2588cff1415,1669434058714,"2022-11-26 09:10:58",5670.0,,968edc2b-7a45-41ec-8be9-e213be5528f8,Fuel,Expense,Cash
d02eca09-0e66-46d8-a37d-e4e77332cfb0,1669434058714,"2022-11-26 09:10:58",500.0,,d71face0-704a-49ff-8c96-9778abb5d2e3,Bike,Expense,Cash
dc8865bb-531a-45bb-89c2-6a6330230907,1669365862432,"2022-11-25 14:14:22",5400.0,,10000000-0000-0000-0000-000000000003,Car,Expense,Cash
d55a920d-0f1f-4824-aaa5-5b2cc3f6fd2e,1669361161916,"2022-11-25 12:56:01",180.0,,02380fa8-41a8-43fa-8e7b-2a579cfacfc2,Toxicity,Expense,Cash
33d65f57-e0c9-45bc-bff1-fbccf9c567dd,1669361161916,"2022-11-25 12:56:01",200.0,,02380fa8-41a8-43fa-8e7b-2a579cfacfc2,Toxicity,Expense,Cash
cab96991-f3c4-4178-b7c0-ffff565907b5,1669347658714,"2022-11-25 09:10:58",1200.0,,02380fa8-41a8-43fa-8e7b-2a579cfacfc2,Toxicity,Expense,Cash
4366c7a4-4026-430f-a95f-d4e67b287d5c,1669347658714,"2022-11-25 09:10:58",400.0,,6b86fb91-20d2-4296-8fc0-11af8f5db354,Brewery,Expense,Cash
f4283bda-8863-4ee5-bc77-aed871eb28d1,1669347658714,"2022-11-25 09:10:58",300.0,,02380fa8-41a8-43fa-8e7b-2a579cfacfc2,Toxicity,Expense,Cash
d3b21152-ee64-493e-ba77-aa9a53e42a10,1669342777205,"2022-11-25 07:49:37",190.0,,02380fa8-41a8-43fa-8e7b-2a579cfacfc2,Toxicity,Expense,Cash
fe5789fb-6c99-4da5-bc5e-cc6b41f08715,1669342777205,"2022-11-25 07:49:37",200.0,,02380fa8-41a8-43fa-8e7b-2a579cfacfc2,Toxicity,Expense,Cash
773dc645-aac4-4641-b8d9-7088cdf3bf7c,1669306830362,"2022-11-24 21:50:30",200.0,,02380fa8-41a8-43fa-8e7b-2a579cfacfc2,Toxicity,Expense,Cash
b237d193-a1de-40b8-87c7-b9e0d221f6e0,1669298540576,"2022-11-24 19:32:20",200.0,,02380fa8-41a8-43fa-8e7b-2a579cfacfc2,Toxicity,Expense,Cash
53ee927c-432f-45a4-a27b-4939c87f8e3b,1669285795282,"2022-11-24 15:59:55",380.0,,02380fa8-41a8-43fa-8e7b-2a579cfacfc2,Toxicity,Expense,Cash
58fa71c5-7c26-44a2-b5eb-7f38faecc976,1669200058585,"2022-11-23 16:10:58",380.0,,02380fa8-41a8-43fa-8e7b-2a579cfacfc2,Toxicity,Expense,Cash
915e4197-2940-4a52-a5e8-33992c05c911,1669136103584,"2022-11-22 22:25:03",200.0,,02380fa8-41a8-43fa-8e7b-2a579cfacfc2,Toxicity,Expense,Cash
e63472b7-2dfb-465a-b6c0-2246d6d79cff,1669115785190,"2022-11-22 16:46:25",1470.0,,10000000-0000-0000-0000-000000000005,Transport,Expense,Cash
9b3308bc-410b-4be9-863b-b223590683cd,1669101681490,"2022-11-22 12:51:21",400.0,,02380fa8-41a8-43fa-8e7b-2a579cfacfc2,Toxicity,Expense,Cash
b2cfe14f-c2b7-499d-83c3-dd5acf0da528,1669101681490,"2022-11-22 12:51:21",7670.0,"Engine oil",d71face0-704a-49ff-8c96-9778abb5d2e3,Bike,Expense,Cash
6a5453f9-a692-431c-a935-8b703e85f826,1669041427130,"2022-11-21 20:07:07",380.0,,02380fa8-41a8-43fa-8e7b-2a579cfacfc2,Toxicity,Expense,Cash
0c5f0882-ecf5-4d78-a903-8a536d0b2dc2,1669028219835,"2022-11-21 16:26:59",2000.0,,10000000-0000-0000-0000-000000000001,Food,Expense,Cash
c8ee5567-02c7-4006-801a-a2c39d898e95,1669028215498,"2022-11-21 16:26:55",200.0,,02380fa8-41a8-43fa-8e7b-2a579cfacfc2,Toxicity,Expense,Cash
23ce9485-79b9-49c4-89cc-fa91bf53ff1f,1668957875845,"2022-11-20 20:54:35",2000.0,"Durga soft ",8f3ee15b-f6b5-472f-8deb-939998b50f55,Career,Expense,Cash
73249b40-b6e0-488c-b888-f01ed00d3ecf,1668936881888,"2022-11-20 15:04:41",380.0,,02380fa8-41a8-43fa-8e7b-2a579cfacfc2,Toxicity,Expense,Cash
fedc8d53-4d22-4ee5-8724-da5396bc1fa4,1668936881888,"2022-11-20 15:04:41",380.0,,02380fa8-41a8-43fa-8e7b-2a579cfacfc2,Toxicity,Expense,Cash
2133caac-1266-409d-92a1-1b6f273771e5,1668872517956,"2022-11-19 21:11:57",200.0,,02380fa8-41a8-43fa-8e7b-2a579cfacfc2,Toxicity,Expense,Cash
006774d8-2484-445b-b1e3-d83f4c699e75,1668782226022,"2022-11-18 20:07:06",200.0,,02380fa8-41a8-43fa-8e7b-2a579cfacfc2,Toxicity,Expense,Cash
8075e225-6889-4c9e-8974-7ae4907f4c2b,1668782226022,"2022-11-18 20:07:06",500.0,,10000000-0000-0000-0000-000000000012,Bills,Expense,Cash
113df706-2556-41da-83ed-bcc6a5e18496,1668782226022,"2022-11-18 20:07:06",340.0,,10000000-0000-0000-0000-000000000001,Food,Expense,Cash
63c6008a-8bb4-4a3b-980c-0cc63a118329,1668782226022,"2022-11-18 20:07:06",200.0,,02380fa8-41a8-43fa-8e7b-2a579cfacfc2,Toxicity,Expense,Cash
f37cb29c-d155-44d5-9c89-64bb12554bc4,1668684901656,"2022-11-17 17:05:01",200.0,,02380fa8-41a8-43fa-8e7b-2a579cfacfc2,Toxicity,Expense,Cash
e85c3acb-c536-4832-a842-447efa08a2cb,1668684901656,"2022-11-17 17:05:01",800.0,,10000000-0000-0000-0000-000000000004,"Eating out",Expense,Cash
6f2bb39d-2a0e-4a77-a860-2b6fa5de2469,1668663568403,"2022-11-17 11:09:28",360.0,,02380fa8-41a8-43fa-8e7b-2a579cfacfc2,Toxicity,Expense,Cash
7b5eb4a2-53df-4d9a-aa72-60fee87fd2dd,1668654118366,"2022-11-17 08:31:58",550.0,,10000000-0000-0000-0000-000000000004,"Eating out",Expense,Cash
7b427525-6286-41db-a961-695847103bf5,1668605804713,"2022-11-16 19:06:44",560.0,,02380fa8-41a8-43fa-8e7b-2a579cfacfc2,Toxicity,Expense,Cash
16446c53-3720-4445-bf20-da2c979c027e,1668605804713,"2022-11-16 19:06:44",20.0,,02380fa8-41a8-43fa-8e7b-2a579cfacfc2,Toxicity,Expense,Cash
f0fedef5-d5b3-4b51-83dc-36197aaca20b,1668605804713,"2022-11-16 19:06:44",156500.0,Ilets,8f3ee15b-f6b5-472f-8deb-939998b50f55,Career,Expense,Cash
139e8d22-3087-422d-8814-80805f45b49a,1668520329330,"2022-11-15 19:22:09",200.0,,02380fa8-41a8-43fa-8e7b-2a579cfacfc2,Toxicity,Expense,Cash
e9d4be39-9929-40fb-b735-64529cff700a,1668520329330,"2022-11-15 19:22:09",7110.0,,10000000-0000-0000-0000-000000000004,"Eating out",Expense,Cash
46841952-7e2d-4947-adfe-c6ccf71e1093,1668412675159,"2022-11-14 13:27:55",380.0,,02380fa8-41a8-43fa-8e7b-2a579cfacfc2,Toxicity,Expense,Cash
d7148171-e28e-450f-a0eb-cfe6db861ecb,1668358545026,"2022-11-13 22:25:45",380.0,,02380fa8-41a8-43fa-8e7b-2a579cfacfc2,Toxicity,Expense,Cash
ea5a39a6-92ba-4915-828c-19b0f9ea82a4,1668347895017,"2022-11-13 19:28:15",400.0,,02380fa8-41a8-43fa-8e7b-2a579cfacfc2,Toxicity,Expense,Cash
2026886a-eebe-446f-9eba-c3e3aaeb754b,1668255643616,"2022-11-12 17:50:43",8380.0,,10000000-0000-0000-0000-000000000002,House,Expense,Cash
6f570fa7-c1ce-4387-ba7b-e4dbfd21df69,1668255643616,"2022-11-12 17:50:43",200.0,,02380fa8-41a8-43fa-8e7b-2a579cfacfc2,Toxicity,Expense,Cash
f87c10d5-7db9-4ecc-90ec-6817be0d09d1,1668236492347,"2022-11-12 12:31:32",380.0,,02380fa8-41a8-43fa-8e7b-2a579cfacfc2,Toxicity,Expense,Cash
d638022f-17d3-4e22-b705-32988e713276,1668157035677,"2022-11-11 14:27:15",5030.0,,10000000-0000-0000-0000-000000000001,Food,Expense,Cash
4ef34dfc-cb23-4d27-ad59-dd1aa860d5a9,1668157035677,"2022-11-11 14:27:15",360.0,,02380fa8-41a8-43fa-8e7b-2a579cfacfc2,Toxicity,Expense,Cash
21007944-14af-4ba8-b7c0-171bd7d7d781,1668157035677,"2022-11-11 14:27:15",1200.0,,6b86fb91-20d2-4296-8fc0-11af8f5db354,Brewery,Expense,Cash
3a699cae-dc76-4268-98da-5c9a7bcfee18,1668094048970,"2022-11-10 20:57:28",380.0,,02380fa8-41a8-43fa-8e7b-2a579cfacfc2,Toxicity,Expense,Cash
d72ec6a2-1c83-4418-8b07-e5f0722ec827,1668078469745,"2022-11-10 16:37:49",1040.0,,10000000-0000-0000-0000-000000000004,"Eating out",Expense,Cash
2d812d5f-2f0f-44b1-8609-3baeaed60ba4,1668078428977,"2022-11-10 16:37:08",380.0,,02380fa8-41a8-43fa-8e7b-2a579cfacfc2,Toxicity,Expense,Cash
9cfb5138-05ae-4d59-9293-3ea71f0c0122,1667985407080,"2022-11-09 14:46:47",440.0,,02380fa8-41a8-43fa-8e7b-2a579cfacfc2,Toxicity,Expense,Cash
f213e02f-0b1f-4f61-b223-b2f1682e19a8,1667834261654,"2022-11-07 20:47:41",200.0,,02380fa8-41a8-43fa-8e7b-2a579cfacfc2,Toxicity,Expense,Cash
5a965def-7790-4d99-8c99-3aab4de13541,1667812956970,"2022-11-07 14:52:36",200.0,,02380fa8-41a8-43fa-8e7b-2a579cfacfc2,Toxicity,Expense,Cash
7af8a71c-dd69-41a8-b362-0393052b012f,1667743622189,"2022-11-06 19:37:02",180.0,,02380fa8-41a8-43fa-8e7b-2a579cfacfc2,Toxicity,Expense,Cash
726cd661-6651-482c-bd87-1da70691b032,1667743622189,"2022-11-06 19:37:02",540.0,,10000000-0000-0000-0000-000000000001,Food,Expense,Cash
ab0c0ba9-2701-4a81-aac3-b56a3160d4c5,1667743622189,"2022-11-06 19:37:02",180.0,,02380fa8-41a8-43fa-8e7b-2a579cfacfc2,Toxicity,Expense,Cash
b47e175d-402c-43e6-80b4-591e4ffd92ec,1667733987118,"2022-11-06 16:56:27",180.0,,02380fa8-41a8-43fa-8e7b-2a579cfacfc2,Toxicity,Expense,Cash
35780251-2ea5-4ad8-8924-25937d188706,1667654812419,"2022-11-05 18:56:52",360.0,,02380fa8-41a8-43fa-8e7b-2a579cfacfc2,Toxicity,Expense,Cash
e00fde6d-3ba5-461d-80c7-64a409171c96,1667642698874,"2022-11-05 15:34:58",42670.0,,10000000-0000-0000-0000-000000000002,House,Expense,Cash
d58c5ac9-6819-49ec-b122-5913a354d718,1667577859852,"2022-11-04 21:34:19",800.0,,10000000-0000-0000-0000-000000000004,"Eating out",Expense,Cash
0117e522-ca03-44fb-839b-c02dfa0c330d,1667577818236,"2022-11-04 21:33:38",360.0,,02380fa8-41a8-43fa-8e7b-2a579cfacfc2,Toxicity,Expense,Cash
6f5d8f2b-717f-4ae6-80f8-950fbde2b71a,1667449983141,"2022-11-03 10:03:03",200.0,,02380fa8-41a8-43fa-8e7b-2a579cfacfc2,Toxicity,Expense,Cash
4d1e4b3a-1ccc-4d96-895a-5b7e941c064f,1667432366539,"2022-11-03 05:09:26",9480.0,,10000000-0000-0000-0000-00000000000b,Clothes,Expense,Cash
e08517e2-2351-4901-97e0-b8bfc4aed053,1667412390782,"2022-11-02 23:36:30",2460.0,,10000000-0000-0000-0000-000000000002,House,Expense,Cash
5db46940-0e4b-4cef-9542-fa8bbdc58e23,1667404263486,"2022-11-02 21:21:03",360.0,,02380fa8-41a8-43fa-8e7b-2a579cfacfc2,Toxicity,Expense,Cash
a9324d27-2bcf-4507-92fe-d4674ff19946,1667393362832,"2022-11-02 18:19:22",30000.0,,10000000-0000-0000-0000-000000000011,Deposits,Income,Cash
516a89c2-3c2b-4273-aad6-c19b521e7f76,1667331278971,"2022-11-02 01:04:38",4890.0,,10000000-0000-0000-0000-000000000002,House,Expense,Cash
a1c59a9f-e79c-4bb8-b8f9-7a882ebc3e2d,1667319692992,"2022-11-01 21:51:32",280.0,,02380fa8-41a8-43fa-8e7b-2a579cfacfc2,Toxicity,Expense,Cash
bb786863-74ac-4330-96ac-2b7877657432,1667221857729,"2022-10-31 18:40:57",200.0,,02380fa8-41a8-43fa-8e7b-2a579cfacfc2,Toxicity,Expense,Cash
529fe9b5-35dc-45c6-b5ff-53d6861cc340,1667221857729,"2022-10-31 18:40:57",540.0,,10000000-0000-0000-0000-000000000001,Food,Expense,Cash
a6e3aa17-e1bd-4946-942e-b6e04dbbc119,1667219489224,"2022-10-31 18:01:29",30000.0,,10000000-0000-0000-0000-000000000011,Deposits,Income,Cash
b71749d2-6a11-4107-8101-f4c50065e690,1667059515363,"2022-10-29 21:35:15",1800.0,,10000000-0000-0000-0000-000000000004,"Eating out",Expense,Cash
c23509d9-f0e8-4cca-a197-4d4bbbdc3b34,1667059132341,"2022-10-29 21:28:52",540.0,,02380fa8-41a8-43fa-8e7b-2a579cfacfc2,Toxicity,Expense,Cash
c03e29cc-c687-47f8-bf26-ad6d12218ac0,1666947179526,"2022-10-28 14:22:59",3260.0,,10000000-0000-0000-0000-000000000002,House,Expense,Cash
1186472b-1036-4038-a5b0-3955b1888907,1666851822640,"2022-10-27 11:53:42",6480.0,"Internet ",10000000-0000-0000-0000-000000000002,House,Expense,Cash
68af4bfc-b089-4a09-94eb-1fb6c9dbe520,1666758387838,"2022-10-26 09:56:27",9990.0,,10000000-0000-0000-0000-00000000000b,Clothes,Expense,Cash
07d57560-b8f9-48f3-9f90-bca168f47100,1666273091365,"2022-10-20 19:08:11",360.0,,02380fa8-41a8-43fa-8e7b-2a579cfacfc2,Toxicity,Expense,Cash
ce901602-0436-4da9-abb7-a85e02e717dc,1666249584215,"2022-10-20 12:36:24",4550.0,,10000000-0000-0000-0000-000000000002,House,Expense,Cash
77c3d5a7-a776-4901-b68d-787b843dafc3,1666009889224,"2022-10-17 18:01:29",40000.0,,10000000-0000-0000-0000-000000000011,Deposits,Income,Cash
5c1c4dd0-b6f8-463f-b807-7386b745f775,1665545000425,"2022-10-12 08:53:20",450.0,,10000000-0000-0000-0000-000000000004,"Eating out",Expense,Cash
febfb3e9-d0ec-4d56-8ad5-ff220e891615,1665491889457,"2022-10-11 18:08:09",180.0,,02380fa8-41a8-43fa-8e7b-2a579cfacfc2,Toxicity,Expense,Cash
09f347c4-a784-44a0-98cd-929f68d53e7f,1665448881233,"2022-10-11 06:11:21",180.0,,02380fa8-41a8-43fa-8e7b-2a579cfacfc2,Toxicity,Expense,Cash
5fb3aaf5-02c5-4f01-b4c2-72bfc29dba1f,1665417620129,"2022-10-10 21:30:20",200.0,,02380fa8-41a8-43fa-8e7b-2a579cfacfc2,Toxicity,Expense,Cash
e72c3e70-22a2-412f-8624-c3b7de3597c9,1665329481838,"2022-10-09 21:01:21",200.0,,02380fa8-41a8-43fa-8e7b-2a579cfacfc2,Toxicity,Expense,Cash
1fa36b83-0e96-4cff-a5b8-809c0322b32b,1665329479225,"2022-10-09 21:01:19",600.0,,10000000-0000-0000-0000-000000000001,Food,Expense,Cash
63a3efe0-330e-4648-82c3-4531da3ed03e,1665159084404,"2022-10-07 21:41:24",200.0,,02380fa8-41a8-43fa-8e7b-2a579cfacfc2,Toxicity,Expense,Cash
8d4ff9a2-fdf3-45ba-9dcd-738a7105a077,1665159084404,"2022-10-07 21:41:24",380.0,,10000000-0000-0000-0000-000000000002,House,Expense,Cash
4d7017c4-ea5c-4a4f-90c3-f555a0a6c6e0,1665143243870,"2022-10-07 17:17:23",6350.0,,10000000-0000-0000-0000-000000000004,"Eating out",Expense,Cash
0e51306b-1ef0-4a59-aa34-bbf2a0e8b5bf,1665140140673,"2022-10-07 16:25:40",330.0,,10000000-0000-0000-0000-000000000001,Food,Expense,Cash
e3889055-e01e-4733-9f1e-c71459c31e50,1665139855810,"2022-10-07 16:20:55",200.0,,02380fa8-41a8-43fa-8e7b-2a579cfacfc2,Toxicity,Expense,Cash
0b551ed1-78ef-42a2-b3e6-6eb37a3d733a,1665139855810,"2022-10-07 16:20:55",600.0,,10000000-0000-0000-0000-000000000004,"Eating out",Expense,Cash
40c10464-3811-450b-9638-06c0d4df46ce,1664903261750,"2022-10-04 22:37:41",49630.0,Rent,10000000-0000-0000-0000-000000000002,House,Expense,Cash
3dba787a-dd92-4119-853d-a138f496e8f6,1664761066888,"2022-10-03 07:07:46",4990.0,"Engine oil refund",10000000-0000-0000-0000-000000000011,Deposits,Income,Cash
cade7480-0e9a-4aed-8861-ca74509a2f3a,1664761066888,"2022-10-03 07:07:46",200.0,,6b86fb91-20d2-4296-8fc0-11af8f5db354,Brewery,Expense,Cash
5c392ef9-7a51-4ec1-bbba-6ccfbbcff4b1,1664761066888,"2022-10-03 07:07:46",1280.0,,02380fa8-41a8-43fa-8e7b-2a579cfacfc2,Toxicity,Expense,Cash
fdda99b8-7a7d-4f1f-991b-5db2c9dcebe0,1664695201665,"2022-10-02 12:50:01",1200.0,,02380fa8-41a8-43fa-8e7b-2a579cfacfc2,Toxicity,Expense,Cash
464c1e90-867d-4571-ad52-e4e49c370dda,1664644006627,"2022-10-01 22:36:46",1830.0,,02380fa8-41a8-43fa-8e7b-2a579cfacfc2,Toxicity,Expense,Cash
a8a61320-9934-401e-822b-cb9ce1ad3b9f,1664644006627,"2022-10-01 22:36:46",300.0,,6b86fb91-20d2-4296-8fc0-11af8f5db354,Brewery,Expense,Cash
2d498414-73e8-4bdf-aba2-6e807857fd01,1664644006627,"2022-10-01 22:36:46",2250.0,,10000000-0000-0000-0000-000000000004,"Eating out",Expense,Cash
40e49cfe-8fa2-43a2-a027-34a7b7cd3726,1664644006627,"2022-10-01 22:36:46",400.0,,6b86fb91-20d2-4296-8fc0-11af8f5db354,Brewery,Expense,Cash
df4de3ef-2808-4e7d-a6ea-7b965fab408d,1664614637464,"2022-10-01 14:27:17",1400.0,,10000000-0000-0000-0000-000000000001,Food,Expense,Cash
5372f764-b467-427b-afd2-6acd6d5109cb,1664614637464,"2022-10-01 14:27:17",1280.0,,02380fa8-41a8-43fa-8e7b-2a579cfacfc2,Toxicity,Expense,Cash
4c56f291-dc6c-4df0-b2b0-e5a9cd416a9a,1664614637464,"2022-10-01 14:27:17",580.0,,10000000-0000-0000-0000-000000000002,House,Expense,Cash
7b9ca7cc-234a-4300-8e78-c04700bbe775,1664614637464,"2022-10-01 14:27:17",400.0,,6b86fb91-20d2-4296-8fc0-11af8f5db354,Brewery,Expense,Cash
b1f052a7-f7ac-4d5d-a682-61fc98d0d4a5,1664556432817,"2022-09-30 22:17:12",2750.0,,10000000-0000-0000-0000-000000000004,"Eating out",Expense,Cash
f2f9a959-5f7f-407f-b120-29ec6e37486a,1664556432817,"2022-09-30 22:17:12",1150.0,,02380fa8-41a8-43fa-8e7b-2a579cfacfc2,Toxicity,Expense,Cash
fa08b5a7-f924-4c27-a844-bb8f31b677a4,1664556432817,"2022-09-30 22:17:12",850.0,,6b86fb91-20d2-4296-8fc0-11af8f5db354,Brewery,Expense,Cash
b5849451-1d34-4fc8-9fd8-843eea5a838d,1664527471224,"2022-09-30 14:14:31",400.0,,6b86fb91-20d2-4296-8fc0-11af8f5db354,Brewery,Expense,Cash
4a2f2677-d512-4234-bee9-6d496c448e0c,1664527471224,"2022-09-30 14:14:31",1400.0,,02380fa8-41a8-43fa-8e7b-2a579cfacfc2,Toxicity,Expense,Cash
6059751a-e75a-4673-9661-6c30bf6168ad,1664527471224,"2022-09-30 14:14:31",480.0,,10000000-0000-0000-0000-000000000004,"Eating out",Expense,Cash
e10346a1-4c94-424f-a0df-c2877bb4b5ae,1664527471224,"2022-09-30 14:14:31",1600.0,,10000000-0000-0000-0000-000000000001,Food,Expense,Cash
a0cffac3-6d06-4c49-ac60-a5fa27570e8e,1664488009613,"2022-09-30 03:16:49",4960.0,,8f3ee15b-f6b5-472f-8deb-939998b50f55,Career,Expense,Cash
ec9cc39c-c87b-4a7c-9963-f4d0de743c43,1664440163270,"2022-09-29 13:59:23",300.0,,02380fa8-41a8-43fa-8e7b-2a579cfacfc2,Toxicity,Expense,Cash
87ace392-be94-4d70-8baa-0a4f64664bd5,1664440163270,"2022-09-29 13:59:23",300.0,,10000000-0000-0000-0000-000000000004,"Eating out",Expense,Cash
3d40cf73-4a0a-4a57-9914-d64b0092082b,1664440163270,"2022-09-29 13:59:23",1300.0,"",02380fa8-41a8-43fa-8e7b-2a579cfacfc2,Toxicity,Expense,Cash
858d351f-ef98-428d-9381-7c4fd04ef38a,1664439181637,"2022-09-29 13:43:01",1200.0,,02380fa8-41a8-43fa-8e7b-2a579cfacfc2,Toxicity,Expense,Cash
92ea5ff1-be84-45c2-b270-5ee2440d9bdb,1664439181637,"2022-09-29 13:43:01",300.0,,6b86fb91-20d2-4296-8fc0-11af8f5db354,Brewery,Expense,Cash
b0a5c7c7-ba50-4dc5-8e4b-268d7ecb82e9,1664439181637,"2022-09-29 13:43:01",200.0,,10000000-0000-0000-0000-000000000004,"Eating out",Expense,Cash
25b2bcd7-3ce8-4246-a080-f9446c2bb539,1664352051185,"2022-09-28 13:30:51",600.0,"",10000000-0000-0000-0000-000000000001,Food,Expense,Cash
9af58cb4-38b0-473e-9357-1cb337029c6d,1664352051185,"2022-09-28 13:30:51",480.0,"",10000000-0000-0000-0000-000000000004,"Eating out",Expense,Cash
4a98cc98-b793-4002-a9f0-043d9f23125f,1664352051185,"2022-09-28 13:30:51",1900.0,"",10000000-0000-0000-0000-000000000001,Food,Expense,Cash
600fd515-4f41-4e3a-aea9-22b409a97516,1664352051185,"2022-09-28 13:30:51",1200.0,"",02380fa8-41a8-43fa-8e7b-2a579cfacfc2,Toxicity,Expense,Cash
8ce1a01e-798c-4850-9cbe-9e3cb100c27f,1664285062937,"2022-09-27 18:54:22",70000.0,Ilets,8f3ee15b-f6b5-472f-8deb-939998b50f55,Career,Expense,Cash
5c9c8943-94b2-49e4-af57-13bfd7ec5713,1664285062937,"2022-09-27 18:54:22",1000.0,"",6b86fb91-20d2-4296-8fc0-11af8f5db354,Brewery,Expense,Cash
150055cf-89bd-4734-a1e8-891d86382d24,1664285062937,"2022-09-27 18:54:22",1200.0,"",10000000-0000-0000-0000-000000000004,"Eating out",Expense,Cash
90d7f15d-697a-4ce1-aca9-2ca8dc4a9381,1664285062937,"2022-09-27 18:54:22",5670.0,"",968edc2b-7a45-41ec-8be9-e213be5528f8,Fuel,Expense,Cash
3bcc4686-43eb-4a95-851b-b45f2863e11d,1664265128304,"2022-09-27 13:22:08",1900.0,"",10000000-0000-0000-0000-000000000004,"Eating out",Expense,Cash
fa4213f5-bdb3-4e3c-9bf5-1cd6324bb1a7,1664180937871,"2022-09-26 13:58:57",1490.0,Recharge,10000000-0000-0000-0000-000000000012,Bills,Expense,Cash
6957aa32-be60-4c37-9634-4903150dc6e0,1664034266513,"2022-09-24 21:14:26",5490.0,"Engine oil",d71face0-704a-49ff-8c96-9778abb5d2e3,Bike,Expense,Cash
1e650fa4-f468-4c02-b591-136a3f066daa,1663943846726,"2022-09-23 20:07:26",1200.0,"",02380fa8-41a8-43fa-8e7b-2a579cfacfc2,Toxicity,Expense,Cash
4f6eaf77-79ae-4653-9032-766fa86eea73,1663943846726,"2022-09-23 20:07:26",700.0,"",6b86fb91-20d2-4296-8fc0-11af8f5db354,Brewery,Expense,Cash
897b95bd-06a6-4226-915f-8cff973ce71e,1663914958516,"2022-09-23 12:05:58",180.0,"",02380fa8-41a8-43fa-8e7b-2a579cfacfc2,Toxicity,Expense,Cash
ee49236e-2a9d-4758-b6f1-8e1badd4f256,1663914958516,"2022-09-23 12:05:58",1200.0,"",02380fa8-41a8-43fa-8e7b-2a579cfacfc2,Toxicity,Expense,Cash
a63b7552-7411-496d-b4f0-01c372a48274,1663914958516,"2022-09-23 12:05:58",100.0,"",6b86fb91-20d2-4296-8fc0-11af8f5db354,Brewery,Expense,Cash
c883f270-e2c2-4f81-89e9-5a3fa2c6bf04,1663914958516,"2022-09-23 12:05:58",2000.0,"",10000000-0000-0000-0000-000000000004,"Eating out",Expense,Cash
6609204e-8fa3-485a-8854-dbcdb9217700,1663864342464,"2022-09-22 22:02:22",5460.0,"",10000000-0000-0000-0000-000000000002,House,Expense,Cash
cc7e0e5e-29ff-48c6-bdf9-f83bc6de0adf,1663864342464,"2022-09-22 22:02:22",2300.0,"",02380fa8-41a8-43fa-8e7b-2a579cfacfc2,Toxicity,Expense,Cash
bebde61c-917a-4654-a7e9-b181ff85316f,1663793976786,"2022-09-22 02:29:36",4750.0,"",10000000-0000-0000-0000-000000000004,"Eating out",Expense,Cash
984f1fb2-a021-425c-b9a8-60799228d7d0,1663750832310,"2022-09-21 14:30:32",1200.0,"",02380fa8-41a8-43fa-8e7b-2a579cfacfc2,Toxicity,Expense,Cash
7e18c427-7419-4b1b-acb6-8bae5f0754ea,1663701779992,"2022-09-21 00:52:59",1200.0,"",02380fa8-41a8-43fa-8e7b-2a579cfacfc2,Toxicity,Expense,Cash
392a8e2c-f61d-4b77-86bf-d620fff9ae13,1663680479496,"2022-09-20 18:57:59",400.0,"",10000000-0000-0000-0000-000000000004,"Eating out",Expense,Cash
4365af2b-8aa0-4779-bb2e-667f75c10b46,1663680479496,"2022-09-20 18:57:59",1720.0,"",10000000-0000-0000-0000-000000000004,"Eating out",Expense,Cash
7ef9f917-399d-430f-8fe9-4bf629ceb2c6,1663635889400,"2022-09-20 06:34:49",360.0,"",02380fa8-41a8-43fa-8e7b-2a579cfacfc2,Toxicity,Expense,Cash
5809c38b-255e-40ee-9a8b-65ad8baf3648,1663635889400,"2022-09-20 06:34:49",180.0,"",02380fa8-41a8-43fa-8e7b-2a579cfacfc2,Toxicity,Expense,Cash
dd42561c-0cc3-45a9-b802-2c3a6ad8d436,1663635889400,"2022-09-20 06:34:49",250.0,"",6b86fb91-20d2-4296-8fc0-11af8f5db354,Brewery,Expense,Cash
3e96e2d0-ef93-4449-9b6a-77fbf91c50e8,1663517848706,"2022-09-18 21:47:28",360.0,"",02380fa8-41a8-43fa-8e7b-2a579cfacfc2,Toxicity,Expense,Cash
3e1dcab3-92c4-437b-9922-f8d4090e1de2,1663517848706,"2022-09-18 21:47:28",1500.0,"",10000000-0000-0000-0000-000000000004,"Eating out",Expense,Cash
6d7569eb-24b8-4575-96e6-d08e545d3a31,1663517848706,"2022-09-18 21:47:28",360.0,"",02380fa8-41a8-43fa-8e7b-2a579cfacfc2,Toxicity,Expense,Cash
3c98a584-6549-4d07-87fb-a1fd34bbf399,1663427377757,"2022-09-17 20:39:37",800.0,"",10000000-0000-0000-0000-000000000004,"Eating out",Expense,Cash
948534f2-0c58-4378-9f2a-9232c25c3379,1663427377757,"2022-09-17 20:39:37",200.0,"",02380fa8-41a8-43fa-8e7b-2a579cfacfc2,Toxicity,Expense,Cash
43297697-3256-4a41-a769-077f63b7af28,1663414252345,"2022-09-17 17:00:52",200.0,"",02380fa8-41a8-43fa-8e7b-2a579cfacfc2,Toxicity,Expense,Cash
7bf9b9b3-d8ee-4e78-acf3-fe928a4b4c6d,1663173630702,"2022-09-14 22:10:30",200.0,"",02380fa8-41a8-43fa-8e7b-2a579cfacfc2,Toxicity,Expense,Cash
31f0070f-c794-479b-bb9e-e3ba8f2750f4,1663144321210,"2022-09-14 14:02:01",6640.0,"",10000000-0000-0000-0000-000000000002,House,Expense,Cash
cfd5f56c-ea3e-40ef-8c6c-3ff7fbd5bb3f,1663087359508,"2022-09-13 22:12:39",400.0,"",02380fa8-41a8-43fa-8e7b-2a579cfacfc2,Toxicity,Expense,Cash
0f821797-251d-40a5-8d9c-284166cbd0f9,1662972989129,"2022-09-12 14:26:29",50000.0,"",10000000-0000-0000-0000-000000000011,Deposits,Income,Cash
4b4378b0-6779-437d-afa5-3f79f5ccc387,1662915642577,"2022-09-11 22:30:42",640.0,"",10000000-0000-0000-0000-000000000004,"Eating out",Expense,Cash
a417f414-0ee1-4113-8171-0e123ac2114c,1662898551507,"2022-09-11 17:45:51",500.0,"",10000000-0000-0000-0000-000000000001,Food,Expense,Cash
47f03577-0d05-4668-b912-cfa89ecc3a9d,1662898551507,"2022-09-11 17:45:51",1000.0,"",10000000-0000-0000-0000-000000000004,"Eating out",Expense,Cash
fb11961e-7335-498f-980c-09adb51859fa,1662898551507,"2022-09-11 17:45:51",400.0,"",6b86fb91-20d2-4296-8fc0-11af8f5db354,Brewery,Expense,Cash
75879bf1-9e52-4856-a5fa-e65f182b00b5,1662825313424,"2022-09-10 21:25:13",1050.0,"",6b86fb91-20d2-4296-8fc0-11af8f5db354,Brewery,Expense,Cash
42a72c01-8372-461a-9380-cc414d561455,1662825313424,"2022-09-10 21:25:13",1100.0,"",10000000-0000-0000-0000-000000000004,"Eating out",Expense,Cash
68923b2e-3625-444d-a288-26d11ad75b69,1662825313424,"2022-09-10 21:25:13",180.0,"",02380fa8-41a8-43fa-8e7b-2a579cfacfc2,Toxicity,Expense,Cash
eac62854-feda-45b4-8ee7-49a676801d80,1662788090768,"2022-09-10 11:04:50",20000.0,"",10000000-0000-0000-0000-000000000011,Deposits,Income,Cash
15ba7604-b04d-4f1b-a3bc-9320d33ed8e5,1662742891251,"2022-09-09 22:31:31",1400.0,"",10000000-0000-0000-0000-000000000004,"Eating out",Expense,Cash
71d6fb3b-1619-4a8a-915c-2a8753fe6b97,1662742891251,"2022-09-09 22:31:31",400.0,"",6b86fb91-20d2-4296-8fc0-11af8f5db354,Brewery,Expense,Cash
db3dbcc6-a94c-477a-83f1-75212b8e6661,1662730783281,"2022-09-09 19:09:43",1200.0,"",02380fa8-41a8-43fa-8e7b-2a579cfacfc2,Toxicity,Expense,Cash
f958f50c-6ac9-4f97-a978-55b07292441f,1662730783281,"2022-09-09 19:09:43",2500.0,Haircut,10000000-0000-0000-0000-000000000012,Bills,Expense,Cash
aa67557f-f60d-431b-8e87-cff0d131aee8,1662660186769,"2022-09-08 23:33:06",1200.0,"",02380fa8-41a8-43fa-8e7b-2a579cfacfc2,Toxicity,Expense,Cash
c34fcbaa-ab81-42d5-8814-7cb156a4fda9,1662660186769,"2022-09-08 23:33:06",1500.0,"",10000000-0000-0000-0000-000000000004,"Eating out",Expense,Cash
b4a5f661-24bb-4c62-acb3-bd40c2241f70,1662660186769,"2022-09-08 23:33:06",350.0,"",10000000-0000-0000-0000-000000000004,"Eating out",Expense,Cash
1033bf89-7ec0-42ba-8af6-e0d7375c68af,1662613543404,"2022-09-08 10:35:43",300.0,"",6b86fb91-20d2-4296-8fc0-11af8f5db354,Brewery,Expense,Cash
a9a613f6-d46c-4752-8b3e-fd75bd9101c8,1662568298626,"2022-09-07 22:01:38",1300.0,"",10000000-0000-0000-0000-000000000004,"Eating out",Expense,Cash
2a1c6f8f-f93a-4d02-b7f8-73402b9a6b22,1662568298626,"2022-09-07 22:01:38",1400.0,"",10000000-0000-0000-0000-000000000004,"Eating out",Expense,Cash
5728d9d5-3c57-415d-b7ae-69a0d7ccaae6,1662551457074,"2022-09-07 17:20:57",156500.0,Ilets,8f3ee15b-f6b5-472f-8deb-939998b50f55,Career,Expense,Cash
532ce6be-d01e-4c5e-9bd8-d509db212dcc,1662542421463,"2022-09-07 14:50:21",1200.0,"",02380fa8-41a8-43fa-8e7b-2a579cfacfc2,Toxicity,Expense,Cash
8d6ee461-65e8-4a24-a9eb-c330bf50df40,1662527143404,"2022-09-07 10:35:43",5670.0,"",968edc2b-7a45-41ec-8be9-e213be5528f8,Fuel,Expense,Cash
52482345-4388-419f-b999-283d258aa54b,1662521003600,"2022-09-07 08:53:23",46460.0,Rent,10000000-0000-0000-0000-000000000002,House,Expense,Cash
6eac7b80-4ec6-4969-a8ed-1982af0b3cc0,1662482020983,"2022-09-06 22:03:40",14990.0,Hotstar,10000000-0000-0000-0000-000000000012,Bills,Expense,Cash
fe1b7eef-db8f-41b5-80d7-3dadaefc479a,1662458392309,"2022-09-06 15:29:52",3800.0,"",10000000-0000-0000-0000-000000000004,"Eating out",Expense,Cash
5cff93df-7925-467d-9b20-063226192a20,1662458392309,"2022-09-06 15:29:52",1200.0,"",02380fa8-41a8-43fa-8e7b-2a579cfacfc2,Toxicity,Expense,Cash
40ab4d15-51f7-49ce-8fdf-1330cd4777f2,1662458392309,"2022-09-06 15:29:52",100000.0,"",10000000-0000-0000-0000-000000000011,Deposits,Income,Cash
a01939e3-56ae-462c-b332-0ec4b685ef67,1662456021463,"2022-09-06 14:50:21",1300.0,"Photos ",10000000-0000-0000-0000-000000000012,Bills,Expense,Cash
574970aa-00e6-42c8-8c91-c51b82e87529,1662435539415,"2022-09-06 09:08:59",1490.0,"",10000000-0000-0000-0000-000000000012,Bills,Expense,Cash
bee5db91-ded3-43ed-9166-7be1ba969ca6,1662394148534,"2022-09-05 21:39:08",400.0,"",02380fa8-41a8-43fa-8e7b-2a579cfacfc2,Toxicity,Expense,Cash
7cce3aa5-3e77-419b-b542-ebdafb781c69,1662262098656,"2022-09-04 08:58:18",6480.0,"",10000000-0000-0000-0000-000000000012,Bills,Expense,Cash
b246493e-f75c-4648-8103-501f992b8eb8,1662140338811,"2022-09-02 23:08:58",3180.0,"",10000000-0000-0000-0000-000000000004,"Eating out",Expense,Cash
ce81bbdc-8c74-4769-9fb8-1f2bcec6c8cb,1662050011348,"2022-09-01 22:03:31",300.0,"",10000000-0000-0000-0000-000000000001,Food,Expense,Cash
7251a96d-fc53-447c-9ecf-378943198ccf,1662050011348,"2022-09-01 22:03:31",180.0,"",02380fa8-41a8-43fa-8e7b-2a579cfacfc2,Toxicity,Expense,Cash
51e686e6-ddfc-42c0-be7f-cb3b98ae11b0,1662050011348,"2022-09-01 22:03:31",1640.0,"",02380fa8-41a8-43fa-8e7b-2a579cfacfc2,Toxicity,Expense,Cash
96d7c11f-bc9c-4efb-aa7d-c9e541bf9925,1662050011348,"2022-09-01 22:03:31",6260.0,"",10000000-0000-0000-0000-000000000004,"Eating out",Expense,Cash
0c0bc10c-44bd-4f41-823b-71c004c63087,1662050011348,"2022-09-01 22:03:31",1200.0,"",02380fa8-41a8-43fa-8e7b-2a579cfacfc2,Toxicity,Expense,Cash
5fc986e2-33c5-4c3d-9439-89a11d431f97,1661848643837,"2022-08-30 14:07:23",200.0,"",02380fa8-41a8-43fa-8e7b-2a579cfacfc2,Toxicity,Expense,Cash
23401bf8-cd0b-4414-83dc-d60ea8788b58,1661762243837,"2022-08-29 14:07:23",200.0,"",02380fa8-41a8-43fa-8e7b-2a579cfacfc2,Toxicity,Expense,Cash
86f3962f-cc0c-462d-879e-b6bc91470fb1,1661675843837,"2022-08-28 14:07:23",5670.0,"",968edc2b-7a45-41ec-8be9-e213be5528f8,Fuel,Expense,Cash
50fe2879-3c54-41c2-bfe9-3f0e414cd5ee,1661440595043,"2022-08-25 20:46:35",200.0,"",02380fa8-41a8-43fa-8e7b-2a579cfacfc2,Toxicity,Expense,Cash
24b8d3f2-9e82-4204-b4aa-949af903356d,1661361319958,"2022-08-24 22:45:19",200.0,"",02380fa8-41a8-43fa-8e7b-2a579cfacfc2,Toxicity,Expense,Cash
ff19147b-7003-4a56-9c32-1f3b25531107,1661344538821,"2022-08-24 18:05:38",160.0,"",10000000-0000-0000-0000-000000000004,"Eating out",Expense,Cash
6cef1b2a-898d-4553-b024-ebf974b0ad86,1661148953918,"2022-08-22 11:45:53",180.0,"",02380fa8-41a8-43fa-8e7b-2a579cfacfc2,Toxicity,Expense,Cash
0abff74f-0127-43d2-840e-011b629d28c0,1661148953918,"2022-08-22 11:45:53",200.0,"",02380fa8-41a8-43fa-8e7b-2a579cfacfc2,Toxicity,Expense,Cash
4110b40d-2139-43dd-be4d-ece9c773f74b,1660902681454,"2022-08-19 15:21:21",600.0,"",02380fa8-41a8-43fa-8e7b-2a579cfacfc2,Toxicity,Expense,Cash
cc7dde12-93b3-49be-8851-da1ee24f73a2,1660902681454,"2022-08-19 15:21:21",900.0,"",10000000-0000-0000-0000-000000000004,"Eating out",Expense,Cash
030992e3-3aad-47cc-b261-bb2bf52b231c,1660883086418,"2022-08-19 09:54:46",800.0,"",10000000-0000-0000-0000-000000000004,"Eating out",Expense,Cash
8bcd24a4-3d02-4d07-b245-023c71e25cb6,1660883086418,"2022-08-19 09:54:46",180.0,"",02380fa8-41a8-43fa-8e7b-2a579cfacfc2,Toxicity,Expense,Cash
cceb78b4-9ff2-4335-a8c0-4b027828d7e0,1660829152825,"2022-08-18 18:55:52",180.0,"",02380fa8-41a8-43fa-8e7b-2a579cfacfc2,Toxicity,Expense,Cash
47e0ba42-75bb-4f1e-9927-ecafdbf8b1fe,1660829152825,"2022-08-18 18:55:52",1200.0,"",02380fa8-41a8-43fa-8e7b-2a579cfacfc2,Toxicity,Expense,Cash
6f68a5ae-d8aa-4787-bf1e-0f6092074e7a,1660829152825,"2022-08-18 18:55:52",200.0,"",6b86fb91-20d2-4296-8fc0-11af8f5db354,Brewery,Expense,Cash
1de8845d-fb3a-46cc-b0f2-dd13d3c9e6e3,1660829152825,"2022-08-18 18:55:52",900.0,"",10000000-0000-0000-0000-000000000004,"Eating out",Expense,Cash
4d99a14a-3a52-44cb-9608-1dcd9cf0ebed,1660829152825,"2022-08-18 18:55:52",1050.0,"",10000000-0000-0000-0000-000000000002,House,Expense,Cash
ac7f888f-7e6e-45d4-9f0a-6782359d93b0,1660813513202,"2022-08-18 14:35:13",480.0,"",10000000-0000-0000-0000-000000000004,"Eating out",Expense,Cash
0b27a249-369f-4db6-9660-b79348285f15,1660813513202,"2022-08-18 14:35:13",1100.0,"",10000000-0000-0000-0000-000000000004,"Eating out",Expense,Cash
f07513d3-bff0-47b7-bee9-97a9c32937e5,1660813513202,"2022-08-18 14:35:13",400.0,"",6b86fb91-20d2-4296-8fc0-11af8f5db354,Brewery,Expense,Cash
adf6206b-93b2-447d-bdd3-384afdf8cbae,1660813513202,"2022-08-18 14:35:13",300.0,"",02380fa8-41a8-43fa-8e7b-2a579cfacfc2,Toxicity,Expense,Cash
a10e9ea5-39f3-4105-b855-509b750ae3db,1660755628989,"2022-08-17 22:30:28",6000.0,"",02380fa8-41a8-43fa-8e7b-2a579cfacfc2,Toxicity,Expense,Cash
535d7ce5-6a26-4300-94b1-55a82edf2c39,1660755628989,"2022-08-17 22:30:28",1200.0,"",02380fa8-41a8-43fa-8e7b-2a579cfacfc2,Toxicity,Expense,Cash
b7ed2aca-627e-4ad8-acff-0f9d4c531ca3,1660755628989,"2022-08-17 22:30:28",2290.0,"",10000000-0000-0000-0000-000000000004,"Eating out",Expense,Cash
7bc003d4-9ea9-4352-af22-5c8972c0fc6f,1660755628989,"2022-08-17 22:30:28",3430.0,"",10000000-0000-0000-0000-000000000002,House,Expense,Cash
09b45e72-2ce2-4b7a-820f-434facec90a2,1660755628989,"2022-08-17 22:30:28",1400.0,"",10000000-0000-0000-0000-000000000004,"Eating out",Expense,Cash
8d63d1ca-404f-4eca-b44f-79d88812c847,1660755618863,"2022-08-17 22:30:18",1500.0,"",10000000-0000-0000-0000-000000000004,"Eating out",Expense,Cash
30b51781-afd0-4d38-b00f-b0754cdc0c3b,1660745898728,"2022-08-17 19:48:18",1200.0,"",02380fa8-41a8-43fa-8e7b-2a579cfacfc2,Toxicity,Expense,Cash
f9a9f34c-e97f-4b3a-852a-a3a807d7b71e,1660735048483,"2022-08-17 16:47:28",420.0,"",02380fa8-41a8-43fa-8e7b-2a579cfacfc2,Toxicity,Expense,Cash
200ae451-f00c-4f42-a353-b9d3e63450bf,1660735048483,"2022-08-17 16:47:28",700.0,"",6b86fb91-20d2-4296-8fc0-11af8f5db354,Brewery,Expense,Cash
f6d151cf-1f4f-4e75-834a-0c62bb75412b,1660660797362,"2022-08-16 20:09:57",400.0,"",6b86fb91-20d2-4296-8fc0-11af8f5db354,Brewery,Expense,Cash
d2426cfc-b557-4988-8102-60bb9f52bb38,1660660797362,"2022-08-16 20:09:57",180.0,"",02380fa8-41a8-43fa-8e7b-2a579cfacfc2,Toxicity,Expense,Cash
0d4e825d-5d62-4a18-afce-08994b7de768,1660660797362,"2022-08-16 20:09:57",1200.0,"",02380fa8-41a8-43fa-8e7b-2a579cfacfc2,Toxicity,Expense,Cash
e159481b-cd27-4a37-8ede-c952cc5a9f01,1660492202158,"2022-08-14 21:20:02",2960.0,"",10000000-0000-0000-0000-000000000004,"Eating out",Expense,Cash
edb61001-dcd3-4469-a898-d917a7c79897,1660405388967,"2022-08-13 21:13:08",200.0,"",02380fa8-41a8-43fa-8e7b-2a579cfacfc2,Toxicity,Expense,Cash
bb9a2d88-04c0-4600-b378-5d17fdcfaaf5,1660137112671,"2022-08-10 18:41:52",1500.0,"",10000000-0000-0000-0000-000000000004,"Eating out",Expense,Cash
3208a2d2-476b-477c-9cef-3adba010847b,1660137112671,"2022-08-10 18:41:52",660.0,"",02380fa8-41a8-43fa-8e7b-2a579cfacfc2,Toxicity,Expense,Cash
6dbe76e1-6f46-4cc6-8944-6f81b6fcb599,1660137112671,"2022-08-10 18:41:52",2680.0,"",10000000-0000-0000-0000-000000000004,"Eating out",Expense,Cash
fbde9a9f-82a0-445b-9310-1b1836657b7b,1660137112671,"2022-08-10 18:41:52",1200.0,"",02380fa8-41a8-43fa-8e7b-2a579cfacfc2,Toxicity,Expense,Cash
b8fd178e-24a7-4678-894f-ad955f20ec9c,1660137112671,"2022-08-10 18:41:52",7600.0,"",02380fa8-41a8-43fa-8e7b-2a579cfacfc2,Toxicity,Expense,Cash
63a3a331-615c-4171-94df-6175fa9e40d4,1660137112671,"2022-08-10 18:41:52",180.0,"",02380fa8-41a8-43fa-8e7b-2a579cfacfc2,Toxicity,Expense,Cash
06dbd7a6-51e4-4676-9e56-695ce75f9e74,1660137112671,"2022-08-10 18:41:52",5670.0,"",968edc2b-7a45-41ec-8be9-e213be5528f8,Fuel,Expense,Cash
ca6b61a7-07d2-425f-8c96-358b671dee1d,1660137112671,"2022-08-10 18:41:52",400.0,"",6b86fb91-20d2-4296-8fc0-11af8f5db354,Brewery,Expense,Cash
e3cd495f-c243-46d0-9eef-59f3efffab1b,1659951118047,"2022-08-08 15:01:58",45740.0,Rent,10000000-0000-0000-0000-000000000002,House,Expense,Cash
1ca5b75d-ce43-4473-9897-d0616197451c,1659951118047,"2022-08-08 15:01:58",3600.0,"Fucking dog bite ",10000000-0000-0000-0000-000000000012,Bills,Expense,Cash
f7fa8043-23c7-4c70-aea4-b0a9d4ae91c5,1659794924836,"2022-08-06 19:38:44",200.0,"",02380fa8-41a8-43fa-8e7b-2a579cfacfc2,Toxicity,Expense,Cash
41c3c188-4d28-49af-8f5b-0250570a0272,1659794924836,"2022-08-06 19:38:44",400.0,"",6b86fb91-20d2-4296-8fc0-11af8f5db354,Brewery,Expense,Cash
feab076f-d904-4f29-b321-3d6869615b00,1659715576614,"2022-08-05 21:36:16",1990.0,"",10000000-0000-0000-0000-000000000004,"Eating out",Expense,Cash
dc80bcc4-fe57-4ed1-94fe-d5a434a42174,1659673872057,"2022-08-05 10:01:12",1200.0,"",02380fa8-41a8-43fa-8e7b-2a579cfacfc2,Toxicity,Expense,Cash
b7631dd4-8bb8-4906-8534-375472408f07,1659630863366,"2022-08-04 22:04:23",2300.0,"",10000000-0000-0000-0000-000000000004,"Eating out",Expense,Cash
4b675d74-b5ef-4360-b318-7228a3479155,1659608018369,"2022-08-04 15:43:38",6480.0,"Internet ",10000000-0000-0000-0000-000000000012,Bills,Expense,Cash
c89ce6ae-88e0-4d3f-8741-160f0baf6180,1659608018369,"2022-08-04 15:43:38",1100.0,"",10000000-0000-0000-0000-000000000004,"Eating out",Expense,Cash
38e898cd-b2d5-49e6-8e05-3273399d756f,1659608018369,"2022-08-04 15:43:38",360.0,"",02380fa8-41a8-43fa-8e7b-2a579cfacfc2,Toxicity,Expense,Cash
a0477570-3212-4031-b6bc-431155656803,1659608018369,"2022-08-04 15:43:38",200.0,"",6b86fb91-20d2-4296-8fc0-11af8f5db354,Brewery,Expense,Cash
9a0fb4de-33f1-45e7-be3f-f9648ffa31b1,1659608018369,"2022-08-04 15:43:38",4080.0,"",10000000-0000-0000-0000-000000000002,House,Expense,Cash
87ce701b-5adc-4c99-b340-0a6c87477f1b,1659608018369,"2022-08-04 15:43:38",650.0,"",10000000-0000-0000-0000-000000000004,"Eating out",Expense,Cash
716306a5-7fb9-427e-aa1d-be55262c96ac,1659570051082,"2022-08-04 05:10:51",180.0,"",02380fa8-41a8-43fa-8e7b-2a579cfacfc2,Toxicity,Expense,Cash
0bbaeea5-5c85-4b52-bb18-42c1d7148668,1659570051082,"2022-08-04 05:10:51",540.0,"",02380fa8-41a8-43fa-8e7b-2a579cfacfc2,Toxicity,Expense,Cash
096253f0-13f1-4f73-b38f-fcad22ecfa6c,1659570051082,"2022-08-04 05:10:51",200.0,"",6b86fb91-20d2-4296-8fc0-11af8f5db354,Brewery,Expense,Cash
7bcc0a3c-d3ce-45e5-8471-7129a71cb4cf,1659521908785,"2022-08-03 15:48:28",200.0,"",02380fa8-41a8-43fa-8e7b-2a579cfacfc2,Toxicity,Expense,Cash
54bc5f5e-e2b5-45fa-8bde-9a7827b0f7e1,1659444345474,"2022-08-02 18:15:45",180.0,"",02380fa8-41a8-43fa-8e7b-2a579cfacfc2,Toxicity,Expense,Cash
7160af9f-c3c5-4285-b635-b8bdbf21edde,1659373007639,"2022-08-01 22:26:47",500.0,"",6b86fb91-20d2-4296-8fc0-11af8f5db354,Brewery,Expense,Cash
b51a3337-99c5-44ca-a7a8-0401c17ea764,1659373007639,"2022-08-01 22:26:47",180.0,"",02380fa8-41a8-43fa-8e7b-2a579cfacfc2,Toxicity,Expense,Cash
a33bb01c-c8ca-49cf-8df3-8429f948b80b,1659357945474,"2022-08-01 18:15:45",540.0,"",02380fa8-41a8-43fa-8e7b-2a579cfacfc2,Toxicity,Expense,Cash
76634b60-7f9a-4383-a0ad-3d106eb607ae,1659348413702,"2022-08-01 15:36:53",5000.0,Fastag,10000000-0000-0000-0000-000000000012,Bills,Expense,Cash
2ea0ffbf-fd24-4a07-a734-912d08e418e9,1659348413702,"2022-08-01 15:36:53",840.0,Milk,10000000-0000-0000-0000-000000000004,"Eating out",Expense,Cash
7e4099f5-ddac-4046-9474-118304449892,1659265779389,"2022-07-31 16:39:39",200.0,Air,10000000-0000-0000-0000-000000000003,Car,Expense,Cash
b74001e1-35b9-47a8-b79c-f55ca60cf740,1659265779389,"2022-07-31 16:39:39",220.0,"",02380fa8-41a8-43fa-8e7b-2a579cfacfc2,Toxicity,Expense,Cash
a05ebdb6-1469-47b2-b87e-afbc6f4154be,1659108911682,"2022-07-29 21:05:11",5670.0,"",968edc2b-7a45-41ec-8be9-e213be5528f8,Fuel,Expense,Cash
de3f5b54-ed97-4316-b4e0-b380a366c0c6,1659100173860,"2022-07-29 18:39:33",1740.0,"",02380fa8-41a8-43fa-8e7b-2a579cfacfc2,Toxicity,Expense,Cash
0ed45cb8-58f9-4e60-98bb-2346903da646,1659060184642,"2022-07-29 07:33:04",800.0,"",10000000-0000-0000-0000-000000000004,"Eating out",Expense,Cash
46a5c433-505d-455f-8461-23ee7552c67f,1659060184642,"2022-07-29 07:33:04",1200.0,"",02380fa8-41a8-43fa-8e7b-2a579cfacfc2,Toxicity,Expense,Cash
01a20d5d-4ccb-43fb-b1a0-da62eeb5135f,1659060184642,"2022-07-29 07:33:04",180.0,"",02380fa8-41a8-43fa-8e7b-2a579cfacfc2,Toxicity,Expense,Cash
8b8c8126-8279-4bdb-b876-b8fb6d2df0b3,1659060184642,"2022-07-29 07:33:04",200.0,"",6b86fb91-20d2-4296-8fc0-11af8f5db354,Brewery,Expense,Cash
014f0bb4-5863-4f00-a28c-b4c88a83f055,1659014646372,"2022-07-28 18:54:06",1980.0,"",10000000-0000-0000-0000-000000000004,"Eating out",Expense,Cash
2ca5f267-6183-4b12-9cfb-ebe29a91f267,1659014646372,"2022-07-28 18:54:06",600.0,"",6b86fb91-20d2-4296-8fc0-11af8f5db354,Brewery,Expense,Cash
ac17bb96-9530-401e-853a-c0a6f1fc6217,1659014646372,"2022-07-28 18:54:06",1200.0,"",02380fa8-41a8-43fa-8e7b-2a579cfacfc2,Toxicity,Expense,Cash
00ad4003-1409-46dc-bd09-b62133b06339,1659014646372,"2022-07-28 18:54:06",21730.0,Python,8f3ee15b-f6b5-472f-8deb-939998b50f55,Career,Expense,Cash
13ccf91c-d8b4-48fc-9416-9159dc440172,1659014646372,"2022-07-28 18:54:06",2730.0,"",10000000-0000-0000-0000-000000000004,"Eating out",Expense,Cash
efe729b1-fb36-44e3-af85-2ddf53a8ca14,1659014646372,"2022-07-28 18:54:06",1740.0,"",02380fa8-41a8-43fa-8e7b-2a579cfacfc2,Toxicity,Expense,Cash
746b7138-6da4-45d0-bb48-efdb6e8c7a91,1658990599039,"2022-07-28 12:13:19",1820.0,"",10000000-0000-0000-0000-000000000004,"Eating out",Expense,Cash
c50f37f9-4544-4189-b854-adf117a0cccd,1658921540343,"2022-07-27 17:02:20",1430.0,"",10000000-0000-0000-0000-000000000004,"Eating out",Expense,Cash
82934a4b-2fa0-4f74-abea-182d06fc045f,1658921540343,"2022-07-27 17:02:20",600.0,"",6b86fb91-20d2-4296-8fc0-11af8f5db354,Brewery,Expense,Cash
8e6383c2-0fc6-4479-a67d-8d19d66b2d35,1658921540343,"2022-07-27 17:02:20",600.0,"",10000000-0000-0000-0000-000000000001,Food,Expense,Cash
cc7eccdd-2342-4c28-952b-f27f12e17143,1658921540343,"2022-07-27 17:02:20",1680.0,"",02380fa8-41a8-43fa-8e7b-2a579cfacfc2,Toxicity,Expense,Cash
8505cfab-be0f-4d78-a5ae-1b2800da8046,1658921540343,"2022-07-27 17:02:20",1560.0,"",02380fa8-41a8-43fa-8e7b-2a579cfacfc2,Toxicity,Expense,Cash
94f584e9-fe48-4e14-bb75-9a2f0096e32a,1658855193965,"2022-07-26 22:36:33",360.0,"",02380fa8-41a8-43fa-8e7b-2a579cfacfc2,Toxicity,Expense,Cash
821969e7-aa32-483a-a275-0a9a1f609874,1658855193965,"2022-07-26 22:36:33",1300.0,"",10000000-0000-0000-0000-000000000004,"Eating out",Expense,Cash
bc1af73b-7e73-425b-bc4d-119a34807270,1658832884320,"2022-07-26 16:24:44",3330.0,"",10000000-0000-0000-0000-000000000004,"Eating out",Expense,Cash
461ca95f-d389-487b-8a63-cf6cb0b84f42,1658746484320,"2022-07-25 16:24:44",400.0,"",6b86fb91-20d2-4296-8fc0-11af8f5db354,Brewery,Expense,Cash
8d9510be-ed9c-42f1-887b-a3d89f261815,1658746484320,"2022-07-25 16:24:44",2020.0,"",02380fa8-41a8-43fa-8e7b-2a579cfacfc2,Toxicity,Expense,Cash
95dc33c7-0d20-4f9a-80d3-0b245d0508cc,1658746484320,"2022-07-25 16:24:44",120.0,"",6b86fb91-20d2-4296-8fc0-11af8f5db354,Brewery,Expense,Cash
2479191e-8e65-42dd-beb4-9f160a0aa65b,1658746484320,"2022-07-25 16:24:44",3600.0,"Fucking dog bite ",10000000-0000-0000-0000-000000000012,Bills,Expense,Cash
dc555b6c-5629-4e64-9afa-e4d6e034570b,1658746484320,"2022-07-25 16:24:44",1380.0,"",02380fa8-41a8-43fa-8e7b-2a579cfacfc2,Toxicity,Expense,Cash
3a406edb-1eca-45da-aa97-b9f7dd293ef2,1658746484320,"2022-07-25 16:24:44",1500.0,"",10000000-0000-0000-0000-000000000004,"Eating out",Expense,Cash
d0861197-f56a-4263-97e1-0b47879fadff,1658676174834,"2022-07-24 20:52:54",200.0,"",02380fa8-41a8-43fa-8e7b-2a579cfacfc2,Toxicity,Expense,Cash
4b754910-52d4-4ab9-aca3-54baaead9ff9,1658591797512,"2022-07-23 21:26:37",200.0,"",02380fa8-41a8-43fa-8e7b-2a579cfacfc2,Toxicity,Expense,Cash
e4913b52-80d5-4a31-bf4f-6926a3dc7bd4,1658565640399,"2022-07-23 14:10:40",100.0,"",6b86fb91-20d2-4296-8fc0-11af8f5db354,Brewery,Expense,Cash
b43174b0-aa96-4340-b86a-0cb53478d2d2,1658511373766,"2022-07-22 23:06:13",2550.0,"",10000000-0000-0000-0000-000000000004,"Eating out",Expense,Cash
5fa4b354-89a8-49ed-aef4-9a7648c746bf,1658511373766,"2022-07-22 23:06:13",2590.0,"",10000000-0000-0000-0000-000000000002,House,Expense,Cash
d767b14e-dedb-4b89-8833-eb64ccb16de5,1658511373766,"2022-07-22 23:06:13",1560.0,"",02380fa8-41a8-43fa-8e7b-2a579cfacfc2,Toxicity,Expense,Cash
1dd0f9ff-8b3a-4964-a4e6-9eb3c4a79526,1658495887771,"2022-07-22 18:48:07",1200.0,"",02380fa8-41a8-43fa-8e7b-2a579cfacfc2,Toxicity,Expense,Cash
656e0170-c653-4ae3-a324-85f7ca9385b4,1658495887771,"2022-07-22 18:48:07",50000.0,"",10000000-0000-0000-0000-000000000011,Deposits,Income,Cash
83d15eee-bc1a-47a0-9ffa-076166479706,1658418740528,"2022-07-21 21:22:20",2720.0,"",10000000-0000-0000-0000-000000000002,House,Expense,Cash
6839d9ef-275f-4c64-836f-e8933d1f4b03,1658418740528,"2022-07-21 21:22:20",400.0,"",02380fa8-41a8-43fa-8e7b-2a579cfacfc2,Toxicity,Expense,Cash
38c26dd4-8aa5-4d5f-b592-7c96d4055530,1658418740528,"2022-07-21 21:22:20",600.0,"",6b86fb91-20d2-4296-8fc0-11af8f5db354,Brewery,Expense,Cash
be9118ea-c6e6-4e40-9ea8-65766d868944,1658418740528,"2022-07-21 21:22:20",2000.0,"",6b86fb91-20d2-4296-8fc0-11af8f5db354,Brewery,Expense,Cash
44d4b1ef-d4cf-4def-a9c9-2aaa5c299a42,1658298590702,"2022-07-20 11:59:50",5580.0,"",10000000-0000-0000-0000-000000000007,Entertainment,Expense,Cash
d7c8b1eb-f485-4d45-be11-c4079f8207b7,1658298590702,"2022-07-20 11:59:50",1800.0,"",02380fa8-41a8-43fa-8e7b-2a579cfacfc2,Toxicity,Expense,Cash
5598ee51-dd7a-43e0-9084-cc7789ea7faf,1658298590702,"2022-07-20 11:59:50",50000.0,"",10000000-0000-0000-0000-000000000011,Deposits,Income,Cash
dec7212e-eb0a-42fd-b6d9-4f8fc2b6a8c7,1658158298677,"2022-07-18 21:01:38",2500.0,Haircut,10000000-0000-0000-0000-000000000012,Bills,Expense,Cash
e0c5f6b5-7d56-45c1-9a50-871a87adf9d4,1658158298677,"2022-07-18 21:01:38",100.0,"",6b86fb91-20d2-4296-8fc0-11af8f5db354,Brewery,Expense,Cash
ecbe1440-d239-4698-b391-cc28698490bd,1658158298677,"2022-07-18 21:01:38",180.0,"",02380fa8-41a8-43fa-8e7b-2a579cfacfc2,Toxicity,Expense,Cash
16719d02-39cf-4a4b-a8e8-fc6676a04f2b,1658143517408,"2022-07-18 16:55:17",450.0,"",10000000-0000-0000-0000-000000000004,"Eating out",Expense,Cash
e1cb0805-c264-47c3-be14-57f7968028cd,1658143517408,"2022-07-18 16:55:17",180.0,"",02380fa8-41a8-43fa-8e7b-2a579cfacfc2,Toxicity,Expense,Cash
903a1b9c-339d-4e1d-9b60-fb6676ad79e9,1658143517408,"2022-07-18 16:55:17",200.0,"",02380fa8-41a8-43fa-8e7b-2a579cfacfc2,Toxicity,Expense,Cash
6f4423f8-45c8-4845-bd04-aabc38cee919,1658130495720,"2022-07-18 13:18:15",500.0,"",d71face0-704a-49ff-8c96-9778abb5d2e3,Bike,Expense,Cash
cded29c8-36ce-4ad3-a338-0b1afa83129a,1658130495720,"2022-07-18 13:18:15",200.0,"",02380fa8-41a8-43fa-8e7b-2a579cfacfc2,Toxicity,Expense,Cash
4503cddb-cf14-4585-ac69-eb2b6d9b2e96,1658130495720,"2022-07-18 13:18:15",3660.0,"Fucking dog bite ",10000000-0000-0000-0000-000000000012,Bills,Expense,Cash
b85b05e4-d6c8-4e5b-9c04-3ee8db96bf6e,1657987050178,"2022-07-16 21:27:30",2500.0,Waste,10000000-0000-0000-0000-000000000002,House,Expense,Cash
687be114-8dfe-4915-b927-32e3d484daa9,1657987050178,"2022-07-16 21:27:30",200.0,"",02380fa8-41a8-43fa-8e7b-2a579cfacfc2,Toxicity,Expense,Cash
ee15a537-da1b-4a94-ab1f-a29ae52c6040,1657900782582,"2022-07-15 21:29:42",180.0,"",02380fa8-41a8-43fa-8e7b-2a579cfacfc2,Toxicity,Expense,Cash
d0bd25dc-a636-4644-9ec5-ad50eda67d7e,1657900782582,"2022-07-15 21:29:42",360.0,"",02380fa8-41a8-43fa-8e7b-2a579cfacfc2,Toxicity,Expense,Cash
62377561-33ba-404c-a347-fb58cc1d7256,1657900782582,"2022-07-15 21:29:42",5670.0,"",968edc2b-7a45-41ec-8be9-e213be5528f8,Fuel,Expense,Cash
9087f617-bb47-4ad0-a23e-f13ddc40292c,1657900782582,"2022-07-15 21:29:42",200.0,"",6b86fb91-20d2-4296-8fc0-11af8f5db354,Brewery,Expense,Cash
2ae76249-0b5f-421b-b0e5-64f3a75988c9,1657885289634,"2022-07-15 17:11:29",150.0,"",6b86fb91-20d2-4296-8fc0-11af8f5db354,Brewery,Expense,Cash
b20fde58-92b6-48c9-bf5a-dd1de5a0d70e,1657885289634,"2022-07-15 17:11:29",180.0,"",02380fa8-41a8-43fa-8e7b-2a579cfacfc2,Toxicity,Expense,Cash
ed31b6bb-c597-4e05-a64c-b28514215747,1657795932515,"2022-07-14 16:22:12",3600.0,"Fucking dog bite ",10000000-0000-0000-0000-000000000012,Bills,Expense,Cash
3685bd79-5138-4c18-805e-248a3552671a,1657795932515,"2022-07-14 16:22:12",380.0,"",02380fa8-41a8-43fa-8e7b-2a579cfacfc2,Toxicity,Expense,Cash
3370cbb3-36a2-43e8-8ee0-52845555dff6,1657716849880,"2022-07-13 18:24:09",180.0,"",02380fa8-41a8-43fa-8e7b-2a579cfacfc2,Toxicity,Expense,Cash
35fdb90d-785d-46ca-9484-50c958803192,1657518580047,"2022-07-11 11:19:40",5700.0,"Fucking dog bite ",10000000-0000-0000-0000-000000000012,Bills,Expense,Cash
e45a3493-3283-4af8-afbc-6fff05d62932,1657518580047,"2022-07-11 11:19:40",200.0,"",02380fa8-41a8-43fa-8e7b-2a579cfacfc2,Toxicity,Expense,Cash
901caa73-587a-4298-b3b4-74f5fb8455ab,1657518580047,"2022-07-11 11:19:40",500.0,"",6b86fb91-20d2-4296-8fc0-11af8f5db354,Brewery,Expense,Cash
c9cf0f1c-37dd-4978-b5d2-ead2f65f3a13,1657518580047,"2022-07-11 11:19:40",61790.0,"Fucking dog bite ",10000000-0000-0000-0000-000000000012,Bills,Expense,Cash
45e55305-fbd5-4ec3-8082-7696065fccb1,1657358799099,"2022-07-09 14:56:39",3000.0,"",d71face0-704a-49ff-8c96-9778abb5d2e3,Bike,Expense,Cash
0e6110ee-a456-40af-8df4-4b60ff68c9af,1657358799099,"2022-07-09 14:56:39",180.0,"",02380fa8-41a8-43fa-8e7b-2a579cfacfc2,Toxicity,Expense,Cash
1dbaa82b-cec0-4e09-b779-18d93a07ca89,1657358799099,"2022-07-09 14:56:39",180.0,"",02380fa8-41a8-43fa-8e7b-2a579cfacfc2,Toxicity,Expense,Cash
40982bfb-bf45-4208-8a93-7c43c5118490,1657263689705,"2022-07-08 12:31:29",540.0,"",02380fa8-41a8-43fa-8e7b-2a579cfacfc2,Toxicity,Expense,Cash
ded806b5-dd00-4ad9-828f-b7058c3518bd,1657263689705,"2022-07-08 12:31:29",60.0,"",6b86fb91-20d2-4296-8fc0-11af8f5db354,Brewery,Expense,Cash
f8a4b73e-8c06-40e2-b470-1fd0178d3689,1657263689705,"2022-07-08 12:31:29",180.0,"",02380fa8-41a8-43fa-8e7b-2a579cfacfc2,Toxicity,Expense,Cash
4f81c94b-bd72-4c62-ab1f-c4a375e40d9f,1657263689705,"2022-07-08 12:31:29",650.0,"",10000000-0000-0000-0000-000000000004,"Eating out",Expense,Cash
c90ef30f-aa0a-4568-916d-379c877bb9fb,1657204349688,"2022-07-07 20:02:29",180.0,"",02380fa8-41a8-43fa-8e7b-2a579cfacfc2,Toxicity,Expense,Cash
efe4f01a-d984-4ce4-8b46-dd4a3a416c2a,1657204349688,"2022-07-07 20:02:29",180.0,"",02380fa8-41a8-43fa-8e7b-2a579cfacfc2,Toxicity,Expense,Cash
2cb996b2-b97e-4438-b30a-f604d920f60f,1657204349688,"2022-07-07 20:02:29",200.0,"",6b86fb91-20d2-4296-8fc0-11af8f5db354,Brewery,Expense,Cash
c959c3ff-aafa-4a8b-a504-1b0543b58577,1657180423011,"2022-07-07 13:23:43",180.0,"",02380fa8-41a8-43fa-8e7b-2a579cfacfc2,Toxicity,Expense,Cash
348133e1-fab2-4405-bd9f-e6f446cf596e,1657180423011,"2022-07-07 13:23:43",600.0,"",10000000-0000-0000-0000-000000000001,Food,Expense,Cash
00c6eaf7-a1d1-42d5-a82b-5042ec5dd3e2,1657180423011,"2022-07-07 13:23:43",60.0,"",6b86fb91-20d2-4296-8fc0-11af8f5db354,Brewery,Expense,Cash
d1f49e73-dc8e-4526-b05d-6b682cfb94d9,1657166831802,"2022-07-07 09:37:11",46230.0,Rent,10000000-0000-0000-0000-000000000002,House,Expense,Cash
8b30a595-c44f-4815-b99e-4078c8502c2e,1657166831802,"2022-07-07 09:37:11",200.0,"",02380fa8-41a8-43fa-8e7b-2a579cfacfc2,Toxicity,Expense,Cash
99f5b009-9644-4e8e-b512-3f7965a03dea,1657109599238,"2022-07-06 17:43:19",4640.0,"",10000000-0000-0000-0000-000000000002,House,Expense,Cash
1757a341-0e52-44df-a76b-6571eda19253,1657109599238,"2022-07-06 17:43:19",180.0,"",02380fa8-41a8-43fa-8e7b-2a579cfacfc2,Toxicity,Expense,Cash
e6e1f76f-7929-464e-b89a-943994b8f570,1657109599238,"2022-07-06 17:43:19",800.0,"",d71face0-704a-49ff-8c96-9778abb5d2e3,Bike,Expense,Cash
b6315f56-6818-47ce-bf6b-1c41d96c200e,1657109599238,"2022-07-06 17:43:19",60.0,"",6b86fb91-20d2-4296-8fc0-11af8f5db354,Brewery,Expense,Cash
c41bc1db-fb1e-4df5-9625-6df4c4c7bd83,1657097280072,"2022-07-06 14:18:00",180.0,"",02380fa8-41a8-43fa-8e7b-2a579cfacfc2,Toxicity,Expense,Cash
e54899e5-dd2e-4017-9a1d-5a3de77b56ba,1657097280072,"2022-07-06 14:18:00",180.0,"",02380fa8-41a8-43fa-8e7b-2a579cfacfc2,Toxicity,Expense,Cash
72e2fe7f-b1fa-43a2-be84-d1fc808679bc,1657077813060,"2022-07-06 08:53:33",180.0,"",02380fa8-41a8-43fa-8e7b-2a579cfacfc2,Toxicity,Expense,Cash
811f14e6-b106-45a1-b97b-035a8ac5b568,1657077813060,"2022-07-06 08:53:33",60.0,"",6b86fb91-20d2-4296-8fc0-11af8f5db354,Brewery,Expense,Cash
39b8d9ef-1839-4e95-8852-24a8ef493940,1657077813060,"2022-07-06 08:53:33",400.0,"",10000000-0000-0000-0000-000000000004,"Eating out",Expense,Cash
4de5327b-9481-46cb-9f17-9f75e708d3c6,1657044129472,"2022-07-05 23:32:09",100.0,"",6b86fb91-20d2-4296-8fc0-11af8f5db354,Brewery,Expense,Cash
7fe84879-0b42-48bf-b780-e00b5ee482d3,1657044129472,"2022-07-05 23:32:09",360.0,"",02380fa8-41a8-43fa-8e7b-2a579cfacfc2,Toxicity,Expense,Cash
3e864c9b-91f4-4eaf-931e-9d570de1d68f,1657020504309,"2022-07-05 16:58:24",1280.0,"",02380fa8-41a8-43fa-8e7b-2a579cfacfc2,Toxicity,Expense,Cash
a42de242-9ed4-4aa8-b5e0-ea5c0f37120d,1657020504309,"2022-07-05 16:58:24",60.0,"",6b86fb91-20d2-4296-8fc0-11af8f5db354,Brewery,Expense,Cash
53b061a8-ab3b-4ceb-aad1-ba0563871848,1657008638904,"2022-07-05 13:40:38",200.0,"",10000000-0000-0000-0000-000000000001,Food,Expense,Cash
3b22f70c-9ac6-43c8-a408-c32a39e4c306,1657008638904,"2022-07-05 13:40:38",800.0,"",10000000-0000-0000-0000-000000000001,Food,Expense,Cash
1e55a001-9aed-4dee-8b4e-ac19ea51492e,1657008638904,"2022-07-05 13:40:38",720.0,"",02380fa8-41a8-43fa-8e7b-2a579cfacfc2,Toxicity,Expense,Cash
78ba29e2-4491-4af0-9772-d667d9add0c5,1656993931051,"2022-07-05 09:35:31",180.0,"",02380fa8-41a8-43fa-8e7b-2a579cfacfc2,Toxicity,Expense,Cash
2fb9e5f7-d152-4580-ac7f-24d3c0c94ee9,1656993931051,"2022-07-05 09:35:31",60.0,"",6b86fb91-20d2-4296-8fc0-11af8f5db354,Brewery,Expense,Cash
6b0daf2f-6522-4aa5-ac64-2893e255c658,1656948385182,"2022-07-04 20:56:25",180.0,"",02380fa8-41a8-43fa-8e7b-2a579cfacfc2,Toxicity,Expense,Cash
f4559cdf-16b9-465e-aaf2-f9274edb8184,1656948385182,"2022-07-04 20:56:25",400.0,"",6b86fb91-20d2-4296-8fc0-11af8f5db354,Brewery,Expense,Cash
36f8b492-23d5-4a02-a73b-0ab659d20a78,1656948385182,"2022-07-04 20:56:25",720.0,"",02380fa8-41a8-43fa-8e7b-2a579cfacfc2,Toxicity,Expense,Cash
23fba42f-212a-4af8-803e-f629f9205d6c,1656915122181,"2022-07-04 11:42:02",6480.0,"Internet ",10000000-0000-0000-0000-000000000012,Bills,Expense,Cash
c720e8e3-c30d-4b77-be85-fea23bfe4d01,1656907531051,"2022-07-04 09:35:31",5670.0,"",968edc2b-7a45-41ec-8be9-e213be5528f8,Fuel,Expense,Cash
8621aa5b-cd55-4ae4-b8b9-fcf54edc76df,1656775777353,"2022-07-02 20:59:37",400.0,"",6b86fb91-20d2-4296-8fc0-11af8f5db354,Brewery,Expense,Cash
152d4b64-c5b0-419f-a964-96f3ab2b8a2a,1656775777353,"2022-07-02 20:59:37",300.0,"",02380fa8-41a8-43fa-8e7b-2a579cfacfc2,Toxicity,Expense,Cash
fdb7afa4-992b-4ef3-b659-8363ddc98166,1656765231644,"2022-07-02 18:03:51",360.0,"",02380fa8-41a8-43fa-8e7b-2a579cfacfc2,Toxicity,Expense,Cash
2cb8d395-cb0b-4300-b5a1-315d5a7fa097,1656765231644,"2022-07-02 18:03:51",200.0,"",6b86fb91-20d2-4296-8fc0-11af8f5db354,Brewery,Expense,Cash
2c62a80a-fada-49d3-883b-577640f7b653,1656743958107,"2022-07-02 12:09:18",900.0,"",02380fa8-41a8-43fa-8e7b-2a579cfacfc2,Toxicity,Expense,Cash
bd6a2ca9-0135-4319-a35e-af5510ffa4ac,1656743958107,"2022-07-02 12:09:18",120.0,"",6b86fb91-20d2-4296-8fc0-11af8f5db354,Brewery,Expense,Cash
989d9d69-df19-4ff7-b566-2bd190021a0e,1656743958107,"2022-07-02 12:09:18",1000.0,"",10000000-0000-0000-0000-000000000001,Food,Expense,Cash
3b4b2786-5ca2-4264-8415-90da9c814a0e,1656743958107,"2022-07-02 12:09:18",180.0,"",02380fa8-41a8-43fa-8e7b-2a579cfacfc2,Toxicity,Expense,Cash
6c2b41b7-b1c3-4901-b779-d43f56451201,1656739957460,"2022-07-02 11:02:37",60.0,"",6b86fb91-20d2-4296-8fc0-11af8f5db354,Brewery,Expense,Cash
935e16e4-0d0d-449e-afd1-466a1bac40ed,1656739957460,"2022-07-02 11:02:37",180.0,"",02380fa8-41a8-43fa-8e7b-2a579cfacfc2,Toxicity,Expense,Cash
cdbb208f-3250-4e75-86e2-65056edc58d6,1656739957460,"2022-07-02 11:02:37",200.0,"",02380fa8-41a8-43fa-8e7b-2a579cfacfc2,Toxicity,Expense,Cash
e26be7ee-cd11-4229-97f7-7f45104e022a,1656689639064,"2022-07-01 21:03:59",1800.0,"",10000000-0000-0000-0000-000000000004,"Eating out",Expense,Cash
06d23bdb-3494-4659-b45e-250c3641d645,1656689639064,"2022-07-01 21:03:59",7670.0,"",02380fa8-41a8-43fa-8e7b-2a579cfacfc2,Toxicity,Expense,Cash
9b31ddd8-0bd2-4c87-a115-42684a77d561,1656689639064,"2022-07-01 21:03:59",1500.0,"",02380fa8-41a8-43fa-8e7b-2a579cfacfc2,Toxicity,Expense,Cash
a0e8c9d3-6d08-4bfb-a693-419eff66649b,1656681647271,"2022-07-01 18:50:47",180.0,"",02380fa8-41a8-43fa-8e7b-2a579cfacfc2,Toxicity,Expense,Cash
a6712a44-9d7e-457a-a8c2-a06b35a99074,1656681647271,"2022-07-01 18:50:47",200.0,"",6b86fb91-20d2-4296-8fc0-11af8f5db354,Brewery,Expense,Cash
5b269e8d-f043-4917-b73d-7a0c9c130427,1656661483984,"2022-07-01 13:14:43",1000.0,"",10000000-0000-0000-0000-000000000001,Food,Expense,Cash
761b56c8-4a54-4d68-bf84-9ff3e7275726,1656605335390,"2022-06-30 21:38:55",1000.0,"",10000000-0000-0000-0000-000000000004,"Eating out",Expense,Cash
ae36f0d0-c71a-43a0-a038-eff8008d657b,1656605335390,"2022-06-30 21:38:55",360.0,"",02380fa8-41a8-43fa-8e7b-2a579cfacfc2,Toxicity,Expense,Cash
2ad6842d-61d7-4d03-b1d9-434cdb2e0787,1656560171658,"2022-06-30 09:06:11",1500.0,"",10000000-0000-0000-0000-000000000004,"Eating out",Expense,Cash
9b7e9f3c-be7f-44bd-b8ca-e2231b7d6ce7,1656560171658,"2022-06-30 09:06:11",30350.0,"",8f3ee15b-f6b5-472f-8deb-939998b50f55,Career,Expense,Cash
5a3d999a-76ee-40aa-bb9f-59ca65cb1b5f,1656560171658,"2022-06-30 09:06:11",200.0,"",10000000-0000-0000-0000-000000000004,"Eating out",Expense,Cash
16047865-d081-4a70-867e-0bba531f7f64,1656560171658,"2022-06-30 09:06:11",9570.0,"",d71face0-704a-49ff-8c96-9778abb5d2e3,Bike,Expense,Cash
c5453503-8888-48db-8542-de4e7ad165fe,1656560171658,"2022-06-30 09:06:11",120.0,"",6b86fb91-20d2-4296-8fc0-11af8f5db354,Brewery,Expense,Cash
0b344417-3762-49a7-ad1b-c7ab0b702547,1656557262478,"2022-06-30 08:17:42",1200.0,"",02380fa8-41a8-43fa-8e7b-2a579cfacfc2,Toxicity,Expense,Cash
466bf0d0-e8b2-4365-97b9-6ab4233581ce,1656516632822,"2022-06-29 21:00:32",300.0,"",6b86fb91-20d2-4296-8fc0-11af8f5db354,Brewery,Expense,Cash
4031cdba-7f73-4991-8235-5c9780d0e599,1656489893605,"2022-06-29 13:34:53",1560.0,"",02380fa8-41a8-43fa-8e7b-2a579cfacfc2,Toxicity,Expense,Cash
85605d2a-fbbd-4d7c-9d4a-0ad3adcc9ce3,1656489893605,"2022-06-29 13:34:53",900.0,"",10000000-0000-0000-0000-000000000004,"Eating out",Expense,Cash
cfcb3f17-32a1-42bb-b139-55abd958815f,1656489893605,"2022-06-29 13:34:53",1000.0,"",10000000-0000-0000-0000-000000000004,"Eating out",Expense,Cash
ddf06dc8-7ba7-4b54-b106-a2818d82ff27,1656489893605,"2022-06-29 13:34:53",200.0,"",10000000-0000-0000-0000-000000000004,"Eating out",Expense,Cash
2bc9db10-caa2-4d0d-8950-a864b0b32483,1656489893605,"2022-06-29 13:34:53",1000.0,"",10000000-0000-0000-0000-000000000002,House,Expense,Cash
d028fc73-798c-449f-8e7b-2fa1cb6fad3c,1656489893605,"2022-06-29 13:34:53",2600.0,"",10000000-0000-0000-0000-000000000002,House,Expense,Cash
aaca0250-c50a-4b60-9489-4a659adb9ad0,1656431709107,"2022-06-28 21:25:09",1380.0,"",10000000-0000-0000-0000-000000000002,House,Expense,Cash
32790e40-ff7a-4db4-9dd8-7fd979e0fb11,1656431709107,"2022-06-28 21:25:09",2520.0,"",02380fa8-41a8-43fa-8e7b-2a579cfacfc2,Toxicity,Expense,Cash
6d77e1e1-a005-4018-b299-2fb76dcf3bbc,1656431709107,"2022-06-28 21:25:09",2100.0,"",10000000-0000-0000-0000-000000000004,"Eating out",Expense,Cash
cdca9c26-9696-4cb2-8415-aa6a83ec3902,1656395752732,"2022-06-28 11:25:52",1700.0,"",10000000-0000-0000-0000-000000000002,House,Expense,Cash
8b7a205f-206d-44d7-9ec2-f756604d338e,1656395752732,"2022-06-28 11:25:52",200.0,"",10000000-0000-0000-0000-000000000004,"Eating out",Expense,Cash
3e1aefbd-dfc8-4033-91d5-99e7fabb87dd,1656395752732,"2022-06-28 11:25:52",1500.0,"",02380fa8-41a8-43fa-8e7b-2a579cfacfc2,Toxicity,Expense,Cash
ca83d621-d3c0-4d16-a46e-801c598aa70c,1656395752732,"2022-06-28 11:25:52",1300.0,"",10000000-0000-0000-0000-000000000002,House,Expense,Cash
b397fdcb-cf23-4e77-bd70-dc66f28f18b8,1656347790994,"2022-06-27 22:06:30",300.0,"",6b86fb91-20d2-4296-8fc0-11af8f5db354,Brewery,Expense,Cash
065911ac-61dd-425f-ada2-3a9facbaf10d,1656313649638,"2022-06-27 12:37:29",3000.0,Swiggy,10000000-0000-0000-0000-000000000012,Bills,Expense,Cash
2f32c509-03e6-4278-8efe-5407c38bffc5,1656313649638,"2022-06-27 12:37:29",200.0,"",02380fa8-41a8-43fa-8e7b-2a579cfacfc2,Toxicity,Expense,Cash
a68590f7-b88e-4d81-be09-7b1134ff59af,1656294586594,"2022-06-27 07:19:46",1600.0,"",10000000-0000-0000-0000-000000000004,"Eating out",Expense,Cash
e492665b-bd58-4341-b02c-d63d22d26772,1656262279521,"2022-06-26 22:21:19",5670.0,"",968edc2b-7a45-41ec-8be9-e213be5528f8,Fuel,Expense,Cash
fe95218a-779b-40e7-b562-4c6983ef485a,1656262279521,"2022-06-26 22:21:19",4890.0,"",10000000-0000-0000-0000-000000000002,House,Expense,Cash
3aa83994-96ed-4517-b604-53d5a31159af,1656246003766,"2022-06-26 17:50:03",40000.0,"",10000000-0000-0000-0000-000000000002,House,Expense,Cash
909d56f0-82a1-4c78-aaa2-b4b8d83bb7d0,1656244019773,"2022-06-26 17:16:59",360.0,"",02380fa8-41a8-43fa-8e7b-2a579cfacfc2,Toxicity,Expense,Cash
eef8a80a-e0d3-423f-83ac-19dca4dbc158,1656228703032,"2022-06-26 13:01:43",360.0,"",02380fa8-41a8-43fa-8e7b-2a579cfacfc2,Toxicity,Expense,Cash
83a0f71e-070c-4f38-8ca2-4a8919ee16c1,1656228703032,"2022-06-26 13:01:43",200.0,"",6b86fb91-20d2-4296-8fc0-11af8f5db354,Brewery,Expense,Cash
86dac030-bacb-4790-b139-8963d511e544,1656169370667,"2022-06-25 20:32:50",400.0,"",6b86fb91-20d2-4296-8fc0-11af8f5db354,Brewery,Expense,Cash
ab0c0ba5-01e5-4b52-98b2-cf6a4d9b1c83,1656169370667,"2022-06-25 20:32:50",180.0,"",02380fa8-41a8-43fa-8e7b-2a579cfacfc2,Toxicity,Expense,Cash
05e9ef82-c9ed-4ff9-b940-2c8f39a10037,1656169370667,"2022-06-25 20:32:50",380.0,"",02380fa8-41a8-43fa-8e7b-2a579cfacfc2,Toxicity,Expense,Cash
db9ee247-2f87-46c9-8a5b-2f6c3b6d7295,1656133144417,"2022-06-25 10:29:04",380.0,"",02380fa8-41a8-43fa-8e7b-2a579cfacfc2,Toxicity,Expense,Cash
b1429db8-8e53-42a5-b53b-faa0d2d0cd93,1656128488820,"2022-06-25 09:11:28",200.0,"",02380fa8-41a8-43fa-8e7b-2a579cfacfc2,Toxicity,Expense,Cash
66eaa045-5ffc-4ec8-92da-7bf1af4094c5,1656086415399,"2022-06-24 21:30:15",200.0,"",02380fa8-41a8-43fa-8e7b-2a579cfacfc2,Toxicity,Expense,Cash
7b8df8e6-7c97-4cab-ae4e-63f8fc55420f,1656086415399,"2022-06-24 21:30:15",270.0,"",10000000-0000-0000-0000-000000000001,Food,Expense,Cash
b4226dd8-6852-4832-bdcb-abb32dc4f754,1656086415399,"2022-06-24 21:30:15",2400.0,"",10000000-0000-0000-0000-000000000004,"Eating out",Expense,Cash
9550238a-b024-4830-a1a5-3191bbebdf54,1655993783714,"2022-06-23 19:46:23",720.0,"",02380fa8-41a8-43fa-8e7b-2a579cfacfc2,Toxicity,Expense,Cash
a50f49fd-aacb-4ce6-b277-3701bbcb49b8,1655962725618,"2022-06-23 11:08:45",978150.0,"",8f3ee15b-f6b5-472f-8deb-939998b50f55,Career,Expense,Cash
23478b40-a9cf-423e-93b0-d2f2f09c8ca5,1655724582837,"2022-06-20 16:59:42",10110.0,"",968edc2b-7a45-41ec-8be9-e213be5528f8,Fuel,Expense,Cash
47cee1a7-a108-4622-9500-b3ca77bd5e59,1655724582837,"2022-06-20 16:59:42",200.0,"",6b86fb91-20d2-4296-8fc0-11af8f5db354,Brewery,Expense,Cash
8cbe61a2-e92d-47ac-98c6-8c2484eea06f,1655724582837,"2022-06-20 16:59:42",410.0,"",02380fa8-41a8-43fa-8e7b-2a579cfacfc2,Toxicity,Expense,Cash
bfb3ee13-5a60-4e6f-8b36-37df9871e788,1655701192037,"2022-06-20 10:29:52",10020.0,"",968edc2b-7a45-41ec-8be9-e213be5528f8,Fuel,Expense,Cash
36607af3-7ff7-40df-b01e-13e84356eaca,1655701192037,"2022-06-20 10:29:52",360.0,"",02380fa8-41a8-43fa-8e7b-2a579cfacfc2,Toxicity,Expense,Cash
c48bc91e-87fa-48a9-985f-54cfc902380a,1655701192037,"2022-06-20 10:29:52",5550.0,"",10000000-0000-0000-0000-000000000004,"Eating out",Expense,Cash
7cae4c41-db7e-4330-8b6a-dbc1f510d0cf,1655701192037,"2022-06-20 10:29:52",330.0,"",02380fa8-41a8-43fa-8e7b-2a579cfacfc2,Toxicity,Expense,Cash
6f84a6c7-8d1c-4e1d-a8e5-c36ff5f6b521,1655701192037,"2022-06-20 10:29:52",200.0,"",6b86fb91-20d2-4296-8fc0-11af8f5db354,Brewery,Expense,Cash
347f7347-7b47-4073-8af6-9dbe035d29a6,1655638259975,"2022-06-19 17:00:59",1200.0,"",10000000-0000-0000-0000-000000000004,"Eating out",Expense,Cash
3693435a-2bbd-4792-b242-b883c498fecc,1655638259975,"2022-06-19 17:00:59",4100.0,"",10000000-0000-0000-0000-000000000012,Bills,Expense,Cash
eeecd6cf-403d-4e00-a7dd-42266ec04c55,1655638259975,"2022-06-19 17:00:59",2340.0,"",02380fa8-41a8-43fa-8e7b-2a579cfacfc2,Toxicity,Expense,Cash
616ed216-5a35-40e8-977c-a881b9fe9787,1655638259975,"2022-06-19 17:00:59",1200.0,"",02380fa8-41a8-43fa-8e7b-2a579cfacfc2,Toxicity,Expense,Cash
ebb2358e-8f49-419c-a65e-5ef97e12f3a3,1655569627985,"2022-06-18 21:57:07",5160.0,"",10000000-0000-0000-0000-000000000001,Food,Expense,Cash
9f0d475d-8537-4cab-9781-3d165d21e86f,1655569627985,"2022-06-18 21:57:07",200.0,"",6b86fb91-20d2-4296-8fc0-11af8f5db354,Brewery,Expense,Cash
c6afb6c2-c58c-4051-979c-5be4ad4568e6,1655532197453,"2022-06-18 11:33:17",4750.0,"",10000000-0000-0000-0000-00000000000b,Clothes,Expense,Cash
9bcd981d-8958-402e-bdd5-844ac1891aa3,1655516915634,"2022-06-18 07:18:35",180.0,"",02380fa8-41a8-43fa-8e7b-2a579cfacfc2,Toxicity,Expense,Cash
372d12b8-5699-413f-bfcb-dc566b232533,1655516915634,"2022-06-18 07:18:35",200.0,"",6b86fb91-20d2-4296-8fc0-11af8f5db354,Brewery,Expense,Cash
129b6281-ea26-4454-bf4c-a5ff9d9df39a,1655516915634,"2022-06-18 07:18:35",1800.0,"",02380fa8-41a8-43fa-8e7b-2a579cfacfc2,Toxicity,Expense,Cash
add41d31-01db-42a9-b672-0a6ec5b38504,1655486937677,"2022-06-17 22:58:57",200.0,"",6b86fb91-20d2-4296-8fc0-11af8f5db354,Brewery,Expense,Cash
bc2fabf5-b72f-4db0-9f51-55fe073f0538,1655486937677,"2022-06-17 22:58:57",2160.0,"",02380fa8-41a8-43fa-8e7b-2a579cfacfc2,Toxicity,Expense,Cash
a1c20c9d-a19b-4ee4-b343-34ce89b18b25,1655451713869,"2022-06-17 13:11:53",800.0,"",10000000-0000-0000-0000-000000000001,Food,Expense,Cash
dd7ce737-8e2d-4218-805a-a785b55e56ff,1655430515634,"2022-06-17 07:18:35",350.0,"",10000000-0000-0000-0000-000000000004,"Eating out",Expense,Cash
d4c90c89-52f0-4bfe-98ee-fc73ce53a64c,1655398571230,"2022-06-16 22:26:11",1980.0,"",02380fa8-41a8-43fa-8e7b-2a579cfacfc2,Toxicity,Expense,Cash
e84884e1-7665-4793-84c7-b5590fc2b20b,1655398571230,"2022-06-16 22:26:11",200.0,"",6b86fb91-20d2-4296-8fc0-11af8f5db354,Brewery,Expense,Cash
2b76cd4e-ca05-4e4f-a89a-3740753f6dd9,1655364398555,"2022-06-16 12:56:38",1800.0,"",02380fa8-41a8-43fa-8e7b-2a579cfacfc2,Toxicity,Expense,Cash
c7aad3c0-001e-49db-9004-a701aa1832a8,1655364398555,"2022-06-16 12:56:38",990.0,"",10000000-0000-0000-0000-000000000001,Food,Expense,Cash
69000c3a-9b62-4248-8ed3-1315d430d899,1655322246916,"2022-06-16 01:14:06",4690.0,"",10000000-0000-0000-0000-000000000004,"Eating out",Expense,Cash
569542be-317c-4b55-bd8d-b65bcff93aa1,1655322246916,"2022-06-16 01:14:06",1340.0,"",10000000-0000-0000-0000-000000000004,"Eating out",Expense,Cash
ed313f1b-8e19-4433-b089-ebc45d150e95,1655304059143,"2022-06-15 20:10:59",4240.0,"",02380fa8-41a8-43fa-8e7b-2a579cfacfc2,Toxicity,Expense,Cash
20a4b069-1d44-499f-9e7b-68c114ecc28a,1655304059143,"2022-06-15 20:10:59",480.0,"",02380fa8-41a8-43fa-8e7b-2a579cfacfc2,Toxicity,Expense,Cash
ccb10624-c440-4db0-9ef4-1a67c2b4c77e,1655228492958,"2022-06-14 23:11:32",900.0,"",02380fa8-41a8-43fa-8e7b-2a579cfacfc2,Toxicity,Expense,Cash
636c1dd4-bd3a-41c5-9d72-f5104e4c9282,1655197319812,"2022-06-14 14:31:59",3000.0,"",02380fa8-41a8-43fa-8e7b-2a579cfacfc2,Toxicity,Expense,Cash
f8cf491a-8519-4650-a96e-f3376f91df18,1655197319812,"2022-06-14 14:31:59",1750.0,"",10000000-0000-0000-0000-000000000001,Food,Expense,Cash
91ac20d4-2cf1-49c9-89ba-081d8a3730e4,1655132901680,"2022-06-13 20:38:21",660.0,"",10000000-0000-0000-0000-000000000001,Food,Expense,Cash
d11d1ba4-bb5a-4977-adfd-8d35e62c253b,1655132901680,"2022-06-13 20:38:21",200.0,"",6b86fb91-20d2-4296-8fc0-11af8f5db354,Brewery,Expense,Cash
a91b3c92-a7c7-4b1a-a77b-c6c5b9d15ac4,1655132901680,"2022-06-13 20:38:21",400.0,"",6b86fb91-20d2-4296-8fc0-11af8f5db354,Brewery,Expense,Cash
79e4dbc8-8579-4264-bab1-b299ebfb2d75,1655132901680,"2022-06-13 20:38:21",180.0,"",02380fa8-41a8-43fa-8e7b-2a579cfacfc2,Toxicity,Expense,Cash
e4c10d84-46e4-4910-8fed-bc36468d5b4f,1655017544133,"2022-06-12 12:35:44",1490.0,Recharge,10000000-0000-0000-0000-000000000012,Bills,Expense,Cash
39eb21dc-f3ef-4241-a13c-edfa53b62d19,1655017544133,"2022-06-12 12:35:44",5480.0,"",968edc2b-7a45-41ec-8be9-e213be5528f8,Fuel,Expense,Cash
aad6ecec-b146-41de-9f73-036d23d3d1e6,1655015705774,"2022-06-12 12:05:05",18000.0,"",10000000-0000-0000-0000-000000000011,Deposits,Income,Cash
cb1be8e5-a178-40e8-831a-9e900d91d931,1655015705774,"2022-06-12 12:05:05",7340.0,"",10000000-0000-0000-0000-000000000004,"Eating out",Expense,Cash
271d2ef1-4ad4-4cdb-8722-7c3e115d454b,1655015705774,"2022-06-12 12:05:05",1080.0,"",02380fa8-41a8-43fa-8e7b-2a579cfacfc2,Toxicity,Expense,Cash
25815f22-48fe-48f0-abca-dd70bce5dcf4,1655015705774,"2022-06-12 12:05:05",1200.0,"",02380fa8-41a8-43fa-8e7b-2a579cfacfc2,Toxicity,Expense,Cash
8229d919-3be9-4935-9298-2e20a96d6a21,1655015705774,"2022-06-12 12:05:05",2160.0,"",02380fa8-41a8-43fa-8e7b-2a579cfacfc2,Toxicity,Expense,Cash
fd58e41c-88b2-4d2f-8fac-c5780019f629,1655015705774,"2022-06-12 12:05:05",10000.0,"",10000000-0000-0000-0000-000000000011,Deposits,Income,Cash
13a27dd2-b691-4ca4-882e-2394ef90842f,1654955310561,"2022-06-11 19:18:30",10000.0,"",10000000-0000-0000-0000-000000000011,Deposits,Income,Cash
7994adb6-120c-4c4b-9211-2c4a582266b4,1654955310561,"2022-06-11 19:18:30",2520.0,"",10000000-0000-0000-0000-000000000004,"Eating out",Expense,Cash
a18c5ee0-f6f2-493d-93ef-e582553fcb2a,1654955310561,"2022-06-11 19:18:30",2220.0,"",02380fa8-41a8-43fa-8e7b-2a579cfacfc2,Toxicity,Expense,Cash
abe5edeb-c52e-44ad-80eb-ce1cec55fac5,1654955310561,"2022-06-11 19:18:30",2100.0,"",10000000-0000-0000-0000-000000000004,"Eating out",Expense,Cash
1ce33181-2851-4f2b-beb9-d5b0fc9d9d14,1654848605187,"2022-06-10 13:40:05",1300.0,"",02380fa8-41a8-43fa-8e7b-2a579cfacfc2,Toxicity,Expense,Cash
38751a1e-acab-4fbb-b444-08e2a0d099fd,1654848605187,"2022-06-10 13:40:05",5480.0,"",968edc2b-7a45-41ec-8be9-e213be5528f8,Fuel,Expense,Cash
4b228c91-3932-4e83-949c-79b195648641,1654848605187,"2022-06-10 13:40:05",1750.0,"",10000000-0000-0000-0000-000000000004,"Eating out",Expense,Cash
cfd8b425-b207-436b-b13b-dcd4fbd36615,1654848605187,"2022-06-10 13:40:05",690.0,"",10000000-0000-0000-0000-000000000004,"Eating out",Expense,Cash
1e679a3b-8d05-4110-88eb-cdcdaa53bd6f,1654848605187,"2022-06-10 13:40:05",300.0,"",6b86fb91-20d2-4296-8fc0-11af8f5db354,Brewery,Expense,Cash
b282aa8c-e181-45cf-b1f9-ad849f76888a,1654848605187,"2022-06-10 13:40:05",600.0,"",6b86fb91-20d2-4296-8fc0-11af8f5db354,Brewery,Expense,Cash
5374132f-0ff9-4c63-b1fa-2173c5ddd791,1654848605187,"2022-06-10 13:40:05",1800.0,"",02380fa8-41a8-43fa-8e7b-2a579cfacfc2,Toxicity,Expense,Cash
b7caa95f-9451-4859-8165-1b605e5a4dc5,1654764218813,"2022-06-09 14:13:38",1000.0,"",10000000-0000-0000-0000-000000000001,Food,Expense,Cash
b096b11d-06e3-4d47-8af2-43e41e75d4b5,1654764218813,"2022-06-09 14:13:38",800.0,"",6b86fb91-20d2-4296-8fc0-11af8f5db354,Brewery,Expense,Cash
87cb7b43-5196-42fd-8a14-d4ee132be029,1654764218813,"2022-06-09 14:13:38",50000.0,"",10000000-0000-0000-0000-000000000011,Deposits,Income,Cash
03630025-5f07-43e3-8bbe-37fc876403db,1654764218813,"2022-06-09 14:13:38",1700.0,"",02380fa8-41a8-43fa-8e7b-2a579cfacfc2,Toxicity,Expense,Cash
8dd119f3-330a-4b57-8088-cfe4d4b2a759,1654764218813,"2022-06-09 14:13:38",1800.0,"",02380fa8-41a8-43fa-8e7b-2a579cfacfc2,Toxicity,Expense,Cash
b0786710-06f3-4811-92ad-c15268b86595,1654724689281,"2022-06-09 03:14:49",740.0,"",10000000-0000-0000-0000-000000000004,"Eating out",Expense,Cash
7cbe52e4-ef24-4a6a-9d1c-9dd55f111f0e,1654724689281,"2022-06-09 03:14:49",46560.0,"",10000000-0000-0000-0000-000000000002,House,Expense,Cash
48f236ad-2923-40d1-9c61-764420ba0be1,1654724689281,"2022-06-09 03:14:49",530.0,"",02380fa8-41a8-43fa-8e7b-2a579cfacfc2,Toxicity,Expense,Cash
8565214c-b021-47c1-b9d0-8f5cef7aec6a,1654708452159,"2022-06-08 22:44:12",450.0,"",02380fa8-41a8-43fa-8e7b-2a579cfacfc2,Toxicity,Expense,Cash
41240ce4-f0fc-4a21-a6bb-5657378c60b2,1654677818813,"2022-06-08 14:13:38",10000.0,"",10000000-0000-0000-0000-000000000011,Deposits,Income,Cash
1f7102a6-2f7b-4c6b-b9fc-67f93aee02d6,1654612447766,"2022-06-07 20:04:07",600.0,"",6b86fb91-20d2-4296-8fc0-11af8f5db354,Brewery,Expense,Cash
979a0975-2666-47c5-8b92-c5a444a7f1b0,1654612447766,"2022-06-07 20:04:07",1000.0,"",d71face0-704a-49ff-8c96-9778abb5d2e3,Bike,Expense,Cash
1efd51c9-cd2c-4674-90bc-e8458ca9de88,1654612447766,"2022-06-07 20:04:07",660.0,"",02380fa8-41a8-43fa-8e7b-2a579cfacfc2,Toxicity,Expense,Cash
fe20134c-a5c3-430f-ae98-9f161bac9425,1654593493140,"2022-06-07 14:48:13",5340.0,"",10000000-0000-0000-0000-000000000004,"Eating out",Expense,Cash
528a9e1d-fd39-4c67-9ad7-b88765ac20b3,1654593493140,"2022-06-07 14:48:13",200.0,"",6b86fb91-20d2-4296-8fc0-11af8f5db354,Brewery,Expense,Cash
cea46fc4-f78e-4b1b-8a11-d40296f17d02,1654593493140,"2022-06-07 14:48:13",180.0,"",02380fa8-41a8-43fa-8e7b-2a579cfacfc2,Toxicity,Expense,Cash
9e395fb8-f92d-440f-a671-85ac5590726f,1654544483118,"2022-06-07 01:11:23",7680.0,"",10000000-0000-0000-0000-000000000007,Entertainment,Expense,Cash
000b73b3-4fde-459d-b0b4-11f23f160d97,1654508086425,"2022-06-06 15:04:46",700.0,"",6b86fb91-20d2-4296-8fc0-11af8f5db354,Brewery,Expense,Cash
4283d179-c959-4343-9e2d-f3e6ebd6f6cc,1654508086425,"2022-06-06 15:04:46",1800.0,"",10000000-0000-0000-0000-000000000004,"Eating out",Expense,Cash
b0b14e07-74b5-491a-b285-ca16ba119b0d,1654508086425,"2022-06-06 15:04:46",3760.0,"",10000000-0000-0000-0000-000000000002,House,Expense,Cash
5da59097-96c4-4b94-ba4d-08d4375ccb08,1654508086425,"2022-06-06 15:04:46",5480.0,"",968edc2b-7a45-41ec-8be9-e213be5528f8,Fuel,Expense,Cash
cbfa4d1e-c092-403a-9c57-7d2bb6fd2a48,1654508086425,"2022-06-06 15:04:46",1980.0,"",02380fa8-41a8-43fa-8e7b-2a579cfacfc2,Toxicity,Expense,Cash
4570bfaa-6ff7-46e2-9743-f04d05390db9,1654448129822,"2022-06-05 22:25:29",1200.0,"",10000000-0000-0000-0000-000000000004,"Eating out",Expense,Cash
ad771a9c-c81a-4882-a61e-e042a768a94e,1654448129822,"2022-06-05 22:25:29",1260.0,"",02380fa8-41a8-43fa-8e7b-2a579cfacfc2,Toxicity,Expense,Cash
79f0f630-62bb-4907-8088-e83c8b2fdfba,1654448129822,"2022-06-05 22:25:29",200.0,"",6b86fb91-20d2-4296-8fc0-11af8f5db354,Brewery,Expense,Cash
b9494321-7284-4766-a7a9-e2fa57844490,1654426691405,"2022-06-05 16:28:11",200.0,"",6b86fb91-20d2-4296-8fc0-11af8f5db354,Brewery,Expense,Cash
15b06392-be50-430e-942a-680c7291c9fa,1654426691405,"2022-06-05 16:28:11",660.0,"",02380fa8-41a8-43fa-8e7b-2a579cfacfc2,Toxicity,Expense,Cash
b85de073-23a0-41a6-a653-be5ab06f9664,1654426691405,"2022-06-05 16:28:11",200.0,"",6b86fb91-20d2-4296-8fc0-11af8f5db354,Brewery,Expense,Cash
adc9d851-09f4-49ca-b1a3-d7ae3d854926,1654426691405,"2022-06-05 16:28:11",180.0,"",02380fa8-41a8-43fa-8e7b-2a579cfacfc2,Toxicity,Expense,Cash
c7927fea-fae5-4d68-b372-f1bc6eddeb79,1654426691405,"2022-06-05 16:28:11",6480.0,"",10000000-0000-0000-0000-000000000012,Bills,Expense,Cash
a66ae4c2-f86f-4905-ae6e-57e702372d95,1654419205594,"2022-06-05 14:23:25",3440.0,"",10000000-0000-0000-0000-000000000004,"Eating out",Expense,Cash
b004ef5b-e6e2-4f97-a6a5-fa038b019cc2,1654347071992,"2022-06-04 18:21:11",400.0,"",6b86fb91-20d2-4296-8fc0-11af8f5db354,Brewery,Expense,Cash
9fb40453-6757-4f38-91d1-f7959d40c88b,1654347071992,"2022-06-04 18:21:11",1750.0,"",10000000-0000-0000-0000-000000000001,Food,Expense,Cash
c278a49a-980e-4001-b00e-7690e919e0d0,1654347071992,"2022-06-04 18:21:11",840.0,"",02380fa8-41a8-43fa-8e7b-2a579cfacfc2,Toxicity,Expense,Cash
d13365fc-f4f8-4f45-b803-1eb8ba81cad7,1654347071992,"2022-06-04 18:21:11",5360.0,"",10000000-0000-0000-0000-000000000001,Food,Expense,Cash
8d893033-df64-47a9-84f6-8f84f2e5b94f,1654347071992,"2022-06-04 18:21:11",800.0,"",10000000-0000-0000-0000-000000000004,"Eating out",Expense,Cash
a2d40482-c75c-4f7e-9010-d07bedfaddf7,1654347071992,"2022-06-04 18:21:11",300.0,"",02380fa8-41a8-43fa-8e7b-2a579cfacfc2,Toxicity,Expense,Cash
29f68e56-8fb7-4733-a864-d9a7439a28f7,1654272591969,"2022-06-03 21:39:51",900.0,"",02380fa8-41a8-43fa-8e7b-2a579cfacfc2,Toxicity,Expense,Cash
2ab6c0b2-d61e-4371-a5f7-bfe731ace931,1654243045162,"2022-06-03 13:27:25",1800.0,"",02380fa8-41a8-43fa-8e7b-2a579cfacfc2,Toxicity,Expense,Cash
7ee13a8b-5331-4f68-9349-10ea1705272a,1654243045162,"2022-06-03 13:27:25",800.0,"",10000000-0000-0000-0000-000000000004,"Eating out",Expense,Cash
388fea57-0be8-4470-b17d-eb179d314713,1654183942760,"2022-06-02 21:02:22",800.0,"",10000000-0000-0000-0000-000000000004,"Eating out",Expense,Cash
4b55a877-2ee0-49f9-86ef-07b3c2c50618,1654183942760,"2022-06-02 21:02:22",180.0,"",02380fa8-41a8-43fa-8e7b-2a579cfacfc2,Toxicity,Expense,Cash
568bfa95-2b9f-49c8-a594-127a7842d610,1654183942760,"2022-06-02 21:02:22",1380.0,"",02380fa8-41a8-43fa-8e7b-2a579cfacfc2,Toxicity,Expense,Cash
57ada1a8-19ac-451b-a664-4ac3ef5a211e,1654183942760,"2022-06-02 21:02:22",2620.0,"",10000000-0000-0000-0000-000000000004,"Eating out",Expense,Cash
ec41ef86-15f6-43bd-aaa5-7268f6ebc1f4,1654183942760,"2022-06-02 21:02:22",150.0,"",6b86fb91-20d2-4296-8fc0-11af8f5db354,Brewery,Expense,Cash
d6b6b2bd-00cf-4877-9ed1-81d3e5d02a2a,1654167345939,"2022-06-02 16:25:45",15000.0,"",10000000-0000-0000-0000-000000000011,Deposits,Income,Cash
653b66e8-e44e-4313-a19d-29b32d67ba60,1654158512298,"2022-06-02 13:58:32",1800.0,"",10000000-0000-0000-0000-000000000004,"Eating out",Expense,Cash
058b7279-116c-445f-8ae3-5b86415b57fc,1654098603433,"2022-06-01 21:20:03",720.0,"",02380fa8-41a8-43fa-8e7b-2a579cfacfc2,Toxicity,Expense,Cash
8712a8c8-6a3b-4466-beaa-4d576ca7b7da,1654098603433,"2022-06-01 21:20:03",1100.0,"",10000000-0000-0000-0000-000000000004,"Eating out",Expense,Cash
d8e987c2-617d-4c42-ae66-a66b412778c1,1654072890665,"2022-06-01 14:11:30",180.0,"",02380fa8-41a8-43fa-8e7b-2a579cfacfc2,Toxicity,Expense,Cash
1ce9f913-9135-439f-b64f-8e08d7cb8f09,1654072890665,"2022-06-01 14:11:30",350.0,"",10000000-0000-0000-0000-000000000001,Food,Expense,Cash
a5d06c6b-af2e-4a37-81a4-56b27a43c0b9,1654072890665,"2022-06-01 14:11:30",1600.0,"",02380fa8-41a8-43fa-8e7b-2a579cfacfc2,Toxicity,Expense,Cash
d468f06c-1e8b-4c2a-9698-b9da1f2b7aaa,1654072112298,"2022-06-01 13:58:32",650.0,"",10000000-0000-0000-0000-000000000002,House,Expense,Cash
733c0401-f7ba-4722-a24c-c17c496c8b3d,1654072112298,"2022-06-01 13:58:32",1200.0,"",02380fa8-41a8-43fa-8e7b-2a579cfacfc2,Toxicity,Expense,Cash
a09c9ac5-5c30-4c9f-81a0-2611a262cd16,1654012786146,"2022-05-31 21:29:46",3380.0,"",10000000-0000-0000-0000-000000000004,"Eating out",Expense,Cash
bb88217b-31bc-4028-8ec1-63846f9cded2,1654012786146,"2022-05-31 21:29:46",400.0,"",6b86fb91-20d2-4296-8fc0-11af8f5db354,Brewery,Expense,Cash
f676b986-2db2-4c36-8b2d-0a6de53c5812,1654012786146,"2022-05-31 21:29:46",100.0,"",10000000-0000-0000-0000-000000000001,Food,Expense,Cash
88a722cb-0fec-4926-a0d2-b95629b1ac00,1653984726510,"2022-05-31 13:42:06",1400.0,"",10000000-0000-0000-0000-000000000001,Food,Expense,Cash
3ddda56b-cdd2-4e08-be60-9138f01c46e5,1653984726510,"2022-05-31 13:42:06",1800.0,"",02380fa8-41a8-43fa-8e7b-2a579cfacfc2,Toxicity,Expense,Cash
c368c82d-bf58-4c2a-843f-5216b38e9855,1653984726510,"2022-05-31 13:42:06",200.0,"",10000000-0000-0000-0000-000000000001,Food,Expense,Cash
0c7c5804-7937-497e-a1b8-869efa30d8e4,1653984726510,"2022-05-31 13:42:06",180.0,"",02380fa8-41a8-43fa-8e7b-2a579cfacfc2,Toxicity,Expense,Cash
b492ac89-17f5-4629-a4d1-01fd75341086,1653919666825,"2022-05-30 19:37:46",1200.0,"",10000000-0000-0000-0000-000000000004,"Eating out",Expense,Cash
9493bcfd-4db9-4d72-9fbe-7f698122598f,1653919666825,"2022-05-30 19:37:46",600.0,"",6b86fb91-20d2-4296-8fc0-11af8f5db354,Brewery,Expense,Cash
a84f75df-93c6-4fbe-82d6-880c44169388,1653919666825,"2022-05-30 19:37:46",180.0,"",02380fa8-41a8-43fa-8e7b-2a579cfacfc2,Toxicity,Expense,Cash
bfabce62-54ca-442f-831b-8c98c49c9fbe,1653919666825,"2022-05-30 19:37:46",2340.0,"",02380fa8-41a8-43fa-8e7b-2a579cfacfc2,Toxicity,Expense,Cash
19cd56ce-f9a7-4e10-a8db-7b8d35b80e26,1653901235377,"2022-05-30 14:30:35",180.0,"",02380fa8-41a8-43fa-8e7b-2a579cfacfc2,Toxicity,Expense,Cash
5bc488f2-a357-4037-9820-665944272240,1653901235377,"2022-05-30 14:30:35",200.0,"",10000000-0000-0000-0000-000000000001,Food,Expense,Cash
eb950ab5-3bda-446f-af0a-a69af738d071,1653883098967,"2022-05-30 09:28:18",180.0,"",02380fa8-41a8-43fa-8e7b-2a579cfacfc2,Toxicity,Expense,Cash
1e6f5660-09e3-4a61-9565-078f967c709f,1653883098967,"2022-05-30 09:28:18",60.0,"",6b86fb91-20d2-4296-8fc0-11af8f5db354,Brewery,Expense,Cash
ca0f71ec-12b4-40ea-a4a4-b3161a1b9d7d,1653841362204,"2022-05-29 21:52:42",1500.0,"",02380fa8-41a8-43fa-8e7b-2a579cfacfc2,Toxicity,Expense,Cash
9b6cac7b-48c3-46e7-897d-cf80e0330364,1653841362204,"2022-05-29 21:52:42",8740.0,"",10000000-0000-0000-0000-000000000002,House,Expense,Cash
e6d74548-5600-49d5-8402-5bc8558dfc3b,1653841362204,"2022-05-29 21:52:42",360.0,"",02380fa8-41a8-43fa-8e7b-2a579cfacfc2,Toxicity,Expense,Cash
db9c6b77-2adc-493f-98cd-9d8103936019,1653841362204,"2022-05-29 21:52:42",400.0,"",6b86fb91-20d2-4296-8fc0-11af8f5db354,Brewery,Expense,Cash
756cbe67-8375-4edd-bc40-1bb964f3185c,1653841362204,"2022-05-29 21:52:42",3340.0,"",10000000-0000-0000-0000-000000000001,Food,Expense,Cash
23cdfc6e-9be0-435e-909f-0181eac6a899,1653811666795,"2022-05-29 13:37:46",200.0,"",6b86fb91-20d2-4296-8fc0-11af8f5db354,Brewery,Expense,Cash
e15eece1-abdf-4e58-a046-a9a78530c7f7,1653811666795,"2022-05-29 13:37:46",1800.0,"",02380fa8-41a8-43fa-8e7b-2a579cfacfc2,Toxicity,Expense,Cash
ca23fde6-0fef-48e4-b98f-9783c2fe378e,1653811666795,"2022-05-29 13:37:46",1000.0,"",10000000-0000-0000-0000-000000000001,Food,Expense,Cash
2809e387-55a6-4c65-84bc-35d68d863f9f,1653811666795,"2022-05-29 13:37:46",5480.0,"",968edc2b-7a45-41ec-8be9-e213be5528f8,Fuel,Expense,Cash
afbb3957-86be-4734-a2fc-04912745bda3,1653806040928,"2022-05-29 12:04:00",400.0,"",6b86fb91-20d2-4296-8fc0-11af8f5db354,Brewery,Expense,Cash
15933cfe-507a-4b04-b3d5-7d47baa541cb,1653752574582,"2022-05-28 21:12:54",3680.0,"",10000000-0000-0000-0000-000000000004,"Eating out",Expense,Cash
3282f329-e010-4fe7-b73e-755821497421,1653752574582,"2022-05-28 21:12:54",2520.0,"",02380fa8-41a8-43fa-8e7b-2a579cfacfc2,Toxicity,Expense,Cash
2211e591-ee60-4715-afb0-19b138d71e5e,1653728288018,"2022-05-28 14:28:08",200.0,"",10000000-0000-0000-0000-000000000001,Food,Expense,Cash
ce8c2f38-2912-424b-acaf-5480f6086288,1653728288018,"2022-05-28 14:28:08",200.0,"",6b86fb91-20d2-4296-8fc0-11af8f5db354,Brewery,Expense,Cash
152eda8d-51ba-4819-afae-85da288753e2,1653728288018,"2022-05-28 14:28:08",900.0,"",10000000-0000-0000-0000-000000000001,Food,Expense,Cash
0d80db9b-9ddc-4791-84de-1769d9e26355,1653669271020,"2022-05-27 22:04:31",1500.0,"",10000000-0000-0000-0000-000000000004,"Eating out",Expense,Cash
825404c8-0b1a-4067-9864-67364b7bb2a5,1653669271020,"2022-05-27 22:04:31",3450.0,"",02380fa8-41a8-43fa-8e7b-2a579cfacfc2,Toxicity,Expense,Cash
79bdd57d-6088-4e72-b091-640e431e918f,1653669271020,"2022-05-27 22:04:31",154050.0,"",8f3ee15b-f6b5-472f-8deb-939998b50f55,Career,Expense,Cash
f5af9a0f-1cca-4cad-b16e-22839e61e887,1653669271020,"2022-05-27 22:04:31",540.0,"",02380fa8-41a8-43fa-8e7b-2a579cfacfc2,Toxicity,Expense,Cash
ae550e86-2d6a-4e5a-9450-8594b54540dc,1653641794815,"2022-05-27 14:26:34",350.0,"",10000000-0000-0000-0000-000000000001,Food,Expense,Cash
8b9a820d-d804-40e6-9774-b7cbfc5c0e80,1653641794815,"2022-05-27 14:26:34",2000.0,"",02380fa8-41a8-43fa-8e7b-2a579cfacfc2,Toxicity,Expense,Cash
a9d2bdbc-ef81-4342-8efc-ce55cad5a51a,1653641794815,"2022-05-27 14:26:34",1000.0,"",10000000-0000-0000-0000-000000000004,"Eating out",Expense,Cash
20eeac8a-c754-4996-829f-430f94dadfd2,1653575769256,"2022-05-26 20:06:09",800.0,"",10000000-0000-0000-0000-000000000004,"Eating out",Expense,Cash
ea18aa61-3f8a-4abb-afbe-969b1b50858e,1653575769256,"2022-05-26 20:06:09",180.0,"",02380fa8-41a8-43fa-8e7b-2a579cfacfc2,Toxicity,Expense,Cash
35ed6c68-2d74-4ac7-b23b-1866e7dedd93,1653575769256,"2022-05-26 20:06:09",1800.0,"",02380fa8-41a8-43fa-8e7b-2a579cfacfc2,Toxicity,Expense,Cash
81378637-f8ca-49cd-8a67-b1d5ab4cdc30,1653547374968,"2022-05-26 12:12:54",250.0,"",02380fa8-41a8-43fa-8e7b-2a579cfacfc2,Toxicity,Expense,Cash
9df3969c-294f-400a-9d83-426649575c6e,1653547374968,"2022-05-26 12:12:54",60.0,"",6b86fb91-20d2-4296-8fc0-11af8f5db354,Brewery,Expense,Cash
807b6b24-00b9-4277-bd53-7f641adb7455,1653547374968,"2022-05-26 12:12:54",1200.0,"",10000000-0000-0000-0000-000000000001,Food,Expense,Cash
72725931-a139-4607-921f-8e8864373d05,1653547374968,"2022-05-26 12:12:54",360.0,"",02380fa8-41a8-43fa-8e7b-2a579cfacfc2,Toxicity,Expense,Cash
2bea63ba-a73d-4462-9dbb-a64319ac14ab,1653480266954,"2022-05-25 17:34:26",180.0,"",02380fa8-41a8-43fa-8e7b-2a579cfacfc2,Toxicity,Expense,Cash
8e6d7b20-142c-40e6-a0ca-8cc586378f85,1653480266954,"2022-05-25 17:34:26",400000.0,"",10000000-0000-0000-0000-000000000011,Deposits,Income,Cash
42e03a94-23f2-4347-8c79-47e89a88044c,1653450565518,"2022-05-25 09:19:25",180.0,"",02380fa8-41a8-43fa-8e7b-2a579cfacfc2,Toxicity,Expense,Cash
6b0feebc-11ca-49e6-9a86-9437dbc1cee0,1653450565518,"2022-05-25 09:19:25",180.0,"",02380fa8-41a8-43fa-8e7b-2a579cfacfc2,Toxicity,Expense,Cash
fcb3619f-d423-47f5-9efe-56872928fd7a,1653450565518,"2022-05-25 09:19:25",1300.0,"",10000000-0000-0000-0000-000000000004,"Eating out",Expense,Cash
107ec15c-533a-462a-8139-f1bdfd4372b5,1653450565518,"2022-05-25 09:19:25",60.0,"",6b86fb91-20d2-4296-8fc0-11af8f5db354,Brewery,Expense,Cash
5caed6cd-dbe0-41bb-ae08-8d9c63ce9b3e,1653409150177,"2022-05-24 21:49:10",1260.0,"",02380fa8-41a8-43fa-8e7b-2a579cfacfc2,Toxicity,Expense,Cash
c5b6f5cf-a6ce-48d2-a347-1bb1fbc6b9cf,1653409150177,"2022-05-24 21:49:10",500.0,"",6b86fb91-20d2-4296-8fc0-11af8f5db354,Brewery,Expense,Cash
3240e89c-2631-4c84-b7c9-96ae0589a7f3,1653398092516,"2022-05-24 18:44:52",400.0,"",10000000-0000-0000-0000-000000000004,"Eating out",Expense,Cash
0d99ab06-99fa-4cb5-a1a4-844bc677f5c6,1653398092516,"2022-05-24 18:44:52",540.0,"",02380fa8-41a8-43fa-8e7b-2a579cfacfc2,Toxicity,Expense,Cash
b2f145d4-e4f3-4b12-a621-b2ade2dbc95a,1653398092516,"2022-05-24 18:44:52",500.0,"",10000000-0000-0000-0000-000000000004,"Eating out",Expense,Cash
019ec61a-2676-4c46-886c-5ac6a3b09d87,1653398092516,"2022-05-24 18:44:52",180.0,"",02380fa8-41a8-43fa-8e7b-2a579cfacfc2,Toxicity,Expense,Cash
ce00400e-4247-4828-af4d-f76b4519121a,1653398092516,"2022-05-24 18:44:52",250.0,"",6b86fb91-20d2-4296-8fc0-11af8f5db354,Brewery,Expense,Cash
a428d7f1-8a92-41ab-b105-0a46dc953f36,1653398092516,"2022-05-24 18:44:52",5530.0,"",968edc2b-7a45-41ec-8be9-e213be5528f8,Fuel,Expense,Cash
db815a07-485b-4ae6-9887-2d2ac39ed0e5,1653398092516,"2022-05-24 18:44:52",1000.0,"",6b86fb91-20d2-4296-8fc0-11af8f5db354,Brewery,Expense,Cash
c802b47f-67ca-4fdb-b229-c132f6f52f7a,1653380912107,"2022-05-24 13:58:32",12000.0,"",10000000-0000-0000-0000-000000000011,Deposits,Income,Cash
6d682813-1305-4a6e-94e4-7f591188d128,1653380912107,"2022-05-24 13:58:32",330.0,"",02380fa8-41a8-43fa-8e7b-2a579cfacfc2,Toxicity,Expense,Cash
1a4de67a-f1f5-40ce-8d77-7b14e4d1cda3,1653295267065,"2022-05-23 14:11:07",240.0,"",10000000-0000-0000-0000-000000000005,Transport,Expense,Cash
4df81b5d-d642-4075-9919-224c14459659,1653295267065,"2022-05-23 14:11:07",180.0,"",02380fa8-41a8-43fa-8e7b-2a579cfacfc2,Toxicity,Expense,Cash
ed7c128a-4110-483e-80b5-f4dd38ca0af3,1653294512107,"2022-05-23 13:58:32",1111240.0,"",8f3ee15b-f6b5-472f-8deb-939998b50f55,Career,Expense,Cash
744e37c1-34ee-4395-a55c-6ab91e27326c,1653243624433,"2022-05-22 23:50:24",600.0,"",10000000-0000-0000-0000-000000000004,"Eating out",Expense,Cash
cfdffdc8-79a8-4b4f-8db0-754c2fcca764,1653243624433,"2022-05-22 23:50:24",2700.0,"",10000000-0000-0000-0000-000000000004,"Eating out",Expense,Cash
0c6f31b8-ac0a-4453-80b7-04de07d94df5,1653243624433,"2022-05-22 23:50:24",300.0,"",10000000-0000-0000-0000-000000000004,"Eating out",Expense,Cash
e3fee97f-82d7-4d25-b810-a37d5015507b,1653243624433,"2022-05-22 23:50:24",180.0,"",02380fa8-41a8-43fa-8e7b-2a579cfacfc2,Toxicity,Expense,Cash
d6a7ab4e-c67f-4be1-a58d-034be9ab8927,1653204482574,"2022-05-22 12:58:02",5480.0,"",968edc2b-7a45-41ec-8be9-e213be5528f8,Fuel,Expense,Cash
55b1aa57-68b4-4318-9bcd-55fa6fd7b751,1653204482574,"2022-05-22 12:58:02",1000.0,"",10000000-0000-0000-0000-000000000004,"Eating out",Expense,Cash
15d75384-9bd7-48c3-bbb4-66277d051a08,1653204482574,"2022-05-22 12:58:02",1080.0,"",02380fa8-41a8-43fa-8e7b-2a579cfacfc2,Toxicity,Expense,Cash
7b83a61f-cea1-47c3-8c49-c05bf45f1632,1653152342946,"2022-05-21 22:29:02",1000.0,"",6b86fb91-20d2-4296-8fc0-11af8f5db354,Brewery,Expense,Cash
c325864d-82c2-4715-aa65-0a6c495debbf,1653123624929,"2022-05-21 14:30:24",3300.0,"",10000000-0000-0000-0000-000000000012,Bills,Expense,Cash
ccb83b4d-4dbe-4986-9e69-c73b0c1b2432,1653123624929,"2022-05-21 14:30:24",300.0,"",10000000-0000-0000-0000-000000000002,House,Expense,Cash
97454cd4-ec3b-4d44-a6de-6c93abc0bbe1,1653123624929,"2022-05-21 14:30:24",800.0,"",10000000-0000-0000-0000-000000000004,"Eating out",Expense,Cash
7098286c-39ce-4c3b-9851-ab2b5e1a4aaf,1653071766896,"2022-05-21 00:06:06",2400.0,"",10000000-0000-0000-0000-000000000004,"Eating out",Expense,Cash
8dc2a300-26ee-431e-b1eb-096796ad305f,1653061360744,"2022-05-20 21:12:40",300.0,"",10000000-0000-0000-0000-000000000004,"Eating out",Expense,Cash
66b299f7-a606-4123-b3c1-103aafb2d2d6,1653061360744,"2022-05-20 21:12:40",750.0,"",6b86fb91-20d2-4296-8fc0-11af8f5db354,Brewery,Expense,Cash
098ab99a-0d24-4258-a353-76e665ce2055,1653061360744,"2022-05-20 21:12:40",1200.0,"",10000000-0000-0000-0000-000000000004,"Eating out",Expense,Cash
954c3ee1-62b8-4fb5-8e32-f6034ed3281b,1653061360744,"2022-05-20 21:12:40",180.0,"",02380fa8-41a8-43fa-8e7b-2a579cfacfc2,Toxicity,Expense,Cash
2e7e5c3c-274d-4b96-893d-0fc376db9c55,1652992488496,"2022-05-20 02:04:48",1700.0,"",10000000-0000-0000-0000-000000000004,"Eating out",Expense,Cash
5161be80-b942-4b3e-bb9d-28a076563854,1652980798109,"2022-05-19 22:49:58",870.0,"",7adc3dbd-e8b1-494f-8685-6c84d84c4f96,Hospital,Expense,Cash
f2c3a7e3-8550-4020-88c8-69fd3c563379,1652980798109,"2022-05-19 22:49:58",1000.0,"",6b86fb91-20d2-4296-8fc0-11af8f5db354,Brewery,Expense,Cash
e3d3d7b9-a649-41a1-b13e-5d986cf68a2a,1652943583378,"2022-05-19 12:29:43",10840.0,"",10000000-0000-0000-0000-000000000004,"Eating out",Expense,Cash
d2931992-055f-4fc8-bc68-85d459ff5fec,1652895494925,"2022-05-18 23:08:14",450.0,"",6b86fb91-20d2-4296-8fc0-11af8f5db354,Brewery,Expense,Cash
a73d52f6-4935-4308-bbc5-516f54ac7051,1652895488372,"2022-05-18 23:08:08",1400.0,"",10000000-0000-0000-0000-000000000004,"Eating out",Expense,Cash
642abe48-1402-4479-bf06-c4a957849fae,1652858211257,"2022-05-18 12:46:51",6850.0,"",10000000-0000-0000-0000-000000000002,House,Expense,Cash
e0807c7c-c3d1-40fd-927c-f983da9298dc,1652858211257,"2022-05-18 12:46:51",180.0,"",02380fa8-41a8-43fa-8e7b-2a579cfacfc2,Toxicity,Expense,Cash
fe4e4b56-b22b-4cf6-ac03-d2f4bc5604a8,1652858211257,"2022-05-18 12:46:51",200.0,"",6b86fb91-20d2-4296-8fc0-11af8f5db354,Brewery,Expense,Cash
db3c4bcd-415b-4f23-9f54-de9a36d15b82,1652858211257,"2022-05-18 12:46:51",2950.0,"",02380fa8-41a8-43fa-8e7b-2a579cfacfc2,Toxicity,Expense,Cash
fc8b306e-b1c8-4f7b-ac29-b918e5b08629,1652858211257,"2022-05-18 12:46:51",180.0,"",02380fa8-41a8-43fa-8e7b-2a579cfacfc2,Toxicity,Expense,Cash
d1b37123-2470-44ac-846c-385e7df54495,1652803784527,"2022-05-17 21:39:44",300.0,"",6b86fb91-20d2-4296-8fc0-11af8f5db354,Brewery,Expense,Cash
904bd544-13e7-40ab-92d2-459a6970df4a,1652803784527,"2022-05-17 21:39:44",720.0,"",02380fa8-41a8-43fa-8e7b-2a579cfacfc2,Toxicity,Expense,Cash
aefbd364-d884-4fe6-9b96-fced6e5e5328,1652803784527,"2022-05-17 21:39:44",1700.0,"",10000000-0000-0000-0000-000000000004,"Eating out",Expense,Cash
b967b597-1546-4279-a85b-137dda6b1dff,1652777358137,"2022-05-17 14:19:18",291430.0,"Step one immigration",8f3ee15b-f6b5-472f-8deb-939998b50f55,Career,Expense,Cash
d3ddbe27-4cf4-4e70-8bf5-5adda315c524,1652759062141,"2022-05-17 09:14:22",60.0,"",6b86fb91-20d2-4296-8fc0-11af8f5db354,Brewery,Expense,Cash
f3ebf6c4-bf56-4d16-873a-1b4cd384fe69,1652759062141,"2022-05-17 09:14:22",1200.0,"",02380fa8-41a8-43fa-8e7b-2a579cfacfc2,Toxicity,Expense,Cash
0c0c9425-6537-4fb0-b276-8949c8cb804f,1652719803397,"2022-05-16 22:20:03",1100.0,"",10000000-0000-0000-0000-000000000004,"Eating out",Expense,Cash
3e0231c7-04fa-44f2-a651-d418569f010d,1652719803397,"2022-05-16 22:20:03",250.0,"",6b86fb91-20d2-4296-8fc0-11af8f5db354,Brewery,Expense,Cash
b0159c10-7f84-4e0a-abc4-9a1f60130ab8,1652719803397,"2022-05-16 22:20:03",480.0,"",02380fa8-41a8-43fa-8e7b-2a579cfacfc2,Toxicity,Expense,Cash
e88aa88e-521e-4dba-99bc-cb95db2c88b2,1652708743033,"2022-05-16 19:15:43",300.0,"",6b86fb91-20d2-4296-8fc0-11af8f5db354,Brewery,Expense,Cash
62a20c33-0acc-46f9-a5a9-d396babbc57e,1652708743033,"2022-05-16 19:15:43",600.0,"",02380fa8-41a8-43fa-8e7b-2a579cfacfc2,Toxicity,Expense,Cash
62afe570-6f40-4f54-ac8c-388cf99e448b,1652708743033,"2022-05-16 19:15:43",900.0,"",10000000-0000-0000-0000-000000000004,"Eating out",Expense,Cash
efc4c987-d165-403f-a8c2-8b9e95966dd3,1652681174808,"2022-05-16 11:36:14",480.0,"",02380fa8-41a8-43fa-8e7b-2a579cfacfc2,Toxicity,Expense,Cash
c241f431-e0ea-4af8-aad6-86317f8da133,1652681174808,"2022-05-16 11:36:14",1150.0,"",10000000-0000-0000-0000-000000000004,"Eating out",Expense,Cash
e3b4192c-e8f2-495b-9aad-3984690ad2ef,1652627133459,"2022-05-15 20:35:33",2000.0,"",d71face0-704a-49ff-8c96-9778abb5d2e3,Bike,Expense,Cash
92e171ea-13da-4a38-8504-eb811f43da8b,1652592121255,"2022-05-15 10:52:01",720.0,"",02380fa8-41a8-43fa-8e7b-2a579cfacfc2,Toxicity,Expense,Cash
d1e04348-ee4b-4e08-a96c-3968be89c9d9,1652592121255,"2022-05-15 10:52:01",1150.0,"",10000000-0000-0000-0000-000000000004,"Eating out",Expense,Cash
32ae18e1-eb58-401c-995a-ee01fcbe4baa,1652539007665,"2022-05-14 20:06:47",600.0,"",10000000-0000-0000-0000-000000000004,"Eating out",Expense,Cash
73940341-981f-427c-9070-b59051fc3231,1652539007665,"2022-05-14 20:06:47",1150.0,"",6b86fb91-20d2-4296-8fc0-11af8f5db354,Brewery,Expense,Cash
7092f722-8b82-4547-9448-813ce547b1e1,1652539007665,"2022-05-14 20:06:47",180.0,"",02380fa8-41a8-43fa-8e7b-2a579cfacfc2,Toxicity,Expense,Cash
4fad9dc2-c8e2-493c-9b3a-ecf709494f9f,1652539007665,"2022-05-14 20:06:47",300.0,"",10000000-0000-0000-0000-000000000004,"Eating out",Expense,Cash
0f2a0a61-ffa9-431a-835a-f7bf580d1a01,1652530697255,"2022-05-14 17:48:17",180.0,"",02380fa8-41a8-43fa-8e7b-2a579cfacfc2,Toxicity,Expense,Cash
f71bbc75-70e2-405b-b5b2-d17d30dbae58,1652516912251,"2022-05-14 13:58:32",180.0,"",02380fa8-41a8-43fa-8e7b-2a579cfacfc2,Toxicity,Expense,Cash
72af8c85-681b-4c67-a2ed-b38622e8d595,1652516912251,"2022-05-14 13:58:32",800.0,"",10000000-0000-0000-0000-000000000004,"Eating out",Expense,Cash
5aa8c8c5-48f6-4657-8b9d-c47f8d0a89a2,1652516912251,"2022-05-14 13:58:32",5970.0,"",968edc2b-7a45-41ec-8be9-e213be5528f8,Fuel,Expense,Cash
089c965f-b521-4aa1-9cf1-84b3eee1805b,1652511698558,"2022-05-14 12:31:38",180.0,"",02380fa8-41a8-43fa-8e7b-2a579cfacfc2,Toxicity,Expense,Cash
fafffc21-1b69-4857-a1c7-14edf75b6b2b,1652511698558,"2022-05-14 12:31:38",60.0,"",6b86fb91-20d2-4296-8fc0-11af8f5db354,Brewery,Expense,Cash
136560d9-8061-4ee0-a217-2bcaa558e1b9,1652498875591,"2022-05-14 08:57:55",800.0,"",10000000-0000-0000-0000-000000000004,"Eating out",Expense,Cash
de09070c-ca05-44d4-ae2a-33b456d52605,1652458315976,"2022-05-13 21:41:55",180.0,"",02380fa8-41a8-43fa-8e7b-2a579cfacfc2,Toxicity,Expense,Cash
f39fdfd8-af40-4a5f-a61a-02126d7371ed,1652458315976,"2022-05-13 21:41:55",150.0,"",6b86fb91-20d2-4296-8fc0-11af8f5db354,Brewery,Expense,Cash
32d1b47f-3ec7-4529-a5f5-8f97a2430492,1652458315976,"2022-05-13 21:41:55",180.0,"",02380fa8-41a8-43fa-8e7b-2a579cfacfc2,Toxicity,Expense,Cash
a2025866-0647-4777-a352-92fa81e67437,1652414872352,"2022-05-13 09:37:52",180.0,"",02380fa8-41a8-43fa-8e7b-2a579cfacfc2,Toxicity,Expense,Cash
3edc4542-9fe9-45ae-b245-8a1386002196,1652414872352,"2022-05-13 09:37:52",3240.0,"",10000000-0000-0000-0000-000000000004,"Eating out",Expense,Cash
81f126fb-5677-4abd-91a5-cf4bf5734772,1652360007245,"2022-05-12 18:23:27",1000.0,"",02380fa8-41a8-43fa-8e7b-2a579cfacfc2,Toxicity,Expense,Cash
59579727-c6cb-44cf-96b4-2efc81246eb6,1652360007245,"2022-05-12 18:23:27",180.0,"",02380fa8-41a8-43fa-8e7b-2a579cfacfc2,Toxicity,Expense,Cash
fe0940d4-feaa-4bfa-b222-a2ecce42b91e,1652360007245,"2022-05-12 18:23:27",5400.0,"",02380fa8-41a8-43fa-8e7b-2a579cfacfc2,Toxicity,Expense,Cash
53a976fe-4ec3-4f78-9179-203c6a14ffd7,1652360007245,"2022-05-12 18:23:27",950.0,"",10000000-0000-0000-0000-000000000002,House,Expense,Cash
f26c27e5-3054-4977-a44c-59f44525de13,1652360007245,"2022-05-12 18:23:27",350.0,"",10000000-0000-0000-0000-000000000001,Food,Expense,Cash
5673d6ad-65fe-4217-957f-77d5bd4a22d3,1652328078725,"2022-05-12 09:31:18",180.0,"",02380fa8-41a8-43fa-8e7b-2a579cfacfc2,Toxicity,Expense,Cash
faff912e-9b27-49cc-85a7-e70a4d8b8fc1,1652328078725,"2022-05-12 09:31:18",180.0,"",02380fa8-41a8-43fa-8e7b-2a579cfacfc2,Toxicity,Expense,Cash
fa6f928e-0787-4c0e-9244-18056efb1164,1652328078725,"2022-05-12 09:31:18",2150.0,"",10000000-0000-0000-0000-000000000004,"Eating out",Expense,Cash
c7cd5fb6-0efb-40ed-b63b-4029e045f922,1652328078725,"2022-05-12 09:31:18",500.0,"",6b86fb91-20d2-4296-8fc0-11af8f5db354,Brewery,Expense,Cash
8be339c0-98f7-46e6-bcf4-c8891b7ef2a6,1652299546550,"2022-05-12 01:35:46",3590.0,"",02380fa8-41a8-43fa-8e7b-2a579cfacfc2,Toxicity,Expense,Cash
3d94dcdc-e51f-420e-933a-7749a33f138c,1652270555714,"2022-05-11 17:32:35",750.0,"",10000000-0000-0000-0000-000000000004,"Eating out",Expense,Cash
47922578-d2d8-4389-8879-e6d5c4a2e558,1652256660114,"2022-05-11 13:41:00",320.0,"",10000000-0000-0000-0000-000000000002,House,Expense,Cash
c32bcd78-86df-4dde-94da-bcf2b8d1f517,1652255741514,"2022-05-11 13:25:41",200.0,"",10000000-0000-0000-0000-000000000004,"Eating out",Expense,Cash
38637a31-2ea7-43b8-b8d4-a51758a93b94,1652255741514,"2022-05-11 13:25:41",1080.0,"",02380fa8-41a8-43fa-8e7b-2a579cfacfc2,Toxicity,Expense,Cash
f21701b0-e9d6-4234-b654-ad72ba356a33,1652255741514,"2022-05-11 13:25:41",100.0,"",6b86fb91-20d2-4296-8fc0-11af8f5db354,Brewery,Expense,Cash
16e13870-76d2-43b6-81b5-64bc1bb85ac4,1652196935944,"2022-05-10 21:05:35",800.0,"",10000000-0000-0000-0000-000000000004,"Eating out",Expense,Cash
14a1b3c0-6dbe-403c-9753-ee0ef29215a0,1652196935944,"2022-05-10 21:05:35",600.0,"",10000000-0000-0000-0000-000000000004,"Eating out",Expense,Cash
d6667191-391c-425b-b9c3-8bedc08b9ab6,1652196935944,"2022-05-10 21:05:35",100.0,"",6b86fb91-20d2-4296-8fc0-11af8f5db354,Brewery,Expense,Cash
4b6dfd89-57db-4ee6-b4da-94932d82dc5c,1652196935944,"2022-05-10 21:05:35",540.0,"",02380fa8-41a8-43fa-8e7b-2a579cfacfc2,Toxicity,Expense,Cash
0b74d2a9-733a-40a9-9739-c0d7adf8c323,1652196935944,"2022-05-10 21:05:35",1700.0,"",10000000-0000-0000-0000-000000000004,"Eating out",Expense,Cash
62e2479c-e5f1-4c42-af20-d2e182d625f2,1652083573927,"2022-05-09 13:36:13",180.0,"",02380fa8-41a8-43fa-8e7b-2a579cfacfc2,Toxicity,Expense,Cash
b275e51b-5d9d-4cf8-8d90-eedda5cdfb1c,1652083573927,"2022-05-09 13:36:13",180.0,"",02380fa8-41a8-43fa-8e7b-2a579cfacfc2,Toxicity,Expense,Cash
e7186f93-a8eb-4171-930f-1980327afd1d,1652083573927,"2022-05-09 13:36:13",2580.0,"",10000000-0000-0000-0000-000000000004,"Eating out",Expense,Cash
55071ab2-8259-4c5d-b0f4-dd894e4f635a,1652083573927,"2022-05-09 13:36:13",1000.0,"",10000000-0000-0000-0000-000000000004,"Eating out",Expense,Cash
6d33582f-5856-4f64-b833-cbaf28f55ba1,1652083573927,"2022-05-09 13:36:13",200.0,"",10000000-0000-0000-0000-000000000004,"Eating out",Expense,Cash
7dfe4f7d-5412-42aa-a36c-e54db9c10967,1652083573927,"2022-05-09 13:36:13",27000.0,"",10000000-0000-0000-0000-000000000011,Deposits,Income,Cash
e6a0fa61-a4bd-434a-a3f4-ae6416ebbea7,1652083573927,"2022-05-09 13:36:13",200.0,"",6b86fb91-20d2-4296-8fc0-11af8f5db354,Brewery,Expense,Cash
55f44039-15f8-4596-81e1-6c9b21e041a4,1652083573927,"2022-05-09 13:36:13",480.0,"",02380fa8-41a8-43fa-8e7b-2a579cfacfc2,Toxicity,Expense,Cash
080815f5-2687-4375-a795-58eb751c42b1,1652083573927,"2022-05-09 13:36:13",1200.0,"",02380fa8-41a8-43fa-8e7b-2a579cfacfc2,Toxicity,Expense,Cash
2d510b7c-c4ad-43e6-8a6f-0412d53970fc,1652083573927,"2022-05-09 13:36:13",180.0,"",02380fa8-41a8-43fa-8e7b-2a579cfacfc2,Toxicity,Expense,Cash
e8d75a87-b3bf-4f72-baa5-161ca7c2c259,1652068337072,"2022-05-09 09:22:17",180.0,"",02380fa8-41a8-43fa-8e7b-2a579cfacfc2,Toxicity,Expense,Cash
2fe30249-34e3-456f-b5fc-cd597b596c03,1652068337072,"2022-05-09 09:22:17",60.0,"",6b86fb91-20d2-4296-8fc0-11af8f5db354,Brewery,Expense,Cash
aadbab8e-cf10-4f73-976d-6e3e79703b66,1652024049761,"2022-05-08 21:04:09",600.0,"",10000000-0000-0000-0000-000000000004,"Eating out",Expense,Cash
6ada6c8e-c192-4488-b967-f82cc90bd79d,1652024049761,"2022-05-08 21:04:09",300.0,"",02380fa8-41a8-43fa-8e7b-2a579cfacfc2,Toxicity,Expense,Cash
ea8273ae-e1a6-4a4c-b7c5-0798457d84cb,1652024049761,"2022-05-08 21:04:09",1560.0,"",02380fa8-41a8-43fa-8e7b-2a579cfacfc2,Toxicity,Expense,Cash
152514a3-b9c8-4d7f-a306-3b5e50a05785,1651925232595,"2022-05-07 17:37:12",200.0,"",6b86fb91-20d2-4296-8fc0-11af8f5db354,Brewery,Expense,Cash
27b034be-4f3c-4df3-a581-bbbdb6c4527c,1651907665252,"2022-05-07 12:44:25",46080.0,"",10000000-0000-0000-0000-000000000012,Bills,Expense,Cash
912bc686-87e2-4762-87a1-e926bb72a982,1651907665252,"2022-05-07 12:44:25",100000.0,"",10000000-0000-0000-0000-000000000011,Deposits,Income,Cash
dad51905-8625-4100-bd3a-429b64825e81,1651769198581,"2022-05-05 22:16:38",9730.0,"",10000000-0000-0000-0000-000000000007,Entertainment,Expense,Cash
771899ec-bd83-494e-8cf1-f485a1043801,1651769198581,"2022-05-05 22:16:38",900.0,"",10000000-0000-0000-0000-000000000004,"Eating out",Expense,Cash
0ebee055-c69f-4ec8-bd15-24e6d93a15a0,1651769198581,"2022-05-05 22:16:38",1120.0,"",10000000-0000-0000-0000-000000000004,"Eating out",Expense,Cash
0b2e7dca-7a5e-46ed-8ecf-461982e93547,1651763450113,"2022-05-05 20:40:50",6050.0,"",10000000-0000-0000-0000-000000000012,Bills,Expense,Cash
5dee973d-ac6d-4458-ac94-2f0bd674be3e,1651741675164,"2022-05-05 14:37:55",3600.0,"",10000000-0000-0000-0000-000000000012,Bills,Expense,Cash
1edeb9d5-1239-45df-87eb-5be94453e42c,1651654415508,"2022-05-04 14:23:35",5970.0,"",968edc2b-7a45-41ec-8be9-e213be5528f8,Fuel,Expense,Cash
070bcdbd-b794-454d-aa91-e3cfaa794a9e,1651654415508,"2022-05-04 14:23:35",360.0,"",02380fa8-41a8-43fa-8e7b-2a579cfacfc2,Toxicity,Expense,Cash
64419fcf-6725-4db4-9784-967c7f12ef25,1651654415508,"2022-05-04 14:23:35",180.0,"",02380fa8-41a8-43fa-8e7b-2a579cfacfc2,Toxicity,Expense,Cash
89d4f4d9-e712-4a24-935b-d4f12b303d77,1651654415508,"2022-05-04 14:23:35",120.0,"",6b86fb91-20d2-4296-8fc0-11af8f5db354,Brewery,Expense,Cash
5feddf38-947b-431f-8511-85e4eb04c451,1651654415508,"2022-05-04 14:23:35",1200.0,"",02380fa8-41a8-43fa-8e7b-2a579cfacfc2,Toxicity,Expense,Cash
2735bff3-556a-4040-9576-b80c9e25df70,1651633570612,"2022-05-04 08:36:10",200.0,"",6b86fb91-20d2-4296-8fc0-11af8f5db354,Brewery,Expense,Cash
9cf0d83b-4a88-4221-ac70-244bd13b04b2,1651633570612,"2022-05-04 08:36:10",400.0,"",10000000-0000-0000-0000-000000000004,"Eating out",Expense,Cash
2fd8f1c1-f727-4b59-9557-ff1b1a3ea7ca,1651633570612,"2022-05-04 08:36:10",600.0,"",10000000-0000-0000-0000-000000000004,"Eating out",Expense,Cash
cbcfd8b3-ba0a-40d8-8c74-c904f24de81f,1651633570612,"2022-05-04 08:36:10",600.0,"",10000000-0000-0000-0000-000000000004,"Eating out",Expense,Cash
31c6ceaf-c137-458c-8aa9-c2fc65d1167d,1651633570612,"2022-05-04 08:36:10",1490.0,"",10000000-0000-0000-0000-000000000012,Bills,Expense,Cash
022ad780-0dd4-4e2b-a735-8bbec150ec23,1651594736583,"2022-05-03 21:48:56",480.0,"",02380fa8-41a8-43fa-8e7b-2a579cfacfc2,Toxicity,Expense,Cash
f4aa197b-444d-4750-86f8-585ef624f828,1651594736583,"2022-05-03 21:48:56",600.0,"",6b86fb91-20d2-4296-8fc0-11af8f5db354,Brewery,Expense,Cash
c1f38193-a093-4ee0-a3c4-aab914d62aa4,1651594736583,"2022-05-03 21:48:56",5970.0,"",968edc2b-7a45-41ec-8be9-e213be5528f8,Fuel,Expense,Cash
c984d48a-5d3c-43fe-9992-f872bd4196d6,1651594736583,"2022-05-03 21:48:56",540.0,"",02380fa8-41a8-43fa-8e7b-2a579cfacfc2,Toxicity,Expense,Cash
84df09eb-7f7b-489b-bde0-c0d96e5b6dc9,1651514442839,"2022-05-02 23:30:42",14620.0,"",10000000-0000-0000-0000-000000000004,"Eating out",Expense,Cash
03c2f3c5-f9e2-4973-b7b2-0e1a6ec7f98f,1651508336583,"2022-05-02 21:48:56",540.0,"",02380fa8-41a8-43fa-8e7b-2a579cfacfc2,Toxicity,Expense,Cash
d3de54f9-be15-4758-a6d1-567eedc235ea,1651508336583,"2022-05-02 21:48:56",1500.0,"",10000000-0000-0000-0000-000000000004,"Eating out",Expense,Cash
67b90a58-bbfa-4812-befb-6261fab77e8b,1651508336583,"2022-05-02 21:48:56",1200.0,"",02380fa8-41a8-43fa-8e7b-2a579cfacfc2,Toxicity,Expense,Cash
8959398a-da4a-442e-afac-44976d1b23a8,1651498212546,"2022-05-02 19:00:12",200.0,"",6b86fb91-20d2-4296-8fc0-11af8f5db354,Brewery,Expense,Cash
e99b46e5-aaba-4860-9634-3b262c94769b,1651498212546,"2022-05-02 19:00:12",180.0,"",02380fa8-41a8-43fa-8e7b-2a579cfacfc2,Toxicity,Expense,Cash
635de68e-6002-4c0a-88b2-01dd6d5d1f82,1651481936567,"2022-05-02 14:28:56",850.0,"",10000000-0000-0000-0000-000000000001,Food,Expense,Cash
d2f27b3e-d7cf-47ad-bc9e-1bb2fb263ea3,1651464373122,"2022-05-02 09:36:13",60.0,"",6b86fb91-20d2-4296-8fc0-11af8f5db354,Brewery,Expense,Cash
d43c8456-0e60-472e-af9f-0cdf8aadc17b,1651464373122,"2022-05-02 09:36:13",180.0,"",02380fa8-41a8-43fa-8e7b-2a579cfacfc2,Toxicity,Expense,Cash
e0cf47d0-6d1b-4df3-9322-01d4e7632d1d,1651464373122,"2022-05-02 09:36:13",300.0,"",10000000-0000-0000-0000-000000000004,"Eating out",Expense,Cash
ee85f1a9-cee6-43bf-b8f3-a5a86476877e,1651412589245,"2022-05-01 19:13:09",1100.0,"",10000000-0000-0000-0000-000000000004,"Eating out",Expense,Cash
16859387-499c-4200-a3d4-6a9d23953812,1651412589245,"2022-05-01 19:13:09",180.0,"",02380fa8-41a8-43fa-8e7b-2a579cfacfc2,Toxicity,Expense,Cash
721b2ae0-7c23-417f-a39a-2b97e45e6210,1651343909463,"2022-05-01 00:08:29",180.0,"",02380fa8-41a8-43fa-8e7b-2a579cfacfc2,Toxicity,Expense,Cash
3aad2993-21eb-4546-afac-221435b1ab0d,1651343909463,"2022-05-01 00:08:29",100.0,"",6b86fb91-20d2-4296-8fc0-11af8f5db354,Brewery,Expense,Cash
f96ca540-87bd-4b0d-8475-8f63f4a2fe83,1651332804007,"2022-04-30 21:03:24",10730.0,"",10000000-0000-0000-0000-000000000002,House,Expense,Cash
bc745268-83a6-4839-976c-63e5a258e585,1651332804007,"2022-04-30 21:03:24",120.0,"",02380fa8-41a8-43fa-8e7b-2a579cfacfc2,Toxicity,Expense,Cash
67f4e5d0-2185-41b5-a05a-238240f0e345,1651332804007,"2022-04-30 21:03:24",21100.0,"",02380fa8-41a8-43fa-8e7b-2a579cfacfc2,Toxicity,Expense,Cash
748b482e-3858-4231-b423-d025f1b11207,1651332804007,"2022-04-30 21:03:24",1200.0,"",02380fa8-41a8-43fa-8e7b-2a579cfacfc2,Toxicity,Expense,Cash
6c2fc3c1-7ca4-4140-a80e-114929749c4a,1651332804007,"2022-04-30 21:03:24",120.0,"",02380fa8-41a8-43fa-8e7b-2a579cfacfc2,Toxicity,Expense,Cash
65be34c7-fb44-4249-bc81-b2f18e42f641,1651308559244,"2022-04-30 14:19:19",3930.0,"",10000000-0000-0000-0000-000000000004,"Eating out",Expense,Cash
035784ee-16e4-4307-a1ae-a83dbcbe878d,1651240740214,"2022-04-29 19:29:00",180.0,"",02380fa8-41a8-43fa-8e7b-2a579cfacfc2,Toxicity,Expense,Cash
8b213091-45f6-4334-ba42-5571f399f1df,1651240740214,"2022-04-29 19:29:00",1000.0,"",10000000-0000-0000-0000-000000000004,"Eating out",Expense,Cash
abd6fa5b-70b0-438c-a559-00aa71b8077d,1651240740214,"2022-04-29 19:29:00",150.0,"",6b86fb91-20d2-4296-8fc0-11af8f5db354,Brewery,Expense,Cash
5b9bbd54-65c2-4e69-89bf-be0100722415,1651240740214,"2022-04-29 19:29:00",1000.0,"",10000000-0000-0000-0000-000000000004,"Eating out",Expense,Cash
3df0383e-c513-40a6-9c39-d206a24105b8,1651240740214,"2022-04-29 19:29:00",100.0,"",6b86fb91-20d2-4296-8fc0-11af8f5db354,Brewery,Expense,Cash
a309512c-c242-44a7-ae24-30eaf55c4d28,1651240740214,"2022-04-29 19:29:00",5500.0,"",10000000-0000-0000-0000-000000000004,"Eating out",Expense,Cash
5b12b2d9-8c74-4230-b525-115161d70921,1651240740214,"2022-04-29 19:29:00",180.0,"",02380fa8-41a8-43fa-8e7b-2a579cfacfc2,Toxicity,Expense,Cash
f7399df2-c896-4853-bc37-dc598d9f98fc,1651240740214,"2022-04-29 19:29:00",300.0,"",10000000-0000-0000-0000-000000000001,Food,Expense,Cash
ac97c88e-11cd-4bb6-ad14-d33bc844dd29,1651240740214,"2022-04-29 19:29:00",180.0,"",02380fa8-41a8-43fa-8e7b-2a579cfacfc2,Toxicity,Expense,Cash
8a723e6b-6cde-421f-812c-b9109df83b77,1651240740214,"2022-04-29 19:29:00",180.0,"",02380fa8-41a8-43fa-8e7b-2a579cfacfc2,Toxicity,Expense,Cash
e147592d-ce83-4a0f-a90b-fcfe4d0f7846,1651240740214,"2022-04-29 19:29:00",60.0,"",6b86fb91-20d2-4296-8fc0-11af8f5db354,Brewery,Expense,Cash
dd0746c6-5d56-4180-8100-876943302039,1651154340214,"2022-04-28 19:29:00",5000.0,"",968edc2b-7a45-41ec-8be9-e213be5528f8,Fuel,Expense,Cash
63e06d15-e547-420f-b0ca-83a91515ef9a,1651154340214,"2022-04-28 19:29:00",180.0,"",02380fa8-41a8-43fa-8e7b-2a579cfacfc2,Toxicity,Expense,Cash
5d6b0b07-329a-4e9c-bee7-790ca388bf06,1651154340214,"2022-04-28 19:29:00",5250.0,"",10000000-0000-0000-0000-000000000004,"Eating out",Expense,Cash
477a3899-d1e4-4c42-8a8b-3134490d888f,1651067940214,"2022-04-27 19:29:00",5990.0,"",968edc2b-7a45-41ec-8be9-e213be5528f8,Fuel,Expense,Cash
fae8bf5f-750c-4719-a9c0-13fae631c484,1651067940214,"2022-04-27 19:29:00",7590.0,"",10000000-0000-0000-0000-000000000002,House,Expense,Cash
5e7faf32-6828-4867-aee6-9471beb59f6f,1651067940214,"2022-04-27 19:29:00",600.0,"",6b86fb91-20d2-4296-8fc0-11af8f5db354,Brewery,Expense,Cash
3bf5167b-8482-40ab-b2b8-5e3f323b7ed6,1651067940214,"2022-04-27 19:29:00",480.0,"",02380fa8-41a8-43fa-8e7b-2a579cfacfc2,Toxicity,Expense,Cash
5ba77863-ad01-4f43-8547-732bd873a879,1651067940214,"2022-04-27 19:29:00",7590.0,"",10000000-0000-0000-0000-000000000002,House,Expense,Cash
0f4f6120-74eb-45d7-b530-109f6b5da36c,1650895140214,"2022-04-25 19:29:00",360.0,"",02380fa8-41a8-43fa-8e7b-2a579cfacfc2,Toxicity,Expense,Cash
c7983d9c-261e-4509-afb5-898d1573c9e9,1650895140214,"2022-04-25 19:29:00",57600.0,"",10000000-0000-0000-0000-000000000003,Car,Expense,Cash
d52ad80e-b979-48a7-8ddb-c1dbde0cbbe6,1650808740214,"2022-04-24 19:29:00",360.0,"",02380fa8-41a8-43fa-8e7b-2a579cfacfc2,Toxicity,Expense,Cash
172f19a8-468b-416f-98e7-958fc3b4bd83,1650722340214,"2022-04-23 19:29:00",200.0,"",10000000-0000-0000-0000-000000000004,"Eating out",Expense,Cash
5cc83c20-623d-4fd7-80b6-0f69f53135ee,1650722340214,"2022-04-23 19:29:00",480.0,"",02380fa8-41a8-43fa-8e7b-2a579cfacfc2,Toxicity,Expense,Cash
368ec1dd-9233-4355-b949-8dbfa8476918,1650635940214,"2022-04-22 19:29:00",2600.0,"",10000000-0000-0000-0000-000000000004,"Eating out",Expense,Cash
9f37606e-7f6e-421c-b97a-3866edcb2902,1650635940214,"2022-04-22 19:29:00",200.0,"",10000000-0000-0000-0000-000000000001,Food,Expense,Cash
4b835ed6-8afb-4afc-b4d5-8115f1c3a142,1650635940214,"2022-04-22 19:29:00",1000.0,"",10000000-0000-0000-0000-000000000002,House,Expense,Cash
8bf415ca-1c3d-49dd-8d67-b07f76cc733e,1650635940214,"2022-04-22 19:29:00",350.0,"",6b86fb91-20d2-4296-8fc0-11af8f5db354,Brewery,Expense,Cash
238baa09-5efc-4e32-9ab0-a35e928274e2,1650635940214,"2022-04-22 19:29:00",1000.0,"",10000000-0000-0000-0000-000000000001,Food,Expense,Cash
b5173702-b5f5-459e-9cc4-0c9bf42dc37d,1650635940214,"2022-04-22 19:29:00",1020.0,"",02380fa8-41a8-43fa-8e7b-2a579cfacfc2,Toxicity,Expense,Cash
21021c02-b302-47ae-b202-c6293446f862,1650558798443,"2022-04-21 22:03:18",300.0,"",02380fa8-41a8-43fa-8e7b-2a579cfacfc2,Toxicity,Expense,Cash
a4e363ff-5560-4710-9461-fb82393d4050,1650546569501,"2022-04-21 18:39:29",540.0,"",02380fa8-41a8-43fa-8e7b-2a579cfacfc2,Toxicity,Expense,Cash
bd784b17-42bd-46b1-8285-7dfbf4b430ac,1650517849904,"2022-04-21 10:40:49",300.0,"",10000000-0000-0000-0000-000000000004,"Eating out",Expense,Cash
1a2831c4-f0b8-4b03-891f-77ca110dc118,1650517849904,"2022-04-21 10:40:49",180.0,"",02380fa8-41a8-43fa-8e7b-2a579cfacfc2,Toxicity,Expense,Cash
e8f3f538-6a72-4744-ba40-188e2f318f5e,1650479026295,"2022-04-20 23:53:46",2930.0,"",10000000-0000-0000-0000-000000000004,"Eating out",Expense,Cash
b59bc6c5-2800-42c8-8841-f925a7bd89b9,1650479026295,"2022-04-20 23:53:46",5990.0,"",968edc2b-7a45-41ec-8be9-e213be5528f8,Fuel,Expense,Cash
4b9d022a-69a9-46d8-ae1c-3b1bcdc2ea14,1650479026295,"2022-04-20 23:53:46",300.0,"",02380fa8-41a8-43fa-8e7b-2a579cfacfc2,Toxicity,Expense,Cash
3e75d7bc-d5f9-4d05-8b5f-7b1b65d401ee,1650479026295,"2022-04-20 23:53:46",300.0,"",6b86fb91-20d2-4296-8fc0-11af8f5db354,Brewery,Expense,Cash
340d2ed5-6eea-4c11-938d-295eb53c7356,1650468672902,"2022-04-20 21:01:12",150.0,"",6b86fb91-20d2-4296-8fc0-11af8f5db354,Brewery,Expense,Cash
d80b6cd2-4757-414f-a672-1c604368575b,1650468672902,"2022-04-20 21:01:12",180.0,"",02380fa8-41a8-43fa-8e7b-2a579cfacfc2,Toxicity,Expense,Cash
10329ba1-9733-49d8-a0d4-7257eeed5f71,1650443138488,"2022-04-20 13:55:38",180.0,"",02380fa8-41a8-43fa-8e7b-2a579cfacfc2,Toxicity,Expense,Cash
45534135-d177-42af-8eb7-64f67688fc5e,1650443138488,"2022-04-20 13:55:38",60.0,"",6b86fb91-20d2-4296-8fc0-11af8f5db354,Brewery,Expense,Cash
1184d347-1665-4a4d-abe5-f6ad74f33624,1650443138488,"2022-04-20 13:55:38",1100.0,"",10000000-0000-0000-0000-000000000001,Food,Expense,Cash
2540a5f1-0d81-469d-9764-a50ed329af6d,1650443138488,"2022-04-20 13:55:38",180.0,"",02380fa8-41a8-43fa-8e7b-2a579cfacfc2,Toxicity,Expense,Cash
6d5cca96-4cf7-421e-934a-33006612520d,1650431203800,"2022-04-20 10:36:43",60.0,"",6b86fb91-20d2-4296-8fc0-11af8f5db354,Brewery,Expense,Cash
31e4706d-589c-4c66-b120-d13d0f93f69d,1650431203800,"2022-04-20 10:36:43",2240.0,"",6b86fb91-20d2-4296-8fc0-11af8f5db354,Brewery,Expense,Cash
159a0a89-3ccd-4277-bb8c-f652c4cfd749,1650431203800,"2022-04-20 10:36:43",50.0,"",6b86fb91-20d2-4296-8fc0-11af8f5db354,Brewery,Expense,Cash
7ae8e056-8551-45ba-a58a-81d707a72ad5,1650431203800,"2022-04-20 10:36:43",300.0,"",10000000-0000-0000-0000-000000000004,"Eating out",Expense,Cash
f1670406-c6d2-4563-94ba-deb6648ad790,1650431203800,"2022-04-20 10:36:43",180.0,"",02380fa8-41a8-43fa-8e7b-2a579cfacfc2,Toxicity,Expense,Cash
9068f422-3b40-4a7a-a3d8-92963276cac7,1650373901639,"2022-04-19 18:41:41",250.0,"",6b86fb91-20d2-4296-8fc0-11af8f5db354,Brewery,Expense,Cash
03e92b28-e4d5-46d2-8cac-c06bb9fa8fc7,1650373901639,"2022-04-19 18:41:41",5970.0,"",968edc2b-7a45-41ec-8be9-e213be5528f8,Fuel,Expense,Cash
2979ed19-87ec-44d6-9204-04bf2cd386df,1650373901639,"2022-04-19 18:41:41",360.0,"",02380fa8-41a8-43fa-8e7b-2a579cfacfc2,Toxicity,Expense,Cash
0d89177f-8bf5-4ef5-8d5a-886dea7f9ce8,1650373901639,"2022-04-19 18:41:41",600.0,"",10000000-0000-0000-0000-000000000004,"Eating out",Expense,Cash
243b5ffd-e130-4d1e-8fcf-83989a03c693,1650373901639,"2022-04-19 18:41:41",180.0,"",02380fa8-41a8-43fa-8e7b-2a579cfacfc2,Toxicity,Expense,Cash
6291346f-8f6e-4473-84b0-7b9321f1cf40,1650352879353,"2022-04-19 12:51:19",200.0,"",10000000-0000-0000-0000-000000000001,Food,Expense,Cash
97dc4c65-9ad2-48bf-a6fe-fbc908f9b865,1650352879353,"2022-04-19 12:51:19",750.0,"",10000000-0000-0000-0000-000000000001,Food,Expense,Cash
c9eb4589-4ac2-4f04-8171-9734ba66591e,1650346300203,"2022-04-19 11:01:40",360.0,"",02380fa8-41a8-43fa-8e7b-2a579cfacfc2,Toxicity,Expense,Cash
d0be44fc-7f72-4858-8b1c-2b7b00c43fe9,1650342673073,"2022-04-19 10:01:13",50.0,"",6b86fb91-20d2-4296-8fc0-11af8f5db354,Brewery,Expense,Cash
dc23dc67-1661-474b-a5c1-6b5cc2aa5e66,1650285201846,"2022-04-18 18:03:21",1200.0,"",6b86fb91-20d2-4296-8fc0-11af8f5db354,Brewery,Expense,Cash
5079347d-ce79-4c3d-a9cc-eb97b9254c6f,1650285201846,"2022-04-18 18:03:21",37050.0,"",10000000-0000-0000-0000-00000000000b,Clothes,Expense,Cash
9c7492fb-9fa4-4fd2-bf22-402ce034d191,1650285201846,"2022-04-18 18:03:21",120.0,"",02380fa8-41a8-43fa-8e7b-2a579cfacfc2,Toxicity,Expense,Cash
d963fbd6-aaaf-46cf-bc25-d82b6fbaef3d,1650224322252,"2022-04-18 01:08:42",500.0,"",02380fa8-41a8-43fa-8e7b-2a579cfacfc2,Toxicity,Expense,Cash
e8c6683e-5a17-4498-ab57-5220f78dc816,1650224322252,"2022-04-18 01:08:42",250.0,"",6b86fb91-20d2-4296-8fc0-11af8f5db354,Brewery,Expense,Cash
a23bcb3a-ad75-445c-9a34-475e80eb1f55,1650224306610,"2022-04-18 01:08:26",8460.0,"",10000000-0000-0000-0000-000000000004,"Eating out",Expense,Cash
1e991261-3204-463f-a38f-459e511e3c3f,1650208199488,"2022-04-17 20:39:59",100.0,"",6b86fb91-20d2-4296-8fc0-11af8f5db354,Brewery,Expense,Cash
ffce2b88-8cc0-46c7-8f84-e6dcf0b9a325,1650142245786,"2022-04-17 02:20:45",2500.0,"",10000000-0000-0000-0000-000000000004,"Eating out",Expense,Cash
e67ddf15-8c9a-45fc-b447-772347e60d03,1650115734563,"2022-04-16 18:58:54",9480.0,"",10000000-0000-0000-0000-000000000012,Bills,Expense,Cash
36cf9b0f-4e86-44eb-bd3d-d4af10f12316,1650108288602,"2022-04-16 16:54:48",8090.0,"",10000000-0000-0000-0000-000000000004,"Eating out",Expense,Cash
c6bd2e85-16d3-464e-9a81-08b064316365,1650108288602,"2022-04-16 16:54:48",360.0,"",02380fa8-41a8-43fa-8e7b-2a579cfacfc2,Toxicity,Expense,Cash
5d032f44-eebf-4235-ae4d-4a80e2255a11,1650039926813,"2022-04-15 21:55:26",200.0,"",6b86fb91-20d2-4296-8fc0-11af8f5db354,Brewery,Expense,Cash
29088dc8-c8d9-42ef-85e8-5e8ae991d28d,1650039926813,"2022-04-15 21:55:26",5690.0,"",968edc2b-7a45-41ec-8be9-e213be5528f8,Fuel,Expense,Cash
5ec588ac-075c-4947-b6d2-9f199a4d2cef,1650039926813,"2022-04-15 21:55:26",660.0,"",02380fa8-41a8-43fa-8e7b-2a579cfacfc2,Toxicity,Expense,Cash
dc331f71-9457-4c88-ad5b-e9986ace1173,1650039926813,"2022-04-15 21:55:26",2000.0,"",02380fa8-41a8-43fa-8e7b-2a579cfacfc2,Toxicity,Expense,Cash
73d880ef-50c4-4595-8c95-0402ee596d96,1650039926813,"2022-04-15 21:55:26",400.0,"",10000000-0000-0000-0000-000000000001,Food,Expense,Cash
56d0d7aa-2484-41cf-92b8-7f804cb16bb8,1650023366036,"2022-04-15 17:19:26",50.0,"",6b86fb91-20d2-4296-8fc0-11af8f5db354,Brewery,Expense,Cash
bcc5e2a1-5c18-4da5-8c7c-7dae3d5c5efc,1650023366036,"2022-04-15 17:19:26",180.0,"",02380fa8-41a8-43fa-8e7b-2a579cfacfc2,Toxicity,Expense,Cash
aa3b4cde-4ed3-4ec4-b442-8ff9d031c220,1650023366036,"2022-04-15 17:19:26",5670.0,"",968edc2b-7a45-41ec-8be9-e213be5528f8,Fuel,Expense,Cash
a485ef76-aee1-4aed-95a8-79eb8fa8ec9c,1650008770151,"2022-04-15 13:16:10",11850.0,"",10000000-0000-0000-0000-000000000007,Entertainment,Expense,Cash
fd185fa0-baa2-44a7-8d7b-fdbd43ee956c,1650008770151,"2022-04-15 13:16:10",1300.0,"",10000000-0000-0000-0000-000000000001,Food,Expense,Cash
89128c95-df92-422d-a38c-509854556d95,1650008770151,"2022-04-15 13:16:10",1200.0,"",02380fa8-41a8-43fa-8e7b-2a579cfacfc2,Toxicity,Expense,Cash
c1fd3340-4c37-43a0-a82a-2f81a44bb0ce,1650000871849,"2022-04-15 11:04:31",360.0,"",02380fa8-41a8-43fa-8e7b-2a579cfacfc2,Toxicity,Expense,Cash
bf3728b8-84d3-47ce-8e9d-28ec7a78a3a1,1650000871849,"2022-04-15 11:04:31",50.0,"",6b86fb91-20d2-4296-8fc0-11af8f5db354,Brewery,Expense,Cash
8157a8fc-0721-47c7-a690-859caee05fdc,1649955168687,"2022-04-14 22:22:48",250.0,"",6b86fb91-20d2-4296-8fc0-11af8f5db354,Brewery,Expense,Cash
284148b5-6732-4cb3-b463-6a27eaf2bfbd,1649955168687,"2022-04-14 22:22:48",360.0,"",02380fa8-41a8-43fa-8e7b-2a579cfacfc2,Toxicity,Expense,Cash
d383ed5f-af3b-46f8-ac9f-54c88cd707fd,1649916695189,"2022-04-14 11:41:35",120.0,"",02380fa8-41a8-43fa-8e7b-2a579cfacfc2,Toxicity,Expense,Cash
db8bddbe-379f-4307-ace6-c7f88af5589f,1649916695189,"2022-04-14 11:41:35",50.0,"",6b86fb91-20d2-4296-8fc0-11af8f5db354,Brewery,Expense,Cash
d9aea3fc-2997-4b21-b17c-2666d86de537,1649916695189,"2022-04-14 11:41:35",1490.0,"",10000000-0000-0000-0000-000000000012,Bills,Expense,Cash
84f2c39a-05f1-4706-b1b4-3c74b7bf8485,1649916695189,"2022-04-14 11:41:35",750.0,"",1b9b07df-5019-43f8-8942-e557c9d0f914,Books,Expense,Cash
4bffb949-984d-43af-bc6d-55a0d158a19d,1649886571191,"2022-04-14 03:19:31",2680.0,"",10000000-0000-0000-0000-000000000001,Food,Expense,Cash
73b46ba2-4938-4ca0-bfb0-a05194c4ed57,1649864719158,"2022-04-13 21:15:19",450.0,"",6b86fb91-20d2-4296-8fc0-11af8f5db354,Brewery,Expense,Cash
c1b63be3-22d2-461e-bb29-8c87977132d6,1649860696859,"2022-04-13 20:08:16",9620.0,"",10000000-0000-0000-0000-000000000007,Entertainment,Expense,Cash
89d7628a-e75e-4d51-99ee-bf4297cc502b,1649841023960,"2022-04-13 14:40:23",2570.0,"",10000000-0000-0000-0000-000000000001,Food,Expense,Cash
7ebd3556-822d-4b5e-be60-8365b9af14dd,1649791857288,"2022-04-13 01:00:57",31250.0,"",10000000-0000-0000-0000-000000000011,Deposits,Income,Cash
eda43a14-8462-43f1-9e89-d5ba0ebba94b,1649786929723,"2022-04-12 23:38:49",480.0,"",02380fa8-41a8-43fa-8e7b-2a579cfacfc2,Toxicity,Expense,Cash
180b6e52-fc5b-4b61-9d3c-deee54a2a1bc,1649755892598,"2022-04-12 15:01:32",72000.0,"",10000000-0000-0000-0000-000000000011,Deposits,Income,Cash
98d9fb3d-b0b4-40ce-9bf2-33e9e64682e2,1649730036140,"2022-04-12 07:50:36",750.0,"",10000000-0000-0000-0000-000000000004,"Eating out",Expense,Cash
76931164-16f6-4b9a-8691-ab6042cda8dd,1649730036140,"2022-04-12 07:50:36",6740.0,"",10000000-0000-0000-0000-000000000007,Entertainment,Expense,Cash
bf21ccb1-1360-4189-95ee-12ebe25223e2,1649726560081,"2022-04-12 06:52:40",300.0,"",02380fa8-41a8-43fa-8e7b-2a579cfacfc2,Toxicity,Expense,Cash
0edac4d7-eadb-4d8f-a091-b493b1707d6e,1649726529847,"2022-04-12 06:52:09",550.0,"",6b86fb91-20d2-4296-8fc0-11af8f5db354,Brewery,Expense,Cash
693d35ca-be86-4ce5-bfc5-cafbf53e1430,1649579939454,"2022-04-10 14:08:59",180.0,"",02380fa8-41a8-43fa-8e7b-2a579cfacfc2,Toxicity,Expense,Cash
d3d5ed1d-f89b-4202-88c2-ec65e1702506,1649493539454,"2022-04-09 14:08:59",3500.0,"",10000000-0000-0000-0000-000000000007,Entertainment,Expense,Cash
fdc1bf24-e439-42fc-92dc-7a340576af91,1649493539454,"2022-04-09 14:08:59",280.0,"",6b86fb91-20d2-4296-8fc0-11af8f5db354,Brewery,Expense,Cash
03ab076c-f73a-4243-a3f9-4a214c90975c,1649493539454,"2022-04-09 14:08:59",180.0,"",02380fa8-41a8-43fa-8e7b-2a579cfacfc2,Toxicity,Expense,Cash
f30b6513-7c86-4a6a-a9b8-38aff06957fb,1649493539454,"2022-04-09 14:08:59",250.0,"",6b86fb91-20d2-4296-8fc0-11af8f5db354,Brewery,Expense,Cash
202d60e6-3e3a-4102-98a3-af2564be1475,1649493539454,"2022-04-09 14:08:59",180.0,"",02380fa8-41a8-43fa-8e7b-2a579cfacfc2,Toxicity,Expense,Cash
bdcf1c6b-61f5-4b31-8e85-cc4cce69b8b5,1649493539454,"2022-04-09 14:08:59",600.0,"",6b86fb91-20d2-4296-8fc0-11af8f5db354,Brewery,Expense,Cash
75058b72-594f-4646-8a1c-843b74d255ba,1649493539454,"2022-04-09 14:08:59",1800.0,"",10000000-0000-0000-0000-000000000004,"Eating out",Expense,Cash
319f449f-801c-4054-ad10-dfaed91d0002,1649493539454,"2022-04-09 14:08:59",3800.0,"",10000000-0000-0000-0000-000000000007,Entertainment,Expense,Cash
544be3cd-2600-4255-b52b-02d348a9a242,1649493539454,"2022-04-09 14:08:59",180.0,"",02380fa8-41a8-43fa-8e7b-2a579cfacfc2,Toxicity,Expense,Cash
855cb004-b226-428e-9e39-4bd8dea5514f,1649493539454,"2022-04-09 14:08:59",2680.0,"",10000000-0000-0000-0000-000000000002,House,Expense,Cash
c8b3dc8a-cc87-452a-b584-9fbf85ffae41,1649478518990,"2022-04-09 09:58:38",100.0,"",6b86fb91-20d2-4296-8fc0-11af8f5db354,Brewery,Expense,Cash
6aed9de3-eef4-4f3b-b4ae-8f54eaf90770,1649478456404,"2022-04-09 09:57:36",850.0,"",10000000-0000-0000-0000-000000000004,"Eating out",Expense,Cash
3cccdfc0-b1ca-4d56-a90c-f87aafa1c291,1649478456404,"2022-04-09 09:57:36",180.0,"",02380fa8-41a8-43fa-8e7b-2a579cfacfc2,Toxicity,Expense,Cash
b9d21be8-19f8-463c-9f29-627561a0d108,1649442600000,"2022-04-09 00:00:00",103230.0,"",10000000-0000-0000-0000-00000000000f,Salary,Income,Cash
cdc5ad06-df69-410b-b8d7-3c32c0317990,1649432856727,"2022-04-08 21:17:36",180.0,"",02380fa8-41a8-43fa-8e7b-2a579cfacfc2,Toxicity,Expense,Cash
005d6f9b-08f2-4149-906a-f4fd95468f1c,1649432856727,"2022-04-08 21:17:36",350.0,"",10000000-0000-0000-0000-000000000004,"Eating out",Expense,Cash
a8e7baa5-8d20-459b-8ab6-7f84fb5e45b1,1649432557384,"2022-04-08 21:12:37",180.0,"",02380fa8-41a8-43fa-8e7b-2a579cfacfc2,Toxicity,Expense,Cash
50db816a-88f7-479c-ad87-f577f65e16c6,1649432557384,"2022-04-08 21:12:37",180.0,"",02380fa8-41a8-43fa-8e7b-2a579cfacfc2,Toxicity,Expense,Cash
40794a3f-b347-4fe2-82c4-ca7beb75ddba,1649432557384,"2022-04-08 21:12:37",150.0,"",6b86fb91-20d2-4296-8fc0-11af8f5db354,Brewery,Expense,Cash
41596397-f88e-49c7-aeec-441ce26cd3ef,1649432557384,"2022-04-08 21:12:37",180.0,"",02380fa8-41a8-43fa-8e7b-2a579cfacfc2,Toxicity,Expense,Cash
8f57a51f-4fc2-42b1-bd30-ff8ac5f19d58,1649407139454,"2022-04-08 14:08:59",5670.0,"",968edc2b-7a45-41ec-8be9-e213be5528f8,Fuel,Expense,Cash
01bb46bf-05f4-4a87-b45c-e96ed5dd5215,1649407139454,"2022-04-08 14:08:59",3260.0,"",10000000-0000-0000-0000-000000000004,"Eating out",Expense,Cash
fc66b567-eaea-43f3-8cdf-ca37b2836774,1649403234458,"2022-04-08 13:03:54",180.0,"",02380fa8-41a8-43fa-8e7b-2a579cfacfc2,Toxicity,Expense,Cash
5b323964-ace9-49c1-ac13-365d40407ef0,1649403230543,"2022-04-08 13:03:50",70.0,"",6b86fb91-20d2-4296-8fc0-11af8f5db354,Brewery,Expense,Cash
c03c49e6-7b05-4192-8f68-0bc4deb246c8,1649394375888,"2022-04-08 10:36:15",400.0,"",10000000-0000-0000-0000-000000000004,"Eating out",Expense,Cash
22182659-7a40-4f4c-bee0-8bdc88be72a0,1649346456727,"2022-04-07 21:17:36",180.0,"",02380fa8-41a8-43fa-8e7b-2a579cfacfc2,Toxicity,Expense,Cash
ab1270b2-d54e-459e-a474-524a64562ac2,1649346456727,"2022-04-07 21:17:36",180.0,"",02380fa8-41a8-43fa-8e7b-2a579cfacfc2,Toxicity,Expense,Cash
bf6f0a77-84e0-488c-8cc9-72c24190c346,1649346456727,"2022-04-07 21:17:36",400.0,"",6b86fb91-20d2-4296-8fc0-11af8f5db354,Brewery,Expense,Cash
b73591aa-165d-4be7-873a-7c1d6741d61b,1649346157384,"2022-04-07 21:12:37",180.0,"",02380fa8-41a8-43fa-8e7b-2a579cfacfc2,Toxicity,Expense,Cash
6c9f0b1f-8d45-4462-886f-4d4b33b2a810,1649346157384,"2022-04-07 21:12:37",150.0,"",6b86fb91-20d2-4296-8fc0-11af8f5db354,Brewery,Expense,Cash
8171b5af-96cd-4bd3-904d-f4ac1f7f03be,1649332936013,"2022-04-07 17:32:16",100.0,"",6b86fb91-20d2-4296-8fc0-11af8f5db354,Brewery,Expense,Cash
49f4665c-b0ed-41b1-af2b-0433aff719c2,1649332936013,"2022-04-07 17:32:16",300.0,"",10000000-0000-0000-0000-000000000001,Food,Expense,Cash
f99bc105-94b2-46ed-81ba-f53917639179,1649332936013,"2022-04-07 17:32:16",180.0,"",02380fa8-41a8-43fa-8e7b-2a579cfacfc2,Toxicity,Expense,Cash
2ab2d936-3820-415b-8692-58e48258d0b6,1649332936013,"2022-04-07 17:32:16",1000.0,"",d71face0-704a-49ff-8c96-9778abb5d2e3,Bike,Expense,Cash
0645db39-8123-4e29-a32e-16a532ab641c,1649332936013,"2022-04-07 17:32:16",250.0,"",6b86fb91-20d2-4296-8fc0-11af8f5db354,Brewery,Expense,Cash
b4133ff3-935c-4726-92cb-5894026315cf,1649332936013,"2022-04-07 17:32:16",180.0,"",02380fa8-41a8-43fa-8e7b-2a579cfacfc2,Toxicity,Expense,Cash
05a47d60-bfa4-4858-a959-fdefd2876c40,1649220887485,"2022-04-06 10:24:47",600.0,"",10000000-0000-0000-0000-000000000004,"Eating out",Expense,Cash
1631f3a6-7960-4d84-99f2-788b866aa4f0,1649220887485,"2022-04-06 10:24:47",720.0,"",02380fa8-41a8-43fa-8e7b-2a579cfacfc2,Toxicity,Expense,Cash
fd6f292f-7b8f-4db5-ad71-444f574f67da,1649220887485,"2022-04-06 10:24:47",500.0,"",6b86fb91-20d2-4296-8fc0-11af8f5db354,Brewery,Expense,Cash
fb4479e7-0f2f-450b-84e4-3d629b17cc23,1649220887485,"2022-04-06 10:24:47",48400.0,Rent,10000000-0000-0000-0000-000000000002,House,Expense,Cash
e5ef5959-40f0-4323-a061-b4a4061bfc4d,1649220887485,"2022-04-06 10:24:47",60.0,"",6b86fb91-20d2-4296-8fc0-11af8f5db354,Brewery,Expense,Cash
5ea086f3-01c7-49e8-9dd6-9284f62219d7,1649220887485,"2022-04-06 10:24:47",1600.0,"",10000000-0000-0000-0000-000000000001,Food,Expense,Cash
efb11403-2f94-4e30-b9e0-112cd8d73453,1649220887485,"2022-04-06 10:24:47",280.0,"",02380fa8-41a8-43fa-8e7b-2a579cfacfc2,Toxicity,Expense,Cash
d4b169e6-009c-4e2f-861c-f1264526656f,1649220887485,"2022-04-06 10:24:47",1300.0,"",10000000-0000-0000-0000-000000000004,"Eating out",Expense,Cash
8b738475-f38c-4555-831d-8229b4ab9798,1649220887485,"2022-04-06 10:24:47",100.0,"",6b86fb91-20d2-4296-8fc0-11af8f5db354,Brewery,Expense,Cash
40612ad4-278f-4a9d-94a3-857d036049a2,1649220887485,"2022-04-06 10:24:47",360.0,"",02380fa8-41a8-43fa-8e7b-2a579cfacfc2,Toxicity,Expense,Cash
4cedf831-f5a2-4a7d-a0f7-90a3c6591652,1649173155860,"2022-04-05 21:09:15",1100.0,"",10000000-0000-0000-0000-000000000004,"Eating out",Expense,Cash
88181b5b-7697-4bba-a092-b0f7703238ba,1649173155860,"2022-04-05 21:09:15",3020.0,"",10000000-0000-0000-0000-000000000001,Food,Expense,Cash
9b19f3a9-053c-4759-a092-ca255b0607d0,1649173155860,"2022-04-05 21:09:15",150.0,"",6b86fb91-20d2-4296-8fc0-11af8f5db354,Brewery,Expense,Cash
0a63d965-8f89-4dca-a808-97f595c4d3dd,1649173155860,"2022-04-05 21:09:15",540.0,"",02380fa8-41a8-43fa-8e7b-2a579cfacfc2,Toxicity,Expense,Cash
aeb4b9bc-054d-4531-969f-7dc8ca7f271f,1649173155860,"2022-04-05 21:09:15",180.0,"",02380fa8-41a8-43fa-8e7b-2a579cfacfc2,Toxicity,Expense,Cash
c470b9b0-96a0-41e1-be68-05f8b9b7c32a,1649141259692,"2022-04-05 12:17:39",360.0,"",02380fa8-41a8-43fa-8e7b-2a579cfacfc2,Toxicity,Expense,Cash
59f41781-2c8c-4f50-8648-92678b4ef1d3,1649141259692,"2022-04-05 12:17:39",720.0,"",02380fa8-41a8-43fa-8e7b-2a579cfacfc2,Toxicity,Expense,Cash
6c8c2852-725a-4a28-9b41-c4da8f6f1ac7,1649097422946,"2022-04-05 00:07:02",390.0,"",10000000-0000-0000-0000-000000000005,Transport,Expense,Cash
f1dd8edc-f62a-43e3-b290-fca02235adb3,1649096172506,"2022-04-04 23:46:12",300.0,"",10000000-0000-0000-0000-000000000005,Transport,Expense,Cash
1bec9455-f452-4d1f-bccd-61c7a13eab53,1649093657967,"2022-04-04 23:04:17",180.0,"",02380fa8-41a8-43fa-8e7b-2a579cfacfc2,Toxicity,Expense,Cash
7e2fb2b1-0d4c-47a2-9936-65e911be6a54,1649093654192,"2022-04-04 23:04:14",100.0,"",10000000-0000-0000-0000-000000000004,"Eating out",Expense,Cash
e4aa7338-3a6f-4ea9-ab66-36dff3c69158,1649093651485,"2022-04-04 23:04:11",100.0,"",6b86fb91-20d2-4296-8fc0-11af8f5db354,Brewery,Expense,Cash
af076dbe-a529-4dc1-9b33-53befd173894,1649069877406,"2022-04-04 16:27:57",200.0,"",6b86fb91-20d2-4296-8fc0-11af8f5db354,Brewery,Expense,Cash
5d14438f-7eab-47f7-bf37-e13bc89cd795,1649069871337,"2022-04-04 16:27:51",900.0,"",02380fa8-41a8-43fa-8e7b-2a579cfacfc2,Toxicity,Expense,Cash
84244818-839b-4237-a202-22c52678de86,1649005025790,"2022-04-03 22:27:05",380.0,"",02380fa8-41a8-43fa-8e7b-2a579cfacfc2,Toxicity,Expense,Cash
56250a7b-58d2-4e48-bd40-4402da7509b6,1649004354496,"2022-04-03 22:15:54",9500.0,"",10000000-0000-0000-0000-000000000011,Deposits,Income,Cash
80abc364-c55a-44a8-b53f-ffa64975d26b,1648994625103,"2022-04-03 19:33:45",9500.0,"",10000000-0000-0000-0000-00000000000b,Clothes,Expense,Cash
2045841f-39bc-47e0-8f22-035d0ad217b3,1648994625103,"2022-04-03 19:33:45",200.0,"",02380fa8-41a8-43fa-8e7b-2a579cfacfc2,Toxicity,Expense,Cash
21b59ff4-60ff-44f9-b581-0c4ab4d840d6,1648989981742,"2022-04-03 18:16:21",350.0,"",6b86fb91-20d2-4296-8fc0-11af8f5db354,Brewery,Expense,Cash
7519de14-9e53-47db-8561-c24ed7359502,1648989981742,"2022-04-03 18:16:21",500.0,"",10000000-0000-0000-0000-000000000004,"Eating out",Expense,Cash
4b741455-0b86-45c7-8cb9-12bcfca5b6c1,1648906328135,"2022-04-02 19:02:08",1400.0,"",10000000-0000-0000-0000-000000000004,"Eating out",Expense,Cash
f5de89a2-bcc5-4cf2-a2ab-467e2c53e95c,1648906328135,"2022-04-02 19:02:08",400.0,"",02380fa8-41a8-43fa-8e7b-2a579cfacfc2,Toxicity,Expense,Cash
e4fc6984-78da-4088-a34a-7d0d31c3732c,1648906328135,"2022-04-02 19:02:08",350.0,"",6b86fb91-20d2-4296-8fc0-11af8f5db354,Brewery,Expense,Cash
f112d85c-adeb-4b9c-a569-524ff6f225bc,1648808768848,"2022-04-01 15:56:08",200.0,"",10000000-0000-0000-0000-000000000001,Food,Expense,Cash
cdef16f8-962b-49a5-836b-4841063dd79f,1648808768848,"2022-04-01 15:56:08",180.0,"",02380fa8-41a8-43fa-8e7b-2a579cfacfc2,Toxicity,Expense,Cash
28de1ebb-32a7-4ecb-bc79-d675095c3738,1648808768848,"2022-04-01 15:56:08",400.0,"",10000000-0000-0000-0000-000000000005,Transport,Expense,Cash
4d9bee8a-ad1b-4033-a201-0188ef93d64c,1648797945600,"2022-04-01 12:55:45",180.0,"",02380fa8-41a8-43fa-8e7b-2a579cfacfc2,Toxicity,Expense,Cash
84352154-c570-405e-9afd-58e953a9c6a8,1648797945600,"2022-04-01 12:55:45",1000.0,"",10000000-0000-0000-0000-000000000001,Food,Expense,Cash
39081186-f2cb-43d5-8d63-7697be0a6fcf,1648786013135,"2022-04-01 09:36:53",1500.0,"",10000000-0000-0000-0000-000000000005,Transport,Expense,Cash
b05fdd17-b377-47b2-a1fc-75543c6de2bf,1648786013135,"2022-04-01 09:36:53",50.0,"",6b86fb91-20d2-4296-8fc0-11af8f5db354,Brewery,Expense,Cash
c776a569-e09f-4f7a-85c7-716ea3dd5fa0,1648744372197,"2022-03-31 22:02:52",300.0,"",6b86fb91-20d2-4296-8fc0-11af8f5db354,Brewery,Expense,Cash
d3040ee1-804d-4f53-8881-2c04077afee1,1648744372197,"2022-03-31 22:02:52",4690.0,"",10000000-0000-0000-0000-000000000002,House,Expense,Cash
0829fccf-cdd3-4fc9-84ea-4c99d4508c26,1648744372197,"2022-03-31 22:02:52",5670.0,"",968edc2b-7a45-41ec-8be9-e213be5528f8,Fuel,Expense,Cash
6d59002e-b4dc-4599-8cc1-348a6472d414,1648744372197,"2022-03-31 22:02:52",100.0,"",6b86fb91-20d2-4296-8fc0-11af8f5db354,Brewery,Expense,Cash
0a60756e-f4c7-4f85-94e4-59d4efbd3c41,1648744372197,"2022-03-31 22:02:52",2160.0,"",968edc2b-7a45-41ec-8be9-e213be5528f8,Fuel,Expense,Cash
b224c29b-b3cb-4528-9015-1b9a7956777c,1648744372197,"2022-03-31 22:02:52",480.0,"",02380fa8-41a8-43fa-8e7b-2a579cfacfc2,Toxicity,Expense,Cash
4c90c333-ddd8-4128-b019-5161be629d86,1648744372197,"2022-03-31 22:02:52",3060.0,"",02380fa8-41a8-43fa-8e7b-2a579cfacfc2,Toxicity,Expense,Cash
8d0cc2d3-05e9-47da-a958-0f26e1c9f74a,1648744372197,"2022-03-31 22:02:52",450.0,"",6b86fb91-20d2-4296-8fc0-11af8f5db354,Brewery,Expense,Cash
85a8b387-a26e-43a1-9d80-e70281288883,1648736313167,"2022-03-31 19:48:33",200.0,"",02380fa8-41a8-43fa-8e7b-2a579cfacfc2,Toxicity,Expense,Cash
22da0175-1c4b-4670-9cfd-f67d96a8cf57,1648724416283,"2022-03-31 16:30:16",2450.0,"",10000000-0000-0000-0000-000000000004,"Eating out",Expense,Cash
b757769e-ec00-4670-93c6-99b20cd36553,1648704759156,"2022-03-31 11:02:39",360.0,"",02380fa8-41a8-43fa-8e7b-2a579cfacfc2,Toxicity,Expense,Cash
6f108c73-c609-492f-94d1-f88ae8d76df5,1648670858288,"2022-03-31 01:37:38",1680.0,"",02380fa8-41a8-43fa-8e7b-2a579cfacfc2,Toxicity,Expense,Cash
bee66a60-794f-4b69-b222-9c1e4cf0aef9,1648659867907,"2022-03-30 22:34:27",1390.0,"",10000000-0000-0000-0000-000000000004,"Eating out",Expense,Cash
13802faf-6000-4268-a184-9d6238413b88,1648629034142,"2022-03-30 14:00:34",19500.0,"",10000000-0000-0000-0000-000000000011,Deposits,Income,Cash
3a9070aa-5d76-4db9-a5c1-92a4b3c9fe9a,1648629034142,"2022-03-30 14:00:34",180.0,"",02380fa8-41a8-43fa-8e7b-2a579cfacfc2,Toxicity,Expense,Cash
f529d89f-badd-48ae-ae65-3b8dee288413,1648629034142,"2022-03-30 14:00:34",180.0,"",02380fa8-41a8-43fa-8e7b-2a579cfacfc2,Toxicity,Expense,Cash
8c0a2597-e4e6-463d-aed9-0d89a8c4bbc7,1648629034142,"2022-03-30 14:00:34",360.0,"",02380fa8-41a8-43fa-8e7b-2a579cfacfc2,Toxicity,Expense,Cash
0bd02241-7e89-41b4-945a-7643cf74131d,1648629034142,"2022-03-30 14:00:34",200.0,"",6b86fb91-20d2-4296-8fc0-11af8f5db354,Brewery,Expense,Cash
d5c81e08-928d-4c75-b2c8-c99044361fbd,1648584458288,"2022-03-30 01:37:38",15980.0,"",10000000-0000-0000-0000-00000000000b,Clothes,Expense,Cash
4a5f9267-c7b9-4a42-abe0-d1e2054a78a5,1648575700699,"2022-03-29 23:11:40",200.0,"",6b86fb91-20d2-4296-8fc0-11af8f5db354,Brewery,Expense,Cash
b858584d-0923-40c9-9b83-d15e668bcec1,1648571649027,"2022-03-29 22:04:09",360.0,"",02380fa8-41a8-43fa-8e7b-2a579cfacfc2,Toxicity,Expense,Cash
68a7c2d3-1947-422c-99c2-bd89bf21d61b,1648542427535,"2022-03-29 13:57:07",1300.0,"",10000000-0000-0000-0000-000000000001,Food,Expense,Cash
d9355789-34a3-4213-a859-9c5554215394,1648535320032,"2022-03-29 11:58:40",400.0,"",02380fa8-41a8-43fa-8e7b-2a579cfacfc2,Toxicity,Expense,Cash
f05493bb-789c-496f-a472-592f4b0038e5,1648530785676,"2022-03-29 10:43:05",300.0,"",10000000-0000-0000-0000-000000000004,"Eating out",Expense,Cash
21e64a74-e62d-4748-bdab-05802311d533,1648530779684,"2022-03-29 10:42:59",60.0,"",6b86fb91-20d2-4296-8fc0-11af8f5db354,Brewery,Expense,Cash
01d97c1f-cde6-49b5-afec-fb04e07814bb,1648530776943,"2022-03-29 10:42:56",180.0,"",02380fa8-41a8-43fa-8e7b-2a579cfacfc2,Toxicity,Expense,Cash
66d3b12b-cecb-4fb7-b661-804b350febb4,1648407762952,"2022-03-28 00:32:42",3000.0,"",02380fa8-41a8-43fa-8e7b-2a579cfacfc2,Toxicity,Expense,Cash
1dbcf332-0adb-4cb4-851c-fa12dd75e146,1648407762952,"2022-03-28 00:32:42",5640.0,"",10000000-0000-0000-0000-000000000002,House,Expense,Cash
29900ba4-8218-4548-b083-fbce91d499d1,1648298692947,"2022-03-26 18:14:52",13000.0,"",02380fa8-41a8-43fa-8e7b-2a579cfacfc2,Toxicity,Expense,Cash
f317c100-aa1d-4454-8ff2-0ad10dcec8f2,1648298692947,"2022-03-26 18:14:52",3480.0,"",02380fa8-41a8-43fa-8e7b-2a579cfacfc2,Toxicity,Expense,Cash
4d91ff9f-03e2-47c3-a6c0-4182fa43ec10,1648298692947,"2022-03-26 18:14:52",16970.0,"",10000000-0000-0000-0000-000000000002,House,Expense,Cash
f2403508-cf41-4fe4-aff9-2d4a2ea8b155,1648298692947,"2022-03-26 18:14:52",150.0,"",6b86fb91-20d2-4296-8fc0-11af8f5db354,Brewery,Expense,Cash
2074a90e-4b6f-4b52-8766-6c9d0a8bc14e,1648298692947,"2022-03-26 18:14:52",180.0,"",02380fa8-41a8-43fa-8e7b-2a579cfacfc2,Toxicity,Expense,Cash
e9df4cb7-759a-4231-8038-bd57a476218a,1648298692947,"2022-03-26 18:14:52",3000.0,Swiggy,10000000-0000-0000-0000-000000000012,Bills,Expense,Cash
a92620a0-841e-4f51-850b-9e51e940ca39,1648298692947,"2022-03-26 18:14:52",180.0,"",02380fa8-41a8-43fa-8e7b-2a579cfacfc2,Toxicity,Expense,Cash
8c0f5987-e234-48ea-b550-eff24a6e4418,1648282325071,"2022-03-26 13:42:05",180.0,"",02380fa8-41a8-43fa-8e7b-2a579cfacfc2,Toxicity,Expense,Cash
7ee49bff-162b-4e7a-ad87-15cafc04b6a5,1648282325071,"2022-03-26 13:42:05",1100.0,"",10000000-0000-0000-0000-000000000001,Food,Expense,Cash
0ccecc62-e2e5-473c-8df8-6f19bafa0ec8,1648266513260,"2022-03-26 09:18:33",400.0,"",10000000-0000-0000-0000-000000000004,"Eating out",Expense,Cash
7c30449a-f482-4ae9-97d9-a212bb5bc9fe,1648230371225,"2022-03-25 23:16:11",360.0,"",02380fa8-41a8-43fa-8e7b-2a579cfacfc2,Toxicity,Expense,Cash
e1681300-b8d9-40a8-8532-8cf34b5043f5,1648230371225,"2022-03-25 23:16:11",2110.0,"",10000000-0000-0000-0000-000000000005,Transport,Expense,Cash
86ae2dbc-739a-49f7-8747-5ee57291bb74,1648230371225,"2022-03-25 23:16:11",600.0,"",6b86fb91-20d2-4296-8fc0-11af8f5db354,Brewery,Expense,Cash
4fcc1413-b64b-4f35-b31b-c0c1dfb28450,1648192798788,"2022-03-25 12:49:58",11380.0,"",968edc2b-7a45-41ec-8be9-e213be5528f8,Fuel,Expense,Cash
4cf19e5e-b819-4eb8-995d-fe4e96b0f4cb,1648148790062,"2022-03-25 00:36:30",1500.0,"",10000000-0000-0000-0000-000000000004,"Eating out",Expense,Cash
a9187180-9f7c-4b26-8be7-5c034fed5495,1648148790062,"2022-03-25 00:36:30",800.0,"",6b86fb91-20d2-4296-8fc0-11af8f5db354,Brewery,Expense,Cash
5df8cd8d-072a-4e28-8732-edb9e4d1babd,1648110634142,"2022-03-24 14:00:34",200.0,"",6b86fb91-20d2-4296-8fc0-11af8f5db354,Brewery,Expense,Cash
cb21787e-84cf-49ba-b413-b6c511a95aa9,1648110634142,"2022-03-24 14:00:34",180.0,"",02380fa8-41a8-43fa-8e7b-2a579cfacfc2,Toxicity,Expense,Cash
5f40ff39-6821-4e4b-b257-0473851f4687,1648104997464,"2022-03-24 12:26:37",400.0,"",02380fa8-41a8-43fa-8e7b-2a579cfacfc2,Toxicity,Expense,Cash
51211992-e912-47d4-9ddc-e84426a283c4,1648104997464,"2022-03-24 12:26:37",360.0,"",02380fa8-41a8-43fa-8e7b-2a579cfacfc2,Toxicity,Expense,Cash
9244860f-3c4d-4f86-b4c7-db79a93818b1,1648104997464,"2022-03-24 12:26:37",180.0,"",02380fa8-41a8-43fa-8e7b-2a579cfacfc2,Toxicity,Expense,Cash
d85969dd-d8b6-473a-a0e3-d7ace27790bf,1648023996480,"2022-03-23 13:56:36",2700.0,"",10000000-0000-0000-0000-000000000004,"Eating out",Expense,Cash
dfa8f3c0-a3c5-4474-9f87-e867d8fdc48b,1648023996480,"2022-03-23 13:56:36",440.0,"",02380fa8-41a8-43fa-8e7b-2a579cfacfc2,Toxicity,Expense,Cash
e35cb447-0b14-4b0e-ad9e-b80cbf8fd41f,1648023996480,"2022-03-23 13:56:36",150.0,"",6b86fb91-20d2-4296-8fc0-11af8f5db354,Brewery,Expense,Cash
2cff0b6e-f786-4c7c-a476-12dd69c17fb9,1648023996480,"2022-03-23 13:56:36",800.0,"",6b86fb91-20d2-4296-8fc0-11af8f5db354,Brewery,Expense,Cash
ba599e57-9c64-4583-8a8e-f5f5142f82a4,1648023996480,"2022-03-23 13:56:36",180.0,"",02380fa8-41a8-43fa-8e7b-2a579cfacfc2,Toxicity,Expense,Cash
572a7764-d258-4cfe-8a1f-ff15c27f0cbd,1648023996480,"2022-03-23 13:56:36",800.0,"",10000000-0000-0000-0000-000000000001,Food,Expense,Cash
10debac0-41fd-4941-ab5e-d7a9a78b0330,1648009675133,"2022-03-23 09:57:55",750.0,"",10000000-0000-0000-0000-000000000004,"Eating out",Expense,Cash
eb906fbc-721b-4788-9089-f6100d533d18,1647967618758,"2022-03-22 22:16:58",5490.0,"",968edc2b-7a45-41ec-8be9-e213be5528f8,Fuel,Expense,Cash
9587fc0c-9370-4b1d-b707-83f407a7d3a8,1647923275133,"2022-03-22 09:57:55",1400.0,"",6b86fb91-20d2-4296-8fc0-11af8f5db354,Brewery,Expense,Cash
7fe8c3aa-12f1-467f-af0c-c8dc43e651eb,1647923275133,"2022-03-22 09:57:55",1650.0,"",10000000-0000-0000-0000-000000000004,"Eating out",Expense,Cash
8c3143e6-7aea-4f93-8907-e67b5d42e50f,1647923275133,"2022-03-22 09:57:55",120.0,"",02380fa8-41a8-43fa-8e7b-2a579cfacfc2,Toxicity,Expense,Cash
4f4dc704-24db-43d5-bf1d-1dd94909398d,1647882785232,"2022-03-21 22:43:05",360.0,"",02380fa8-41a8-43fa-8e7b-2a579cfacfc2,Toxicity,Expense,Cash
d7155707-d436-4a3e-beaa-ed87b3679562,1647882785232,"2022-03-21 22:43:05",8080.0,"",10000000-0000-0000-0000-000000000002,House,Expense,Cash
5fb0569c-3c8a-4980-90cb-dea96a71d5a8,1647882785232,"2022-03-21 22:43:05",1100.0,Net,10000000-0000-0000-0000-000000000002,House,Expense,Cash
6fef4a8e-f2be-452e-8d57-72fa47a5af33,1647882785232,"2022-03-21 22:43:05",1250.0,Net,10000000-0000-0000-0000-000000000002,House,Expense,Cash
56291057-d729-4553-a209-1a7e2d077b5c,1647882785232,"2022-03-21 22:43:05",2500.0,"",02380fa8-41a8-43fa-8e7b-2a579cfacfc2,Toxicity,Expense,Cash
63824bb3-41f1-401a-8339-635e23ad41a2,1647882785232,"2022-03-21 22:43:05",2500.0,"",d71face0-704a-49ff-8c96-9778abb5d2e3,Bike,Expense,Cash
c071a386-81df-4b5a-b372-9b60849c1656,1647882785232,"2022-03-21 22:43:05",1000.0,"",10000000-0000-0000-0000-000000000002,House,Expense,Cash
38b3a11c-7840-44df-9490-4b1e83556870,1647882785232,"2022-03-21 22:43:05",800.0,"",10000000-0000-0000-0000-000000000001,Food,Expense,Cash
925dcbbe-986c-4fba-816d-f1fb043350af,1647875762338,"2022-03-21 20:46:02",240.0,"",02380fa8-41a8-43fa-8e7b-2a579cfacfc2,Toxicity,Expense,Cash
2ce9e8ea-ed06-4504-9077-d3d7d45c79b4,1647875752267,"2022-03-21 20:45:52",1000.0,"Oil change",d71face0-704a-49ff-8c96-9778abb5d2e3,Bike,Expense,Cash
36c4bf23-dcb9-42fa-939d-4c1016ea65e8,1647863966577,"2022-03-21 17:29:26",180.0,"",02380fa8-41a8-43fa-8e7b-2a579cfacfc2,Toxicity,Expense,Cash
e367b0b9-dcab-41da-ba90-b5dd931a4c86,1647863966577,"2022-03-21 17:29:26",180.0,"",02380fa8-41a8-43fa-8e7b-2a579cfacfc2,Toxicity,Expense,Cash
0b9ab6c9-1227-4115-a4bb-48469245aa71,1647863966577,"2022-03-21 17:29:26",100.0,"",6b86fb91-20d2-4296-8fc0-11af8f5db354,Brewery,Expense,Cash
dd27fd27-5623-4c32-abc5-734b670f4bf5,1647863966577,"2022-03-21 17:29:26",250.0,"",10000000-0000-0000-0000-000000000004,"Eating out",Expense,Cash
e4f67746-1abf-431a-9bdb-3c452c7687d8,1647863966577,"2022-03-21 17:29:26",1650.0,"",02380fa8-41a8-43fa-8e7b-2a579cfacfc2,Toxicity,Expense,Cash
f2ee40bf-b977-4532-b83c-3e8aa80b424e,1647835654997,"2022-03-21 09:37:34",180.0,"",02380fa8-41a8-43fa-8e7b-2a579cfacfc2,Toxicity,Expense,Cash
fdb665b7-4e88-449a-b625-62ed3bab4cff,1647835654997,"2022-03-21 09:37:34",70.0,"",6b86fb91-20d2-4296-8fc0-11af8f5db354,Brewery,Expense,Cash
194f2941-b4e4-49bb-8a74-20ad61c18e8a,1647707998284,"2022-03-19 22:09:58",360.0,"",02380fa8-41a8-43fa-8e7b-2a579cfacfc2,Toxicity,Expense,Cash
85a5d92b-75ce-43ea-902c-f3187d864471,1647707998284,"2022-03-19 22:09:58",1200.0,"",10000000-0000-0000-0000-000000000004,"Eating out",Expense,Cash
f7e7c5ea-b602-40b3-b1fc-6ee296e4f077,1647707998284,"2022-03-19 22:09:58",650.0,"",6b86fb91-20d2-4296-8fc0-11af8f5db354,Brewery,Expense,Cash
95a7763e-2044-4c96-9c5d-524e77cfbcec,1647707998284,"2022-03-19 22:09:58",600.0,"",10000000-0000-0000-0000-000000000004,"Eating out",Expense,Cash
4a3c086e-b294-4d4a-b461-b8b6108100b5,1647682500365,"2022-03-19 15:05:00",2700.0,"",6b86fb91-20d2-4296-8fc0-11af8f5db354,Brewery,Expense,Cash
3ab007cd-1635-4471-aee3-c733816e2cfe,1647682500365,"2022-03-19 15:05:00",400.0,"",6b86fb91-20d2-4296-8fc0-11af8f5db354,Brewery,Expense,Cash
e64dda1a-e28a-4fa1-b11f-f153791de133,1647682500365,"2022-03-19 15:05:00",180.0,"",02380fa8-41a8-43fa-8e7b-2a579cfacfc2,Toxicity,Expense,Cash
cb45fca1-90cf-41f8-95eb-f9a79c327a8d,1647593260009,"2022-03-18 14:17:40",6740.0,"",10000000-0000-0000-0000-000000000007,Entertainment,Expense,Cash
b375075b-00f8-4d76-98f8-3e4049e13689,1647535308035,"2022-03-17 22:11:48",3900.0,"",6b86fb91-20d2-4296-8fc0-11af8f5db354,Brewery,Expense,Cash
5afe6507-6d87-4895-980f-73b652ca8841,1647535308035,"2022-03-17 22:11:48",15000.0,"",10000000-0000-0000-0000-000000000004,"Eating out",Expense,Cash
4b7ca58e-12bb-43a5-aba3-fc1cb217ac0c,1647535308035,"2022-03-17 22:11:48",4700.0,"",10000000-0000-0000-0000-000000000001,Food,Expense,Cash
08fc9400-8181-495c-99e2-abf54d13305a,1647535308035,"2022-03-17 22:11:48",4400.0,"",10000000-0000-0000-0000-000000000007,Entertainment,Expense,Cash
69d3985c-18da-4e19-ac55-996400a5a4ad,1647517603292,"2022-03-17 17:16:43",180.0,"",02380fa8-41a8-43fa-8e7b-2a579cfacfc2,Toxicity,Expense,Cash
4f2d3b30-72ac-42ac-b1a0-c64e67768d56,1647517603292,"2022-03-17 17:16:43",250000.0,"",10000000-0000-0000-0000-000000000010,Savings,Income,Cash
3d8b136b-cb10-48f8-831d-6dd3f421bafa,1647517603292,"2022-03-17 17:16:43",150.0,"",6b86fb91-20d2-4296-8fc0-11af8f5db354,Brewery,Expense,Cash
d1e63d38-0d36-42ac-b924-ceb08dd9e734,1647508230757,"2022-03-17 14:40:30",180.0,"",02380fa8-41a8-43fa-8e7b-2a579cfacfc2,Toxicity,Expense,Cash
cb1e2c0e-4b28-4608-a9a4-97084b586ea5,1647489322096,"2022-03-17 09:25:22",250.0,"",6b86fb91-20d2-4296-8fc0-11af8f5db354,Brewery,Expense,Cash
7089d66e-9c16-43c6-9cce-91619574a548,1647489322096,"2022-03-17 09:25:22",180.0,"",02380fa8-41a8-43fa-8e7b-2a579cfacfc2,Toxicity,Expense,Cash
e19c01e7-04a7-4dbd-a4c1-39661996c215,1647464967143,"2022-03-17 02:39:27",3300.0,"",02380fa8-41a8-43fa-8e7b-2a579cfacfc2,Toxicity,Expense,Cash
0e1e52c8-d9d0-47e3-af80-518762947d8e,1647464967143,"2022-03-17 02:39:27",1500.0,"",10000000-0000-0000-0000-000000000004,"Eating out",Expense,Cash
8206386b-6541-4625-9cac-2ae3496847b2,1647438343981,"2022-03-16 19:15:43",400.0,"",6b86fb91-20d2-4296-8fc0-11af8f5db354,Brewery,Expense,Cash
841a3811-0543-4eba-918f-cef834f9edcb,1647378567143,"2022-03-16 02:39:27",3060.0,"",10000000-0000-0000-0000-000000000004,"Eating out",Expense,Cash
46263c64-ad63-43b8-8664-195269ef8492,1647378567143,"2022-03-16 02:39:27",4780.0,"",10000000-0000-0000-0000-000000000004,"Eating out",Expense,Cash
e5d0e51e-e7a4-46fe-96e1-cc89482b0246,1647364978311,"2022-03-15 22:52:58",600.0,"",6b86fb91-20d2-4296-8fc0-11af8f5db354,Brewery,Expense,Cash
fcdb0476-1283-4fc7-87bc-1f443c367996,1647331374663,"2022-03-15 13:32:54",1400.0,"",10000000-0000-0000-0000-000000000001,Food,Expense,Cash
d7f378de-4de5-44fc-829d-fa1d632e958f,1647312803363,"2022-03-15 08:23:23",1620.0,"",02380fa8-41a8-43fa-8e7b-2a579cfacfc2,Toxicity,Expense,Cash
2c4a53bc-2731-4e1a-a6a7-300e6b59f061,1647279962703,"2022-03-14 23:16:02",3780.0,"",10000000-0000-0000-0000-000000000004,"Eating out",Expense,Cash
fc8bb4cd-f05e-44cd-ac63-e46c8acc009a,1647247293661,"2022-03-14 14:11:33",1100.0,"",10000000-0000-0000-0000-000000000001,Food,Expense,Cash
6eb21c64-b19f-4592-8a16-fd18ba32824e,1647247293661,"2022-03-14 14:11:33",1420.0,"",02380fa8-41a8-43fa-8e7b-2a579cfacfc2,Toxicity,Expense,Cash
cfeb99d4-5700-431e-a076-198fce7eb9a3,1647247293661,"2022-03-14 14:11:33",650.0,"",6b86fb91-20d2-4296-8fc0-11af8f5db354,Brewery,Expense,Cash
86b5ffa1-2468-46a3-b115-f6b336b79729,1647247293661,"2022-03-14 14:11:33",300.0,"",6b86fb91-20d2-4296-8fc0-11af8f5db354,Brewery,Expense,Cash
4f972f31-1ac8-4b2e-867f-5063963fbb58,1647247293661,"2022-03-14 14:11:33",400.0,"",10000000-0000-0000-0000-000000000004,"Eating out",Expense,Cash
f80ca6cc-0988-4121-9804-37b097eb78fa,1647247293661,"2022-03-14 14:11:33",3490.0,"",10000000-0000-0000-0000-00000000000b,Clothes,Expense,Cash
1a6fd3b4-5a46-45f3-b828-c52694536413,1647247293661,"2022-03-14 14:11:33",1700.0,"",10000000-0000-0000-0000-000000000004,"Eating out",Expense,Cash
cb84d1c6-63d9-4e06-811d-99df0578bba9,1647247293661,"2022-03-14 14:11:33",180.0,"",02380fa8-41a8-43fa-8e7b-2a579cfacfc2,Toxicity,Expense,Cash
4772ad12-fbc2-4101-946a-da3fc40941b8,1647247293661,"2022-03-14 14:11:33",420.0,"",02380fa8-41a8-43fa-8e7b-2a579cfacfc2,Toxicity,Expense,Cash
3c38951d-4f46-4919-985e-1fd4a8510694,1647247293661,"2022-03-14 14:11:33",5990.0,"",10000000-0000-0000-0000-00000000000b,Clothes,Expense,Cash
a36ebdba-d743-42cc-b084-c24e4507056b,1647162138248,"2022-03-13 14:32:18",1000.0,"",10000000-0000-0000-0000-000000000004,"Eating out",Expense,Cash
6e4bdbea-df5d-44c0-a671-7f74404c8cf1,1647162138248,"2022-03-13 14:32:18",800.0,"",10000000-0000-0000-0000-000000000001,Food,Expense,Cash
fee99651-1eb8-4b9a-847d-ec7f3fd0c402,1647110495075,"2022-03-13 00:11:35",300.0,"",02380fa8-41a8-43fa-8e7b-2a579cfacfc2,Toxicity,Expense,Cash
815f4d1e-bfd5-432b-b015-3049b643dca3,1647110495075,"2022-03-13 00:11:35",600.0,"",6b86fb91-20d2-4296-8fc0-11af8f5db354,Brewery,Expense,Cash
3a3e6652-ee15-4247-ab12-4435650927b1,1647094308957,"2022-03-12 19:41:48",580.0,"",02380fa8-41a8-43fa-8e7b-2a579cfacfc2,Toxicity,Expense,Cash
b1810431-826d-4fe9-b610-f75236a23f1d,1647087038283,"2022-03-12 17:40:38",780.0,"",6b86fb91-20d2-4296-8fc0-11af8f5db354,Brewery,Expense,Cash
42e33eb0-6c56-48d2-9d1d-b1a599b18047,1647064666436,"2022-03-12 11:27:46",1470.0,"",10000000-0000-0000-0000-000000000005,Transport,Expense,Cash
b24fc61e-36c7-4d1f-9524-ff52d954637a,1647007604131,"2022-03-11 19:36:44",200.0,"",6b86fb91-20d2-4296-8fc0-11af8f5db354,Brewery,Expense,Cash
84073d1c-a70b-4528-8046-6c78a363d7da,1647007599522,"2022-03-11 19:36:39",380.0,"",02380fa8-41a8-43fa-8e7b-2a579cfacfc2,Toxicity,Expense,Cash
abe1e94f-833b-490b-b7d5-c59d331ad968,1647000353319,"2022-03-11 17:35:53",2650.0,"",10000000-0000-0000-0000-000000000004,"Eating out",Expense,Cash
485429c9-e313-437e-b969-ce3dfe0820c1,1646930845745,"2022-03-10 22:17:25",200.0,"",02380fa8-41a8-43fa-8e7b-2a579cfacfc2,Toxicity,Expense,Cash
ba5d5909-0aef-47e1-ac39-4e1853ec23a0,1646901793377,"2022-03-10 14:13:13",25230.0,"",968edc2b-7a45-41ec-8be9-e213be5528f8,Fuel,Expense,Cash
9e3c9228-761a-4edf-a40f-f97d024704ed,1646884522096,"2022-03-10 09:25:22",150000.0,"",10000000-0000-0000-0000-00000000000f,Salary,Income,Cash
fd447c82-d006-49b7-b741-af24561a6cdb,1646838665850,"2022-03-09 20:41:05",14460.0,"",10000000-0000-0000-0000-00000000000b,Clothes,Expense,Cash
51afc348-bbfe-40a4-9681-709fabbdef30,1646832382079,"2022-03-09 18:56:22",500.0,"",10000000-0000-0000-0000-000000000004,"Eating out",Expense,Cash
4423e93e-f632-4058-89c4-b96f2874da13,1646832378244,"2022-03-09 18:56:18",1500.0,"",10000000-0000-0000-0000-000000000004,"Eating out",Expense,Cash
44b1ea24-d29d-4671-a9cb-ef9c6fd2fd7f,1646645534238,"2022-03-07 15:02:14",400.0,"",10000000-0000-0000-0000-000000000005,Transport,Expense,Cash
f3d0885a-146d-4412-9610-ee78babb5afc,1646595846403,"2022-03-07 01:14:06",2410.0,"",10000000-0000-0000-0000-000000000005,Transport,Expense,Cash
7359faff-9532-468a-a786-4528e77f43f7,1646586095510,"2022-03-06 22:31:35",2900.0,"",02380fa8-41a8-43fa-8e7b-2a579cfacfc2,Toxicity,Expense,Cash
ce05885a-3658-4e73-8b02-653c28139ded,1646580341437,"2022-03-06 20:55:41",6000.0,"",02380fa8-41a8-43fa-8e7b-2a579cfacfc2,Toxicity,Expense,Cash
e9c76e2f-ae1e-419f-90e4-904edb9f755e,1646570160320,"2022-03-06 18:06:00",1700.0,"",10000000-0000-0000-0000-000000000004,"Eating out",Expense,Cash
a9dafa33-ec92-44a1-a02a-7e63d76dd9bb,1646549881987,"2022-03-06 12:28:01",5250.0,"",10000000-0000-0000-0000-000000000001,Food,Expense,Cash
05a3a785-265f-4539-b539-b220e3074388,1646514055282,"2022-03-06 02:30:55",3360.0,"",10000000-0000-0000-0000-000000000004,"Eating out",Expense,Cash
21acbb07-7f8b-42f4-90e1-f7cb32b01939,1646500690212,"2022-03-05 22:48:10",1900.0,"",02380fa8-41a8-43fa-8e7b-2a579cfacfc2,Toxicity,Expense,Cash
9de35202-fcd0-419b-ab71-ff64dc49ffda,1646500270944,"2022-03-05 22:41:10",1200.0,"",02380fa8-41a8-43fa-8e7b-2a579cfacfc2,Toxicity,Expense,Cash
d238a9a3-4b31-4a9f-b448-3738547e7783,1646500046306,"2022-03-05 22:37:26",1800.0,"",02380fa8-41a8-43fa-8e7b-2a579cfacfc2,Toxicity,Expense,Cash
3977c102-d86a-44f3-ab82-673980d17d82,1646493382130,"2022-03-05 20:46:22",180.0,"",02380fa8-41a8-43fa-8e7b-2a579cfacfc2,Toxicity,Expense,Cash
1764053d-24a0-4e60-ad7d-07a895d19634,1646493378179,"2022-03-05 20:46:18",150.0,"",6b86fb91-20d2-4296-8fc0-11af8f5db354,Brewery,Expense,Cash
5f26eeb6-2960-44d0-b9cd-cbd26bba52f5,1646471198541,"2022-03-05 14:36:38",930.0,"",10000000-0000-0000-0000-000000000004,"Eating out",Expense,Cash
2e3d5f4b-c800-4fbe-b366-cd28b266f95e,1646462587001,"2022-03-05 12:13:07",1490.0,Recharge,10000000-0000-0000-0000-000000000012,Bills,Expense,Cash
3a68486a-1338-497b-a4a3-1bcf331c64d6,1646454082431,"2022-03-05 09:51:22",300.0,"",10000000-0000-0000-0000-000000000004,"Eating out",Expense,Cash
e560fb0c-d9a4-4a12-8fcd-edc954100bb8,1646454078363,"2022-03-05 09:51:18",180.0,"",02380fa8-41a8-43fa-8e7b-2a579cfacfc2,Toxicity,Expense,Cash
9d1f89db-dfcf-47d0-bc2c-7a91dee3675c,1646408967785,"2022-03-04 21:19:27",150.0,"",6b86fb91-20d2-4296-8fc0-11af8f5db354,Brewery,Expense,Cash
8c490878-93b1-4d8a-a6a7-450fefe41d33,1646408965002,"2022-03-04 21:19:25",180.0,"",02380fa8-41a8-43fa-8e7b-2a579cfacfc2,Toxicity,Expense,Cash
6725b21a-3d4d-4f92-b8ea-6b2438ad537c,1646393355363,"2022-03-04 16:59:15",100.0,"",6b86fb91-20d2-4296-8fc0-11af8f5db354,Brewery,Expense,Cash
3f9c40d2-f09c-43a0-a8ba-2b5a0b5519a0,1646366869828,"2022-03-04 09:37:49",180.0,"",02380fa8-41a8-43fa-8e7b-2a579cfacfc2,Toxicity,Expense,Cash
5555917f-0e9d-440d-8563-4c8bea52c67f,1646366869828,"2022-03-04 09:37:49",60.0,"",6b86fb91-20d2-4296-8fc0-11af8f5db354,Brewery,Expense,Cash
922f1edc-10fd-4d05-8d1f-2bcd1373a269,1646366865872,"2022-03-04 09:37:45",330.0,"",02380fa8-41a8-43fa-8e7b-2a579cfacfc2,Toxicity,Expense,Cash
276e9ce8-a335-445b-9cb0-e60fcc0332dc,1646329478375,"2022-03-03 23:14:38",5340.0,"",10000000-0000-0000-0000-000000000007,Entertainment,Expense,Cash
11630075-a13c-44f3-a2b8-de9b94b2b3eb,1646329461246,"2022-03-03 23:14:21",1700.0,"",10000000-0000-0000-0000-000000000004,"Eating out",Expense,Cash
431292c7-dbef-4a16-9db1-09266509ec12,1646324432379,"2022-03-03 21:50:32",200.0,"",6b86fb91-20d2-4296-8fc0-11af8f5db354,Brewery,Expense,Cash
153853e6-389c-47aa-aabe-08482fdb7ed7,1646323623223,"2022-03-03 21:37:03",2000.0,"",10000000-0000-0000-0000-000000000004,"Eating out",Expense,Cash
8e1fb7f2-6b26-4cd4-869d-f35fc6e5a8bd,1646322019738,"2022-03-03 21:10:19",150.0,"",6b86fb91-20d2-4296-8fc0-11af8f5db354,Brewery,Expense,Cash
91503eb9-373a-45c0-8fbf-39bf92fde572,1646322016262,"2022-03-03 21:10:16",180.0,"",02380fa8-41a8-43fa-8e7b-2a579cfacfc2,Toxicity,Expense,Cash
b26b6671-07b0-4581-a3f9-ad993729e2f5,1646307910688,"2022-03-03 17:15:10",180.0,"",02380fa8-41a8-43fa-8e7b-2a579cfacfc2,Toxicity,Expense,Cash
0949f910-23af-4155-9169-420e1b236e6f,1646292530955,"2022-03-03 12:58:50",600.0,"",10000000-0000-0000-0000-000000000001,Food,Expense,Cash
dc526df7-2a98-4928-8c00-0d18e564d783,1646241969580,"2022-03-02 22:56:09",3000.0,"",02380fa8-41a8-43fa-8e7b-2a579cfacfc2,Toxicity,Expense,Cash
4f221e65-8c1f-48a4-8b67-918db6edc745,1646217155159,"2022-03-02 16:02:35",1020.0,"",02380fa8-41a8-43fa-8e7b-2a579cfacfc2,Toxicity,Expense,Cash
93d17218-4cdd-4f53-8229-3ca0063444a7,1646217155159,"2022-03-02 16:02:35",400.0,"",6b86fb91-20d2-4296-8fc0-11af8f5db354,Brewery,Expense,Cash
691fef5a-3ff1-439d-99bb-e3aa2718b198,1646141848149,"2022-03-01 19:07:28",9590.0,"",10000000-0000-0000-0000-000000000007,Entertainment,Expense,Cash
c8ceebc4-9bba-4220-8870-5f4eed50818c,1646141848149,"2022-03-01 19:07:28",11540.0,"",10000000-0000-0000-0000-000000000004,"Eating out",Expense,Cash
3307b610-49bd-4d48-9886-f4d60b5b2630,1646127381107,"2022-03-01 15:06:21",70000.0,"",10000000-0000-0000-0000-000000000011,Deposits,Income,Cash
9ef4a3af-268a-4b58-9cec-547592bb65bf,1646068150499,"2022-02-28 22:39:10",5900.0,"",10000000-0000-0000-0000-000000000001,Food,Expense,Cash
c62bd26f-7eb0-4c9f-b34a-93aaca8903ef,1646068150499,"2022-02-28 22:39:10",180.0,"",02380fa8-41a8-43fa-8e7b-2a579cfacfc2,Toxicity,Expense,Cash
038dfa3f-4681-4fce-9319-7a93f376dabb,1646044595887,"2022-02-28 16:06:35",1600.0,"",10000000-0000-0000-0000-000000000004,"Eating out",Expense,Cash
ec405479-cbb2-4cf9-a000-1893de29694a,1646044595887,"2022-02-28 16:06:35",360.0,"",02380fa8-41a8-43fa-8e7b-2a579cfacfc2,Toxicity,Expense,Cash
2ea1fe48-5cc5-438d-afd0-d2bcd6ea67a8,1646018303775,"2022-02-28 08:48:23",400.0,"",10000000-0000-0000-0000-000000000004,"Eating out",Expense,Cash
e649c54b-59be-4bc5-8161-26e46162757f,1645883807403,"2022-02-26 19:26:47",180.0,"",02380fa8-41a8-43fa-8e7b-2a579cfacfc2,Toxicity,Expense,Cash
76e79752-591d-4793-9f49-15ad49af507e,1645883807403,"2022-02-26 19:26:47",200.0,"",6b86fb91-20d2-4296-8fc0-11af8f5db354,Brewery,Expense,Cash
0bbeb602-50c4-4078-a42a-a2476a3bb2cd,1645883807403,"2022-02-26 19:26:47",180.0,"",02380fa8-41a8-43fa-8e7b-2a579cfacfc2,Toxicity,Expense,Cash
0254e5ef-4574-44d9-a176-1eeb71ae32d8,1645883807403,"2022-02-26 19:26:47",10900.0,"",02380fa8-41a8-43fa-8e7b-2a579cfacfc2,Toxicity,Expense,Cash
637f3ea5-94d1-4900-bcc5-7c15bdd8b198,1645883807403,"2022-02-26 19:26:47",200.0,"",6b86fb91-20d2-4296-8fc0-11af8f5db354,Brewery,Expense,Cash
ecc0e312-0cfa-42b9-a26a-46976be246ae,1645859916282,"2022-02-26 12:48:36",60.0,"",6b86fb91-20d2-4296-8fc0-11af8f5db354,Brewery,Expense,Cash
8796d967-f52b-4a75-9c24-0bd849a12a57,1645859916282,"2022-02-26 12:48:36",380.0,"",02380fa8-41a8-43fa-8e7b-2a579cfacfc2,Toxicity,Expense,Cash
00fe4c95-4b99-4aa4-a7de-a5559b3fcc99,1645859916282,"2022-02-26 12:48:36",300.0,"",10000000-0000-0000-0000-000000000004,"Eating out",Expense,Cash
79b7bb1c-fb82-4020-afba-29dccf7505a8,1645800363927,"2022-02-25 20:16:03",180.0,"",02380fa8-41a8-43fa-8e7b-2a579cfacfc2,Toxicity,Expense,Cash
c223073f-6503-45d1-945c-ec2a4f532328,1645800363927,"2022-02-25 20:16:03",150.0,"",6b86fb91-20d2-4296-8fc0-11af8f5db354,Brewery,Expense,Cash
958aa73d-2d6b-441d-bbe5-d5be896c669c,1645790528917,"2022-02-25 17:32:08",240.0,"",02380fa8-41a8-43fa-8e7b-2a579cfacfc2,Toxicity,Expense,Cash
48a8f3a1-5c2a-4d34-af6c-56c12191498f,1645781186009,"2022-02-25 14:56:26",120.0,"",02380fa8-41a8-43fa-8e7b-2a579cfacfc2,Toxicity,Expense,Cash
803dac8a-9d53-4075-b4c8-9dfc1f71e206,1645775403053,"2022-02-25 13:20:03",180.0,"",02380fa8-41a8-43fa-8e7b-2a579cfacfc2,Toxicity,Expense,Cash
95080e28-a8d6-4061-9d97-98d7cd9499bb,1645775403053,"2022-02-25 13:20:03",800.0,"",10000000-0000-0000-0000-000000000001,Food,Expense,Cash
f532d343-03a8-43fc-b4a7-d0e1a9e6d263,1645757980216,"2022-02-25 08:29:40",300.0,"",6b86fb91-20d2-4296-8fc0-11af8f5db354,Brewery,Expense,Cash
28a8f292-115c-4d90-a6c5-216d5aa806e4,1645757980216,"2022-02-25 08:29:40",300.0,"",10000000-0000-0000-0000-000000000004,"Eating out",Expense,Cash
9d2e822d-1d8c-4415-a8fc-903fd54bd4cc,1645757980216,"2022-02-25 08:29:40",360.0,"",02380fa8-41a8-43fa-8e7b-2a579cfacfc2,Toxicity,Expense,Cash
ef57b022-4998-407a-80d9-c103c4746d0b,1645757980216,"2022-02-25 08:29:40",1100.0,"",10000000-0000-0000-0000-000000000004,"Eating out",Expense,Cash
8c0c79f3-2e79-4af1-898b-2ee2a38a567a,1645720472005,"2022-02-24 22:04:32",150.0,"",6b86fb91-20d2-4296-8fc0-11af8f5db354,Brewery,Expense,Cash
d3912a98-4c3e-42e8-860c-fa61577a8f36,1645720472005,"2022-02-24 22:04:32",180.0,"",02380fa8-41a8-43fa-8e7b-2a579cfacfc2,Toxicity,Expense,Cash
b8914feb-3dc2-4a4a-99e4-c769d80a1be6,1645720472005,"2022-02-24 22:04:32",240.0,"",02380fa8-41a8-43fa-8e7b-2a579cfacfc2,Toxicity,Expense,Cash
f28c7a0a-ea90-45cf-baab-8a88debdf137,1645720472005,"2022-02-24 22:04:32",150.0,"",6b86fb91-20d2-4296-8fc0-11af8f5db354,Brewery,Expense,Cash
003a21c3-d2ed-452f-9899-5cd6a67ea83b,1645708310895,"2022-02-24 18:41:50",420.0,"",02380fa8-41a8-43fa-8e7b-2a579cfacfc2,Toxicity,Expense,Cash
48ee5bc1-25a6-4e33-887c-32fc93e110ce,1645708310895,"2022-02-24 18:41:50",180.0,"",02380fa8-41a8-43fa-8e7b-2a579cfacfc2,Toxicity,Expense,Cash
3a4a5e2d-ae81-4232-b23b-0e9fc1802033,1645682268454,"2022-02-24 11:27:48",130.0,"",6b86fb91-20d2-4296-8fc0-11af8f5db354,Brewery,Expense,Cash
9aebd8e6-5423-4b2e-b709-bb11e27adb13,1645682268454,"2022-02-24 11:27:48",360.0,"",02380fa8-41a8-43fa-8e7b-2a579cfacfc2,Toxicity,Expense,Cash
4c97234b-2293-4aaf-8389-f2c9a6212dc2,1645671580216,"2022-02-24 08:29:40",40000.0,Cooler,10000000-0000-0000-0000-000000000002,House,Expense,Cash
2768e04d-d456-47af-b188-4ac55e18f1bf,1645633961790,"2022-02-23 22:02:41",420.0,"",02380fa8-41a8-43fa-8e7b-2a579cfacfc2,Toxicity,Expense,Cash
12c83461-1824-435b-8b8b-da4cc3ac720e,1645610906891,"2022-02-23 15:38:26",5000.0,"",968edc2b-7a45-41ec-8be9-e213be5528f8,Fuel,Expense,Cash
e4519198-526d-4d2d-bdf6-6d6667eb93bd,1645610906891,"2022-02-23 15:38:26",180.0,"",02380fa8-41a8-43fa-8e7b-2a579cfacfc2,Toxicity,Expense,Cash
e07c1350-4087-4403-b3f2-bbb1840e7f1a,1645610906891,"2022-02-23 15:38:26",180.0,"",02380fa8-41a8-43fa-8e7b-2a579cfacfc2,Toxicity,Expense,Cash
d8c600d1-c0ca-4b64-8b40-016ca9a2e298,1645610906891,"2022-02-23 15:38:26",300.0,"",02380fa8-41a8-43fa-8e7b-2a579cfacfc2,Toxicity,Expense,Cash
b111e2c1-38b1-4c9d-9afc-3c796e15ee03,1645587837455,"2022-02-23 09:13:57",950.0,"",10000000-0000-0000-0000-000000000004,"Eating out",Expense,Cash
a4da0132-8a6a-4613-82a3-b0998e2aaec3,1645551964040,"2022-02-22 23:16:04",2500.0,"",10000000-0000-0000-0000-000000000004,"Eating out",Expense,Cash
519b5840-f1b4-4353-a316-fecf147c74b4,1645524506891,"2022-02-22 15:38:26",300.0,"",6b86fb91-20d2-4296-8fc0-11af8f5db354,Brewery,Expense,Cash
c54f07db-feda-40b3-8cf5-005b6954a40b,1645524506891,"2022-02-22 15:38:26",360.0,"",02380fa8-41a8-43fa-8e7b-2a579cfacfc2,Toxicity,Expense,Cash
7520340f-fb9a-4d69-9ba0-2736d7e4d77b,1645524506891,"2022-02-22 15:38:26",300.0,"",02380fa8-41a8-43fa-8e7b-2a579cfacfc2,Toxicity,Expense,Cash
f3992549-9cbc-4cc8-92cc-7bac59967de8,1645524506891,"2022-02-22 15:38:26",150.0,"",6b86fb91-20d2-4296-8fc0-11af8f5db354,Brewery,Expense,Cash
aea23270-e32a-4b66-b06a-c72abb7b05e5,1645457997494,"2022-02-21 21:09:57",540.0,"",02380fa8-41a8-43fa-8e7b-2a579cfacfc2,Toxicity,Expense,Cash
eb3ed08e-6035-4085-aeff-31852ac41307,1645457997494,"2022-02-21 21:09:57",150.0,"",6b86fb91-20d2-4296-8fc0-11af8f5db354,Brewery,Expense,Cash
cca5e2eb-2c2f-4e91-82c1-e0cecea865fe,1645457997494,"2022-02-21 21:09:57",200.0,"",6b86fb91-20d2-4296-8fc0-11af8f5db354,Brewery,Expense,Cash
6ccc5acc-8922-4a05-a126-eb90139c7d16,1645457997494,"2022-02-21 21:09:57",900.0,"",10000000-0000-0000-0000-000000000001,Food,Expense,Cash
5194cbf2-0791-489a-945c-4c3f596c6f71,1645445188910,"2022-02-21 17:36:28",180.0,"",02380fa8-41a8-43fa-8e7b-2a579cfacfc2,Toxicity,Expense,Cash
9db07d65-0e9a-4622-a924-5f292060225b,1645445188910,"2022-02-21 17:36:28",300.0,"",02380fa8-41a8-43fa-8e7b-2a579cfacfc2,Toxicity,Expense,Cash
29202ed0-0820-461e-b4b5-6efae205a713,1645445188910,"2022-02-21 17:36:28",1200.0,"",10000000-0000-0000-0000-000000000004,"Eating out",Expense,Cash
54b3104d-5247-4091-9923-da00f68f4452,1645414540711,"2022-02-21 09:05:40",180.0,"",02380fa8-41a8-43fa-8e7b-2a579cfacfc2,Toxicity,Expense,Cash
5ae6e758-b03f-4ad4-a480-e1467f898e7b,1645414540711,"2022-02-21 09:05:40",800.0,"",10000000-0000-0000-0000-000000000004,"Eating out",Expense,Cash
cec9263e-3af3-4cee-aa0f-8c5778a149bb,1645414540711,"2022-02-21 09:05:40",70.0,"",6b86fb91-20d2-4296-8fc0-11af8f5db354,Brewery,Expense,Cash
d9919a91-718d-492e-a73a-3129f249378d,1645375313907,"2022-02-20 22:11:53",200.0,"",6b86fb91-20d2-4296-8fc0-11af8f5db354,Brewery,Expense,Cash
bf0d5403-7359-4e29-b05e-63141162bc8f,1645375313907,"2022-02-20 22:11:53",860.0,"",02380fa8-41a8-43fa-8e7b-2a579cfacfc2,Toxicity,Expense,Cash
c9c888fd-6a37-4c27-97cf-519b5bed298e,1645375313907,"2022-02-20 22:11:53",420.0,"",02380fa8-41a8-43fa-8e7b-2a579cfacfc2,Toxicity,Expense,Cash
913935fe-a9aa-4089-a3fc-4816c6d99e9f,1645288913907,"2022-02-19 22:11:53",30400.0,"",02380fa8-41a8-43fa-8e7b-2a579cfacfc2,Toxicity,Expense,Cash
71ccdc15-e845-4d9d-a1d5-76c6a1e60495,1645281224127,"2022-02-19 20:03:44",180.0,"",02380fa8-41a8-43fa-8e7b-2a579cfacfc2,Toxicity,Expense,Cash
1f10ca35-60e8-4f7a-8fb4-a7a89bf08a00,1645281224127,"2022-02-19 20:03:44",150.0,"",6b86fb91-20d2-4296-8fc0-11af8f5db354,Brewery,Expense,Cash
73e4628e-c8ff-4a7f-b991-78e798345cba,1645209032432,"2022-02-19 00:00:32",4100.0,"",02380fa8-41a8-43fa-8e7b-2a579cfacfc2,Toxicity,Expense,Cash
80497bb3-12fb-403b-821f-387539e5c9da,1645198596396,"2022-02-18 21:06:36",180.0,"",02380fa8-41a8-43fa-8e7b-2a579cfacfc2,Toxicity,Expense,Cash
f2187af1-87d7-432e-892c-81413dfeeddd,1645198596396,"2022-02-18 21:06:36",150.0,"",6b86fb91-20d2-4296-8fc0-11af8f5db354,Brewery,Expense,Cash
7ac8d04e-7f0e-40c8-9a99-262bbaee8273,1645171757750,"2022-02-18 13:39:17",180.0,"",02380fa8-41a8-43fa-8e7b-2a579cfacfc2,Toxicity,Expense,Cash
7db2d049-57c8-463f-ae7f-adf5d97155ac,1645171757750,"2022-02-18 13:39:17",1000.0,"",10000000-0000-0000-0000-000000000001,Food,Expense,Cash
8e7524a8-a968-43ab-9142-ee3858c9e600,1645156575017,"2022-02-18 09:26:15",1200.0,"",10000000-0000-0000-0000-000000000004,"Eating out",Expense,Cash
c6e464b4-f3ce-474e-bc28-34f3ddfa8e4a,1645119950202,"2022-02-17 23:15:50",300.0,"",02380fa8-41a8-43fa-8e7b-2a579cfacfc2,Toxicity,Expense,Cash
05b4f191-2f97-4db0-ac5c-830c92aa72de,1645119950202,"2022-02-17 23:15:50",2200.0,"",10000000-0000-0000-0000-000000000004,"Eating out",Expense,Cash
192dade2-c3fa-4ad6-a3a3-93bdfd6dd97f,1645112206919,"2022-02-17 21:06:46",600.0,"",6b86fb91-20d2-4296-8fc0-11af8f5db354,Brewery,Expense,Cash
16259094-7ff4-41e3-9bb0-702eb57544cb,1645086595971,"2022-02-17 13:59:55",450.0,"",10000000-0000-0000-0000-000000000001,Food,Expense,Cash
188a5b2e-929f-42f1-b971-7e21ac259d3c,1645086595971,"2022-02-17 13:59:55",1400.0,"",10000000-0000-0000-0000-000000000001,Food,Expense,Cash
06736f54-df84-4148-bab2-76aa4430a193,1645078519687,"2022-02-17 11:45:19",650.0,"",02380fa8-41a8-43fa-8e7b-2a579cfacfc2,Toxicity,Expense,Cash
9a4d6722-3fb0-4c25-8979-8c008654ca05,1645039803520,"2022-02-17 01:00:03",3540.0,"",02380fa8-41a8-43fa-8e7b-2a579cfacfc2,Toxicity,Expense,Cash
3f2f5b95-9f8b-40b9-8e08-b5f2da8dfd10,1645017741686,"2022-02-16 18:52:21",300.0,"",02380fa8-41a8-43fa-8e7b-2a579cfacfc2,Toxicity,Expense,Cash
9b9a2e4c-7f9c-426a-bce1-c934f299308a,1645017741686,"2022-02-16 18:52:21",500.0,"",10000000-0000-0000-0000-000000000002,House,Expense,Cash
f0c6efa4-f7cf-4828-9c56-3903cdad2392,1645017741686,"2022-02-16 18:52:21",300.0,"",02380fa8-41a8-43fa-8e7b-2a579cfacfc2,Toxicity,Expense,Cash
0707571f-8dab-476f-a7d6-fc8c2fc47a4c,1645017741686,"2022-02-16 18:52:21",17790.0,"",d71face0-704a-49ff-8c96-9778abb5d2e3,Bike,Expense,Cash
dfae7f99-3c50-48fb-83a4-0d6f2e81f78f,1645017741686,"2022-02-16 18:52:21",420.0,"",02380fa8-41a8-43fa-8e7b-2a579cfacfc2,Toxicity,Expense,Cash
b87ac320-ddf2-44de-88d2-4a400a7c24bd,1645017741686,"2022-02-16 18:52:21",400.0,"",10000000-0000-0000-0000-000000000001,Food,Expense,Cash
f9fba2bc-186f-41f3-9de5-eca5fdd8ae09,1645017741686,"2022-02-16 18:52:21",600.0,"",10000000-0000-0000-0000-000000000001,Food,Expense,Cash
cfd90dfd-f7ba-45c8-9d5a-a89df1deae5d,1645017741686,"2022-02-16 18:52:21",400.0,"",10000000-0000-0000-0000-000000000004,"Eating out",Expense,Cash
d1d260dc-1c01-4b9c-a83c-4bdb64604314,1645017741686,"2022-02-16 18:52:21",6000.0,"",10000000-0000-0000-0000-000000000007,Entertainment,Expense,Cash
150329ae-e8d4-4407-ada9-beef971b3ca4,1645017741686,"2022-02-16 18:52:21",4100.0,"",10000000-0000-0000-0000-000000000004,"Eating out",Expense,Cash
8614203f-2210-498d-8bca-d8f3f106aadb,1645017741686,"2022-02-16 18:52:21",720.0,"",02380fa8-41a8-43fa-8e7b-2a579cfacfc2,Toxicity,Expense,Cash
a941cb3c-5532-4f93-88fc-d4b5e17fbd52,1644985092014,"2022-02-16 09:48:12",300.0,"",6b86fb91-20d2-4296-8fc0-11af8f5db354,Brewery,Expense,Cash
7851120f-c6b3-4726-b544-65f900ee8780,1644985092014,"2022-02-16 09:48:12",600.0,"",02380fa8-41a8-43fa-8e7b-2a579cfacfc2,Toxicity,Expense,Cash
69863e00-a144-46c0-b1b3-7619779e7b58,1644925797902,"2022-02-15 17:19:57",180.0,"",02380fa8-41a8-43fa-8e7b-2a579cfacfc2,Toxicity,Expense,Cash
3b4180f5-f01a-40e6-bc90-fd6a16a8ec85,1644925797902,"2022-02-15 17:19:57",590.0,"",02380fa8-41a8-43fa-8e7b-2a579cfacfc2,Toxicity,Expense,Cash
81854bd4-1cd8-434a-9321-3854264cb6f9,1644925797902,"2022-02-15 17:19:57",620.0,"",10000000-0000-0000-0000-000000000004,"Eating out",Expense,Cash
e5fc3787-d8f2-4221-8b6e-31fca8c03c00,1644884789724,"2022-02-15 05:56:29",200.0,"",02380fa8-41a8-43fa-8e7b-2a579cfacfc2,Toxicity,Expense,Cash
b4d008f9-711d-40d8-8796-4f03370129ee,1644837737415,"2022-02-14 16:52:17",360.0,"",02380fa8-41a8-43fa-8e7b-2a579cfacfc2,Toxicity,Expense,Cash
c973e7f8-7160-4673-8922-2cf92cc5b778,1644820916099,"2022-02-14 12:11:56",5000.0,"",10000000-0000-0000-0000-000000000003,Car,Expense,Cash
259034e9-f0eb-4400-b9b5-1a2633f838de,1644798389724,"2022-02-14 05:56:29",360.0,"",02380fa8-41a8-43fa-8e7b-2a579cfacfc2,Toxicity,Expense,Cash
b175902d-bbe9-4435-a107-cd1a09bb45aa,1644767824150,"2022-02-13 21:27:04",7800.0,"",02380fa8-41a8-43fa-8e7b-2a579cfacfc2,Toxicity,Expense,Cash
cad71efc-e6ef-4a58-8aeb-476b75fd0b09,1644753693628,"2022-02-13 17:31:33",2460.0,"",10000000-0000-0000-0000-000000000002,House,Expense,Cash
b31f2a64-88d3-4e10-967b-1dca66441b6a,1644752901131,"2022-02-13 17:18:21",2115.0,"",10000000-0000-0000-0000-000000000005,Transport,Expense,Cash
a1f0665a-64c9-4fe2-ae57-ded36199602a,1644731184121,"2022-02-13 11:16:24",22990.0,"Engine oil",10000000-0000-0000-0000-000000000003,Car,Expense,Cash
c10d0fc5-fe92-48ed-b887-06d159918766,1644659258431,"2022-02-12 15:17:38",360.0,"",02380fa8-41a8-43fa-8e7b-2a579cfacfc2,Toxicity,Expense,Cash
3f07e98b-b8aa-4283-b76a-9fd88ebf1dd3,1644659258431,"2022-02-12 15:17:38",180.0,"",02380fa8-41a8-43fa-8e7b-2a579cfacfc2,Toxicity,Expense,Cash
770d7a9a-485f-46d4-a773-cf5bd0c2c30b,1644659258431,"2022-02-12 15:17:38",405.0,"",10000000-0000-0000-0000-000000000005,Transport,Expense,Cash
d2191fb8-e6b0-477e-be29-3eabd9179dfa,1644659258431,"2022-02-12 15:17:38",400.0,"",6b86fb91-20d2-4296-8fc0-11af8f5db354,Brewery,Expense,Cash
837f7cbf-2edf-4bdb-9df1-f3cf29f25564,1644639440008,"2022-02-12 09:47:20",80.0,"",6b86fb91-20d2-4296-8fc0-11af8f5db354,Brewery,Expense,Cash
7a5869ef-5a12-4d12-b53d-d89aaf208616,1644639440008,"2022-02-12 09:47:20",180.0,"",02380fa8-41a8-43fa-8e7b-2a579cfacfc2,Toxicity,Expense,Cash
bd8f34c1-3584-41d2-b073-b07102822749,1644639440008,"2022-02-12 09:47:20",360.0,"",02380fa8-41a8-43fa-8e7b-2a579cfacfc2,Toxicity,Expense,Cash
01e6f09c-9e26-4b05-afc4-236e77c1a560,1644607820735,"2022-02-12 01:00:20",250.0,"",10000000-0000-0000-0000-000000000004,"Eating out",Expense,Cash
3c96df35-cb26-4fca-a768-d6d3dd8cb2d7,1644595017893,"2022-02-11 21:26:57",180.0,"",02380fa8-41a8-43fa-8e7b-2a579cfacfc2,Toxicity,Expense,Cash
c88e45de-fc56-402e-83d9-28268566a325,1644595017893,"2022-02-11 21:26:57",5000.0,"",968edc2b-7a45-41ec-8be9-e213be5528f8,Fuel,Expense,Cash
1eb5f74a-5cbe-44da-a715-f7d1c7107580,1644595017893,"2022-02-11 21:26:57",150.0,"",6b86fb91-20d2-4296-8fc0-11af8f5db354,Brewery,Expense,Cash
9a7ac7dc-0355-43c9-ae62-ec95877f40b9,1644595017893,"2022-02-11 21:26:57",400.0,"",10000000-0000-0000-0000-000000000004,"Eating out",Expense,Cash
a49a9bcd-2fae-4bf5-a6ee-b6250e26cc06,1644595017893,"2022-02-11 21:26:57",300.0,"",02380fa8-41a8-43fa-8e7b-2a579cfacfc2,Toxicity,Expense,Cash
1d92916d-9f9c-42bc-8ccd-e2e1acc0de36,1644595017893,"2022-02-11 21:26:57",4500.0,"",02380fa8-41a8-43fa-8e7b-2a579cfacfc2,Toxicity,Expense,Cash
986dcd1d-18b4-4ba0-beb3-3bb9dcd13a33,1644583206509,"2022-02-11 18:10:06",4580.0,"",1356556b-523d-42d8-a52c-a187da9c433c,health,Expense,Cash
d05692df-f5c5-41e9-a97c-1de76807aaf8,1644583206509,"2022-02-11 18:10:06",180.0,"",02380fa8-41a8-43fa-8e7b-2a579cfacfc2,Toxicity,Expense,Cash
a1984189-2741-4daf-a364-a5e0e31c687d,1644583206509,"2022-02-11 18:10:06",500.0,"",10000000-0000-0000-0000-000000000004,"Eating out",Expense,Cash
15c91439-2a17-48f2-9c2b-9097d68cd4b5,1644574529574,"2022-02-11 15:45:29",180.0,"",02380fa8-41a8-43fa-8e7b-2a579cfacfc2,Toxicity,Expense,Cash
2728473e-3129-4034-b02b-9e63eb51f551,1644553040008,"2022-02-11 09:47:20",180.0,"",02380fa8-41a8-43fa-8e7b-2a579cfacfc2,Toxicity,Expense,Cash
4f8f7fef-81ab-4790-9c55-bf3606ea55ba,1644547712912,"2022-02-11 08:18:32",80.0,"",6b86fb91-20d2-4296-8fc0-11af8f5db354,Brewery,Expense,Cash
bf97e42e-5240-4275-9cd0-5fd5e39da6d3,1644547712912,"2022-02-11 08:18:32",300.0,"",02380fa8-41a8-43fa-8e7b-2a579cfacfc2,Toxicity,Expense,Cash
4df44a5a-f58e-4449-8ea9-d27d552b9ff4,1644547712912,"2022-02-11 08:18:32",180.0,"",02380fa8-41a8-43fa-8e7b-2a579cfacfc2,Toxicity,Expense,Cash
f97bd1a1-351f-4de1-ac59-7e2db94114e2,1644547712912,"2022-02-11 08:18:32",800.0,"",10000000-0000-0000-0000-000000000004,"Eating out",Expense,Cash
339887c0-8946-4eb4-acd9-9fbde8f0bfa1,1644468689344,"2022-02-10 10:21:29",550.0,"",10000000-0000-0000-0000-000000000004,"Eating out",Expense,Cash
aeaeff86-257e-4490-b6a4-86db092557a0,1644468689344,"2022-02-10 10:21:29",141940.0,"",10000000-0000-0000-0000-00000000000f,Salary,Income,Cash
7ccda3ab-1131-4a25-891c-de02b98db1d5,1644468689344,"2022-02-10 10:21:29",500.0,"",10000000-0000-0000-0000-000000000001,Food,Expense,Cash
e5c94749-805b-4ae7-923e-34ce2daf3c52,1644419385958,"2022-02-09 20:39:45",2800.0,Haircut,10000000-0000-0000-0000-000000000002,House,Expense,Cash
b479b171-dfc8-46d5-ae79-4d35b906dc0f,1644395110355,"2022-02-09 13:55:10",600.0,"",10000000-0000-0000-0000-000000000001,Food,Expense,Cash
d0ac7b60-92b5-4dfe-9ce7-309ef219d658,1644326307223,"2022-02-08 18:48:27",1800.0,"",10000000-0000-0000-0000-000000000001,Food,Expense,Cash
4e3edeee-db09-4c3d-8c75-edbf9c27f7f7,1644326307223,"2022-02-08 18:48:27",300.0,"",02380fa8-41a8-43fa-8e7b-2a579cfacfc2,Toxicity,Expense,Cash
62a5c72e-1912-49a9-bdcc-ae7c18bcd51b,1644326307223,"2022-02-08 18:48:27",450.0,"",10000000-0000-0000-0000-000000000004,"Eating out",Expense,Cash
81818b3e-9e8e-402d-9c6b-f0059a24bec9,1644326307223,"2022-02-08 18:48:27",5000.0,"",968edc2b-7a45-41ec-8be9-e213be5528f8,Fuel,Expense,Cash
93baef8c-ff8a-406c-ae1d-fe53e9837b83,1644326307223,"2022-02-08 18:48:27",100.0,"",6b86fb91-20d2-4296-8fc0-11af8f5db354,Brewery,Expense,Cash
063f76a2-70de-440f-ae09-3de4cf0aa614,1644326307223,"2022-02-08 18:48:27",450.0,"",10000000-0000-0000-0000-000000000004,"Eating out",Expense,Cash
7987aa85-b13a-4f0f-847e-e8fa00ddcdb4,1644326307223,"2022-02-08 18:48:27",200.0,"",10000000-0000-0000-0000-000000000001,Food,Expense,Cash
ef83e847-3fad-48b0-93a0-4d7df34bec3f,1644308666551,"2022-02-08 13:54:26",180.0,"",02380fa8-41a8-43fa-8e7b-2a579cfacfc2,Toxicity,Expense,Cash
1553cdae-6312-4bb8-81da-82189b51cb83,1644308666551,"2022-02-08 13:54:26",1050.0,"",10000000-0000-0000-0000-000000000001,Food,Expense,Cash
7d273071-9998-4ab9-819a-bbe34f71d5a7,1644297872288,"2022-02-08 10:54:32",500.0,"",10000000-0000-0000-0000-000000000004,"Eating out",Expense,Cash
0453ac21-27a9-407a-a294-b5a940d133cb,1644266336455,"2022-02-08 02:08:56",2230.0,"",10000000-0000-0000-0000-000000000005,Transport,Expense,Cash
ffd3b9dc-3e78-4b5a-a54a-c2ca6eda360a,1644252594945,"2022-02-07 22:19:54",2800.0,"",02380fa8-41a8-43fa-8e7b-2a579cfacfc2,Toxicity,Expense,Cash
95b78314-779f-40aa-b21c-feb7a742e202,1644229209079,"2022-02-07 15:50:09",40720.0,Rent,10000000-0000-0000-0000-000000000002,House,Expense,Cash
4b477249-c790-4431-bd4c-4a75c29505b2,1644229209079,"2022-02-07 15:50:09",33000.0,"",10000000-0000-0000-0000-000000000011,Deposits,Income,Cash
177d19bb-42c7-4c9e-9bab-552a04636e2c,1644228477677,"2022-02-07 15:37:57",5940.0,"",10000000-0000-0000-0000-000000000001,Food,Expense,Cash
d8a999aa-3159-4a13-8318-29adf7ab5067,1644211763979,"2022-02-07 10:59:23",19440.0,Internet,10000000-0000-0000-0000-000000000012,Bills,Expense,Cash
4b12c45d-6721-4191-82b8-afc804978974,1644154338157,"2022-02-06 19:02:18",3100.0,"",02380fa8-41a8-43fa-8e7b-2a579cfacfc2,Toxicity,Expense,Cash
23663f0c-9e9c-4383-9f52-06c3c81b832a,1644154338157,"2022-02-06 19:02:18",2290.0,"",10000000-0000-0000-0000-000000000004,"Eating out",Expense,Cash
0a80f8d5-c4af-444d-bf56-0163551b34bb,1644154338157,"2022-02-06 19:02:18",3700.0,"",10000000-0000-0000-0000-000000000007,Entertainment,Expense,Cash
4503fe75-b6e7-42c0-a185-5857c768f188,1644154338157,"2022-02-06 19:02:18",6280.0,"",10000000-0000-0000-0000-00000000000b,Clothes,Expense,Cash
f3207c47-8291-4fac-b342-823e754d652b,1644154338157,"2022-02-06 19:02:18",4000.0,"",10000000-0000-0000-0000-000000000007,Entertainment,Expense,Cash
8b1945b5-d13b-4868-8403-7720fa3127f2,1644079314047,"2022-02-05 22:11:54",700.0,"",6b86fb91-20d2-4296-8fc0-11af8f5db354,Brewery,Expense,Cash
1d06f8bd-acc3-4980-b2d0-b4938b6e7131,1644074711075,"2022-02-05 20:55:11",3100.0,"",02380fa8-41a8-43fa-8e7b-2a579cfacfc2,Toxicity,Expense,Cash
d9e86478-f240-460d-91f9-b789c2bc26bc,1644074711075,"2022-02-05 20:55:11",1230.0,"",6b86fb91-20d2-4296-8fc0-11af8f5db354,Brewery,Expense,Cash
82fc2332-545d-4b5c-8f06-8b842c483826,1644074711075,"2022-02-05 20:55:11",500.0,"",10000000-0000-0000-0000-000000000001,Food,Expense,Cash
c230d11a-308f-4378-bcb4-1fc1bda25b17,1644074711075,"2022-02-05 20:55:11",8000.0,"",02380fa8-41a8-43fa-8e7b-2a579cfacfc2,Toxicity,Expense,Cash
84199d4d-5d0b-464f-915b-42b8fae18fb6,1644052707401,"2022-02-05 14:48:27",1300.0,"",10000000-0000-0000-0000-000000000004,"Eating out",Expense,Cash
d6e93e9d-ff08-4cdd-8cab-4aeec20a9aa8,1644052707401,"2022-02-05 14:48:27",360.0,"",02380fa8-41a8-43fa-8e7b-2a579cfacfc2,Toxicity,Expense,Cash
2ce97a56-3b59-4a10-8412-0c021f7fc5a1,1644052707401,"2022-02-05 14:48:27",400.0,"",6b86fb91-20d2-4296-8fc0-11af8f5db354,Brewery,Expense,Cash
13ebb40c-795f-4de8-a334-8624a15f91a4,1644052707401,"2022-02-05 14:48:27",200.0,"",02380fa8-41a8-43fa-8e7b-2a579cfacfc2,Toxicity,Expense,Cash
196367a4-701f-446e-95b4-79b301906ece,1644033540350,"2022-02-05 09:29:00",1000.0,"",10000000-0000-0000-0000-000000000004,"Eating out",Expense,Cash
0b81e19a-ef1d-403f-8442-7915286b37b0,1643967499718,"2022-02-04 15:08:19",250.0,"",10000000-0000-0000-0000-000000000004,"Eating out",Expense,Cash
8c068125-40b8-4249-ba53-bbe5c63de679,1643967499718,"2022-02-04 15:08:19",200.0,"",10000000-0000-0000-0000-000000000001,Food,Expense,Cash
96508c9a-3b60-4862-9693-6e2651f8aec6,1643947140350,"2022-02-04 09:29:00",5000.0,"",968edc2b-7a45-41ec-8be9-e213be5528f8,Fuel,Expense,Cash
d2923478-3ebb-4e6c-8bc9-16f1ece360e0,1643902935536,"2022-02-03 21:12:15",750.0,"",10000000-0000-0000-0000-000000000001,Food,Expense,Cash
ca58a834-2ae9-4890-89ed-b9420090b2d9,1643902927766,"2022-02-03 21:12:07",300.0,"",6b86fb91-20d2-4296-8fc0-11af8f5db354,Brewery,Expense,Cash
40e49f00-388c-41b6-9230-9454e08b5fe0,1643880637197,"2022-02-03 15:00:37",1000.0,"",10000000-0000-0000-0000-000000000004,"Eating out",Expense,Cash
d9bba74a-6663-4aa0-be28-5422ca17952c,1643879933348,"2022-02-03 14:48:53",1150.0,"",10000000-0000-0000-0000-000000000004,"Eating out",Expense,Cash
37f7e40a-2088-45ab-a2cd-4a639d34fcec,1643801587372,"2022-02-02 17:03:07",300.0,"",02380fa8-41a8-43fa-8e7b-2a579cfacfc2,Toxicity,Expense,Cash
00779111-7bab-46a1-bbff-470f7dfa7e9b,1643801587372,"2022-02-02 17:03:07",200.0,"",6b86fb91-20d2-4296-8fc0-11af8f5db354,Brewery,Expense,Cash
4d0eab32-f528-4f25-8cf4-91c0c66692e6,1643801587372,"2022-02-02 17:03:07",360.0,"",02380fa8-41a8-43fa-8e7b-2a579cfacfc2,Toxicity,Expense,Cash
02755f7a-e0b0-4d3b-9bac-336a9ab03340,1643794699718,"2022-02-02 15:08:19",240.0,"",6b86fb91-20d2-4296-8fc0-11af8f5db354,Brewery,Expense,Cash
3a0b514a-ea3e-4fe2-8e19-6ed1136ce291,1643794699718,"2022-02-02 15:08:19",1850.0,"",10000000-0000-0000-0000-000000000001,Food,Expense,Cash
65978a82-0f3d-4581-8962-9c0fc604df87,1643794699718,"2022-02-02 15:08:19",540.0,"",10000000-0000-0000-0000-000000000004,"Eating out",Expense,Cash
c82ef0ba-9c0c-447b-9f73-16788073ca41,1643793533348,"2022-02-02 14:48:53",3950.0,"",02380fa8-41a8-43fa-8e7b-2a579cfacfc2,Toxicity,Expense,Cash
f29c0fdd-a6fe-46a4-be7a-df4f89bb74be,1643730045843,"2022-02-01 21:10:45",200.0,"",10000000-0000-0000-0000-000000000001,Food,Expense,Cash
37948cf9-567c-4d26-9e7b-20ca6183cc58,1643707390871,"2022-02-01 14:53:10",360.0,"",02380fa8-41a8-43fa-8e7b-2a579cfacfc2,Toxicity,Expense,Cash
8d476ebb-4d24-4f77-90ce-88d1abf5173a,1643686531714,"2022-02-01 09:05:31",1200.0,"",10000000-0000-0000-0000-000000000004,"Eating out",Expense,Cash
6f6541f7-12de-4795-a01e-7adb3917cf48,1643644910207,"2022-01-31 21:31:50",5000.0,"",968edc2b-7a45-41ec-8be9-e213be5528f8,Fuel,Expense,Cash
62a91dcd-2772-445a-8bff-9feecff4f7e3,1643644910207,"2022-01-31 21:31:50",300.0,"",6b86fb91-20d2-4296-8fc0-11af8f5db354,Brewery,Expense,Cash
e01e79b4-abf7-4fe6-9268-cfef220e59ac,1643630295919,"2022-01-31 17:28:15",3050.0,"",10000000-0000-0000-0000-000000000004,"Eating out",Expense,Cash
8ec7ffbf-2ab2-4b6f-b9e8-88911d1f922e,1643630295919,"2022-01-31 17:28:15",330.0,"",02380fa8-41a8-43fa-8e7b-2a579cfacfc2,Toxicity,Expense,Cash
71abc317-13e2-4ef8-94a4-158649dbd9ff,1643630295919,"2022-01-31 17:28:15",9990.0,"",10000000-0000-0000-0000-000000000002,House,Expense,Cash
b1c10916-e19e-4eeb-abbe-c4ef3104e3b8,1643555991650,"2022-01-30 20:49:51",200.0,"",6b86fb91-20d2-4296-8fc0-11af8f5db354,Brewery,Expense,Cash
3f740a2f-7afa-41bc-9ed1-a86be4a0e7fe,1643555991650,"2022-01-30 20:49:51",4440.0,"",10000000-0000-0000-0000-000000000002,House,Expense,Cash
f8ade45f-0acf-42e5-b830-56068c54ff8d,1643529779169,"2022-01-30 13:32:59",3100.0,"",02380fa8-41a8-43fa-8e7b-2a579cfacfc2,Toxicity,Expense,Cash
08d888c9-3764-4960-ad38-0811f00129bf,1643529779169,"2022-01-30 13:32:59",2320.0,"",10000000-0000-0000-0000-000000000004,"Eating out",Expense,Cash
c9ab8419-8ed7-4f50-8a32-68186341fa81,1643473869154,"2022-01-29 22:01:09",1800.0,"",02380fa8-41a8-43fa-8e7b-2a579cfacfc2,Toxicity,Expense,Cash
3194061e-047d-426e-b054-2bfc88bd7c40,1643473869154,"2022-01-29 22:01:09",1150.0,"",02380fa8-41a8-43fa-8e7b-2a579cfacfc2,Toxicity,Expense,Cash
206f3758-6524-46a2-b364-088d35e65827,1643473869154,"2022-01-29 22:01:09",9700.0,"",02380fa8-41a8-43fa-8e7b-2a579cfacfc2,Toxicity,Expense,Cash
4799bff7-e674-4c38-bd3c-eb5f9997cd00,1643466896688,"2022-01-29 20:04:56",690.0,"",10000000-0000-0000-0000-000000000004,"Eating out",Expense,Cash
115f520c-20d7-4a7e-9075-f94dce02b057,1643458605171,"2022-01-29 17:46:45",180.0,"",02380fa8-41a8-43fa-8e7b-2a579cfacfc2,Toxicity,Expense,Cash
28bed279-103e-46c3-a878-d689d0f4f109,1643458605171,"2022-01-29 17:46:45",1000.0,"",d71face0-704a-49ff-8c96-9778abb5d2e3,Bike,Expense,Cash
5a963c36-16dd-47b8-80d5-f740b7e83061,1643439070552,"2022-01-29 12:21:10",250.0,"",10000000-0000-0000-0000-000000000004,"Eating out",Expense,Cash
2e1695c6-a7d7-4afd-b051-0968ebe7cfea,1643439070552,"2022-01-29 12:21:10",200.0,"",02380fa8-41a8-43fa-8e7b-2a579cfacfc2,Toxicity,Expense,Cash
e49b70e2-bdcd-49b0-895f-bae0bc2db625,1643387759573,"2022-01-28 22:05:59",1200.0,"",10000000-0000-0000-0000-000000000004,"Eating out",Expense,Cash
bd213e4e-9ed5-4f60-8313-022797a9a38b,1643382138388,"2022-01-28 20:32:18",180.0,"",02380fa8-41a8-43fa-8e7b-2a579cfacfc2,Toxicity,Expense,Cash
3b052c70-d507-4480-ac7a-00bba22219af,1643382138388,"2022-01-28 20:32:18",200.0,"",6b86fb91-20d2-4296-8fc0-11af8f5db354,Brewery,Expense,Cash
9a7dbd90-79db-49c6-9ccb-ddfbb2d2c1be,1643382138388,"2022-01-28 20:32:18",150.0,"",10000000-0000-0000-0000-000000000004,"Eating out",Expense,Cash
24a47752-d63e-40b3-9d25-dc779253a54f,1643380496688,"2022-01-28 20:04:56",800.0,"",10000000-0000-0000-0000-000000000004,"Eating out",Expense,Cash
87fb1541-fa5a-4466-9d37-36e8d715e564,1643352670552,"2022-01-28 12:21:10",360.0,"",02380fa8-41a8-43fa-8e7b-2a579cfacfc2,Toxicity,Expense,Cash
5dbbbaaa-ab37-4839-b026-882d4737e948,1643302752211,"2022-01-27 22:29:12",2800.0,"",02380fa8-41a8-43fa-8e7b-2a579cfacfc2,Toxicity,Expense,Cash
62008e69-334e-4345-b83f-4cfb64362bd2,1643302752211,"2022-01-27 22:29:12",1300.0,"",10000000-0000-0000-0000-000000000001,Food,Expense,Cash
e1e3a8e7-18e0-4ca8-8f55-8c05fc7c3427,1643302752211,"2022-01-27 22:29:12",5000.0,"",968edc2b-7a45-41ec-8be9-e213be5528f8,Fuel,Expense,Cash
8512547d-ec54-4415-80fe-808c3f65b93e,1643276815030,"2022-01-27 15:16:55",400.0,"",02380fa8-41a8-43fa-8e7b-2a579cfacfc2,Toxicity,Expense,Cash
10eae151-6f94-486a-951b-36f2c509b8d5,1643276815030,"2022-01-27 15:16:55",320.0,"",02380fa8-41a8-43fa-8e7b-2a579cfacfc2,Toxicity,Expense,Cash
2225baa5-7eb6-44a4-bbbf-47e00efa32c9,1643276815030,"2022-01-27 15:16:55",800.0,"",10000000-0000-0000-0000-000000000004,"Eating out",Expense,Cash
590ee5c9-eff3-4511-b8a3-8880732d0b21,1643276815030,"2022-01-27 15:16:55",360.0,"",02380fa8-41a8-43fa-8e7b-2a579cfacfc2,Toxicity,Expense,Cash
701ca14e-58aa-4cc3-8006-39113313ff00,1643123712113,"2022-01-25 20:45:12",580.0,"",02380fa8-41a8-43fa-8e7b-2a579cfacfc2,Toxicity,Expense,Cash
2b66ae75-d0ec-45d4-8b5f-36085a6d24c9,1643033350879,"2022-01-24 19:39:10",200.0,"",02380fa8-41a8-43fa-8e7b-2a579cfacfc2,Toxicity,Expense,Cash
df7e9577-8df3-4b18-a56d-b555710854ce,1643033350879,"2022-01-24 19:39:10",1140.0,"",02380fa8-41a8-43fa-8e7b-2a579cfacfc2,Toxicity,Expense,Cash
1734eebc-0475-49ff-add3-7197013b012b,1643027666366,"2022-01-24 18:04:26",420.0,"",02380fa8-41a8-43fa-8e7b-2a579cfacfc2,Toxicity,Expense,Cash
edab24bb-919c-408d-a8dc-c55b16512a87,1642770811562,"2022-01-21 18:43:31",1000.0,"",10000000-0000-0000-0000-000000000001,Food,Expense,Cash
de43e7d2-0e51-4e74-8073-3d15823a0076,1642770811562,"2022-01-21 18:43:31",600.0,"",10000000-0000-0000-0000-000000000001,Food,Expense,Cash
be5bc5dd-8127-4fd5-bfb8-791328f07813,1642770811562,"2022-01-21 18:43:31",300.0,"",10000000-0000-0000-0000-000000000001,Food,Expense,Cash
37f1f8a4-6cea-47bb-807b-8f37843fa087,1642770811562,"2022-01-21 18:43:31",300.0,"",10000000-0000-0000-0000-000000000004,"Eating out",Expense,Cash
5f2c6cf7-16b9-4dc2-b276-620a8ab7ff11,1642762789931,"2022-01-21 16:29:49",50.0,"",6b86fb91-20d2-4296-8fc0-11af8f5db354,Brewery,Expense,Cash
0306405a-10a5-4394-8467-c8a477eb9d37,1642762786131,"2022-01-21 16:29:46",380.0,"",02380fa8-41a8-43fa-8e7b-2a579cfacfc2,Toxicity,Expense,Cash
b66ca898-a35b-4fd7-8862-8a6e7bb4e280,1642743685391,"2022-01-21 11:11:25",400.0,"",10000000-0000-0000-0000-000000000004,"Eating out",Expense,Cash
6a939627-3afe-4838-a057-13bc3bc6d222,1642743682865,"2022-01-21 11:11:22",180.0,"",02380fa8-41a8-43fa-8e7b-2a579cfacfc2,Toxicity,Expense,Cash
101eb7d4-9d9a-4d78-9b14-abe6c8c0f3dc,1642701435991,"2022-01-20 23:27:15",500.0,"",10000000-0000-0000-0000-000000000001,Food,Expense,Cash
711010a1-8634-41d4-8097-cdb0eceb383a,1642701435991,"2022-01-20 23:27:15",800.0,"",10000000-0000-0000-0000-000000000001,Food,Expense,Cash
79e30e66-91c3-4437-916b-64ecefa43a9e,1642701435991,"2022-01-20 23:27:15",2610.0,"",02380fa8-41a8-43fa-8e7b-2a579cfacfc2,Toxicity,Expense,Cash
4a5e0a00-8203-4245-a587-544bf3f42838,1642701435991,"2022-01-20 23:27:15",1180.0,"",10000000-0000-0000-0000-000000000002,House,Expense,Cash
a2f32a92-4cef-47ff-9bd6-bb759fa71325,1642701435991,"2022-01-20 23:27:15",1700.0,"",10000000-0000-0000-0000-000000000002,House,Expense,Cash
e6d76c38-9df4-4109-88b3-7e07edce9f12,1642692564989,"2022-01-20 20:59:24",1350.0,"",10000000-0000-0000-0000-000000000002,House,Expense,Cash
31771053-506e-45e0-8aae-73fd7d883d21,1642689991246,"2022-01-20 20:16:31",180.0,"",02380fa8-41a8-43fa-8e7b-2a579cfacfc2,Toxicity,Expense,Cash
0bfc4c28-1af5-4fc1-ab70-c84f2780bb7a,1642689988272,"2022-01-20 20:16:28",200.0,"",6b86fb91-20d2-4296-8fc0-11af8f5db354,Brewery,Expense,Cash
1f35df77-28a2-42c2-8011-b8553691572d,1642680796422,"2022-01-20 17:43:16",2200.0,"",10000000-0000-0000-0000-000000000002,House,Expense,Cash
089ba640-da48-4152-83a7-adddf8589078,1642679215821,"2022-01-20 17:16:55",5420.0,"",10000000-0000-0000-0000-000000000002,House,Expense,Cash
034e5fed-c0a0-4908-bde4-7000709fdd29,1642606118306,"2022-01-19 20:58:38",400.0,"",10000000-0000-0000-0000-000000000001,Food,Expense,Cash
a31cb716-53dd-4632-95f6-df5887174328,1642534486131,"2022-01-19 01:04:46",2610.0,"",02380fa8-41a8-43fa-8e7b-2a579cfacfc2,Toxicity,Expense,Cash
57424b2e-eef6-42f1-991d-d556fa96f5cb,1642534486131,"2022-01-19 01:04:46",1260.0,"",10000000-0000-0000-0000-000000000001,Food,Expense,Cash
11b8ab03-8293-4e33-a1db-9c1593055b52,1642516601576,"2022-01-18 20:06:41",500.0,"",10000000-0000-0000-0000-000000000002,House,Expense,Cash
47583eac-00ec-4c1d-ae5e-1cc223d02836,1642508356733,"2022-01-18 17:49:16",4000.0,"",10000000-0000-0000-0000-000000000003,Car,Expense,Cash
5fd88091-9ff6-4539-8fbc-b389b44601d2,1642508356733,"2022-01-18 17:49:16",360.0,"",02380fa8-41a8-43fa-8e7b-2a579cfacfc2,Toxicity,Expense,Cash
4cdb17c6-f2b1-41ed-84c6-5a2c3b10ca20,1642425485140,"2022-01-17 18:48:05",3530.0,Dhani,10000000-0000-0000-0000-000000000012,Bills,Expense,Cash
bb0be710-cec4-4393-95dc-9486c2aad0ee,1642349434801,"2022-01-16 21:40:34",1470.0,"",02380fa8-41a8-43fa-8e7b-2a579cfacfc2,Toxicity,Expense,Cash
a839c76a-b6c3-48cf-800e-f121b7591378,1642349434801,"2022-01-16 21:40:34",580.0,"",10000000-0000-0000-0000-000000000002,House,Expense,Cash
c8f9ba50-12bb-4c69-a5bc-c38ef1d87ffb,1642312341860,"2022-01-16 11:22:21",2600.0,"",10000000-0000-0000-0000-000000000001,Food,Expense,Cash
c187e0e1-6581-4015-a0e9-290bb91d1548,1642234931769,"2022-01-15 13:52:11",200.0,"",02380fa8-41a8-43fa-8e7b-2a579cfacfc2,Toxicity,Expense,Cash
c335db3e-4cad-4a1b-832a-8fd643e31931,1642231586443,"2022-01-15 12:56:26",500.0,"",10000000-0000-0000-0000-000000000002,House,Expense,Cash
e62a04b0-1e4d-473f-8eed-25ec12fad128,1642225941860,"2022-01-15 11:22:21",6500.0,"",7adc3dbd-e8b1-494f-8685-6c84d84c4f96,Hospital,Expense,Cash
bbf69f2f-1df8-4683-a7aa-e6fff1c7fbd9,1642151271719,"2022-01-14 14:37:51",380.0,"",02380fa8-41a8-43fa-8e7b-2a579cfacfc2,Toxicity,Expense,Cash
59eb040a-e52c-4f6a-8eec-ddf7d69c9b7d,1642071460733,"2022-01-13 16:27:40",180.0,"",02380fa8-41a8-43fa-8e7b-2a579cfacfc2,Toxicity,Expense,Cash
0f6aec3e-7c90-40a7-8d09-2d6c597512e3,1642061558994,"2022-01-13 13:42:38",3200.0,"",10000000-0000-0000-0000-000000000001,Food,Expense,Cash
49c67c6d-0932-4707-8d21-190e652aeb1a,1642061558994,"2022-01-13 13:42:38",1650.0,"",10000000-0000-0000-0000-000000000004,"Eating out",Expense,Cash
a5ff5c4f-1969-4714-a495-d73a8e72841c,1642047282601,"2022-01-13 09:44:42",180.0,"",02380fa8-41a8-43fa-8e7b-2a579cfacfc2,Toxicity,Expense,Cash
1f0e9459-cc25-4846-8cbb-e6517a753da6,1642047282601,"2022-01-13 09:44:42",50.0,"",6b86fb91-20d2-4296-8fc0-11af8f5db354,Brewery,Expense,Cash
a22e8c5d-e2b7-4752-8e7b-93e5ae804724,1642047282601,"2022-01-13 09:44:42",180.0,"",02380fa8-41a8-43fa-8e7b-2a579cfacfc2,Toxicity,Expense,Cash
717852ee-0f60-4e40-9675-282ec3e67bd8,1642012789442,"2022-01-13 00:09:49",360.0,"",02380fa8-41a8-43fa-8e7b-2a579cfacfc2,Toxicity,Expense,Cash
5f0b50f3-fc48-4ffc-ab5d-bbb57866b681,1641984834657,"2022-01-12 16:23:54",200.0,"",02380fa8-41a8-43fa-8e7b-2a579cfacfc2,Toxicity,Expense,Cash
b83f6561-3be3-49c5-aa69-aa1af7f0f6bb,1641984834657,"2022-01-12 16:23:54",180.0,"",02380fa8-41a8-43fa-8e7b-2a579cfacfc2,Toxicity,Expense,Cash
c82c07b2-d69e-4659-9b05-9e6a01221489,1641978860326,"2022-01-12 14:44:20",200.0,"",02380fa8-41a8-43fa-8e7b-2a579cfacfc2,Toxicity,Expense,Cash
61044b37-3273-4317-93fd-9c4385da1952,1641978860326,"2022-01-12 14:44:20",250.0,"",10000000-0000-0000-0000-000000000004,"Eating out",Expense,Cash
824bcb04-11b0-4c26-a9dc-6b8045e9f64b,1641978860326,"2022-01-12 14:44:20",500.0,"",10000000-0000-0000-0000-000000000004,"Eating out",Expense,Cash
97304e5c-599b-4224-aed0-c013926a9faf,1641907366454,"2022-01-11 18:52:46",360.0,"",02380fa8-41a8-43fa-8e7b-2a579cfacfc2,Toxicity,Expense,Cash
4341cb7d-d256-4405-9424-9c21c6c9b1c9,1641907366454,"2022-01-11 18:52:46",500.0,"",10000000-0000-0000-0000-000000000004,"Eating out",Expense,Cash
ccb97ff4-a148-46ff-9226-1ba199a0f8cf,1641894321132,"2022-01-11 15:15:21",400.0,"",02380fa8-41a8-43fa-8e7b-2a579cfacfc2,Toxicity,Expense,Cash
f90b535b-47aa-4db9-bd18-95a3bc8dd62b,1641894318376,"2022-01-11 15:15:18",200.0,"",6b86fb91-20d2-4296-8fc0-11af8f5db354,Brewery,Expense,Cash
0746c1d3-c107-48a9-ba60-7876f64884e5,1641882063055,"2022-01-11 11:51:03",250.0,"",10000000-0000-0000-0000-000000000004,"Eating out",Expense,Cash
fb3fba18-a895-433d-a234-459511977404,1641882063055,"2022-01-11 11:51:03",180.0,"",02380fa8-41a8-43fa-8e7b-2a579cfacfc2,Toxicity,Expense,Cash
f4f02093-6173-416e-98d7-e613e910e2d1,1641843506295,"2022-01-11 01:08:26",1000.0,"",10000000-0000-0000-0000-000000000001,Food,Expense,Cash
3e8b4b91-b874-478d-814f-65f6a315d165,1641843506295,"2022-01-11 01:08:26",1000.0,"",10000000-0000-0000-0000-000000000004,"Eating out",Expense,Cash
ae791133-45a5-42c9-89d9-ff23105fdfaf,1641834611526,"2022-01-10 22:40:11",200.0,"",6b86fb91-20d2-4296-8fc0-11af8f5db354,Brewery,Expense,Cash
e708d6a5-e15a-47ab-9ee7-66d21f095ad8,1641834611526,"2022-01-10 22:40:11",1200.0,"",10000000-0000-0000-0000-000000000001,Food,Expense,Cash
e588a38d-57b6-431c-8784-79b480997038,1641834611526,"2022-01-10 22:40:11",100.0,"",10000000-0000-0000-0000-000000000002,House,Expense,Cash
16c9f5a7-e7b0-4f57-8f72-008a3ea33462,1641818982275,"2022-01-10 18:19:42",760.0,"",02380fa8-41a8-43fa-8e7b-2a579cfacfc2,Toxicity,Expense,Cash
f635f611-9791-4105-9478-8bc60a84eedc,1641804674665,"2022-01-10 14:21:14",700.0,"",10000000-0000-0000-0000-000000000004,"Eating out",Expense,Cash
f0c19a50-4c95-48ff-be04-89d2b75d2108,1641753287937,"2022-01-10 00:04:47",3600.0,"",02380fa8-41a8-43fa-8e7b-2a579cfacfc2,Toxicity,Expense,Cash
9760e381-beb3-485e-a420-c2daa0de8be5,1641750592428,"2022-01-09 23:19:52",174190.0,"",10000000-0000-0000-0000-00000000000f,Salary,Income,Cash
7a80bb90-87e4-414f-9a9f-012237db0290,1641748234340,"2022-01-09 22:40:34",720.0,"",02380fa8-41a8-43fa-8e7b-2a579cfacfc2,Toxicity,Expense,Cash
1bb6ba74-a1fc-4a55-824b-b83ea3ecae04,1641748114848,"2022-01-09 22:38:34",2900.0,"",02380fa8-41a8-43fa-8e7b-2a579cfacfc2,Toxicity,Expense,Cash
acb5eed9-ebee-4c97-9a9f-715482293d1c,1641747837435,"2022-01-09 22:33:57",1650.0,"",10000000-0000-0000-0000-000000000001,Food,Expense,Cash
43226bb8-9e8e-4c2a-ada9-baf91cdab56f,1641747398427,"2022-01-09 22:26:38",2040.0,"",10000000-0000-0000-0000-000000000002,House,Expense,Cash
ebac4550-ab33-45b8-882f-c1d3de727a80,1641742181839,"2022-01-09 20:59:41",3000.0,"",02380fa8-41a8-43fa-8e7b-2a579cfacfc2,Toxicity,Expense,Cash
5e88d6eb-2749-44ce-b9f9-c0996b808d78,1641742181839,"2022-01-09 20:59:41",1000.0,"",10000000-0000-0000-0000-000000000002,House,Expense,Cash
4bcef71b-b7e0-4e66-86a1-b46f68cb5ee1,1641742181839,"2022-01-09 20:59:41",600.0,"",10000000-0000-0000-0000-000000000004,"Eating out",Expense,Cash
7a18acae-9337-49ac-b7e3-6409a67712dd,1641742181839,"2022-01-09 20:59:41",1080.0,"",02380fa8-41a8-43fa-8e7b-2a579cfacfc2,Toxicity,Expense,Cash
c67568b6-6a07-40c6-95e2-1471770149a0,1641668883621,"2022-01-09 00:38:03",1260.0,"",10000000-0000-0000-0000-000000000001,Food,Expense,Cash
b5d49d57-51be-431a-91d5-b545122b9f58,1641656103782,"2022-01-08 21:05:03",3100.0,"",02380fa8-41a8-43fa-8e7b-2a579cfacfc2,Toxicity,Expense,Cash
910553e9-a744-4bc0-aaa8-bd9801089ead,1641656103782,"2022-01-08 21:05:03",360.0,"",02380fa8-41a8-43fa-8e7b-2a579cfacfc2,Toxicity,Expense,Cash
b818aecf-16db-4a27-99f1-6a63a9cf9d84,1641643203440,"2022-01-08 17:30:03",2100.0,"",10000000-0000-0000-0000-000000000004,"Eating out",Expense,Cash
52866e85-0659-45e8-97e3-4735f3706d10,1641643203440,"2022-01-08 17:30:03",1000.0,"",d71face0-704a-49ff-8c96-9778abb5d2e3,Bike,Expense,Cash
bd220149-75fa-47de-947d-c4bba99b57a1,1641643203440,"2022-01-08 17:30:03",360.0,"",02380fa8-41a8-43fa-8e7b-2a579cfacfc2,Toxicity,Expense,Cash
0ea6e757-47ce-4896-a52a-ae19735f41e6,1641630258150,"2022-01-08 13:54:18",1980.0,"",02380fa8-41a8-43fa-8e7b-2a579cfacfc2,Toxicity,Expense,Cash
78670f32-a3a0-45ba-9340-e2f789d9aee8,1641615623666,"2022-01-08 09:50:23",1890.0,"",10000000-0000-0000-0000-000000000012,Bills,Expense,Cash
cde56024-5a27-4623-8f3d-0bc91d414788,1641610056524,"2022-01-08 08:17:36",500.0,"",10000000-0000-0000-0000-000000000004,"Eating out",Expense,Cash
4c3b4019-0d05-46f9-9a2e-9991e5322b50,1641610056524,"2022-01-08 08:17:36",180.0,"",6b86fb91-20d2-4296-8fc0-11af8f5db354,Brewery,Expense,Cash
f28ba9db-427e-4f81-8792-96bcc52cf0e0,1641610056524,"2022-01-08 08:17:36",180.0,"",02380fa8-41a8-43fa-8e7b-2a579cfacfc2,Toxicity,Expense,Cash
9c4a3421-e0bd-45c3-bc92-81e927c6221f,1641543858150,"2022-01-07 13:54:18",5000.0,"",968edc2b-7a45-41ec-8be9-e213be5528f8,Fuel,Expense,Cash
420548a4-a3a1-4666-b610-6c30f59043cd,1641539697263,"2022-01-07 12:44:57",10000.0,"",10000000-0000-0000-0000-000000000002,House,Expense,Cash
63928183-126c-4772-ac02-c32f64d23789,1641535548646,"2022-01-07 11:35:48",740.0,"",02380fa8-41a8-43fa-8e7b-2a579cfacfc2,Toxicity,Expense,Cash
2b7d45a6-c242-4663-aa86-d113c32b4a07,1641535548646,"2022-01-07 11:35:48",500.0,"",10000000-0000-0000-0000-000000000004,"Eating out",Expense,Cash
356aed9d-cb7f-4d2e-9b07-6ee4e628df30,1641529223666,"2022-01-07 09:50:23",360.0,"",02380fa8-41a8-43fa-8e7b-2a579cfacfc2,Toxicity,Expense,Cash
89f7f4af-c580-4094-9b05-18e87190af22,1641529223666,"2022-01-07 09:50:23",30000.0,"",10000000-0000-0000-0000-000000000002,House,Expense,Cash
4eb6c1b4-ab01-4a1e-80d7-265c270da977,1641529223666,"2022-01-07 09:50:23",900.0,"",10000000-0000-0000-0000-000000000004,"Eating out",Expense,Cash
fe6461f6-7ba6-4500-9264-e10ff711f76a,1641529223666,"2022-01-07 09:50:23",20370.0,"",10000000-0000-0000-0000-000000000002,House,Expense,Cash
ebfbc9c6-177d-4990-8bb8-87fcc83d6e68,1641529223666,"2022-01-07 09:50:23",2000.0,"",10000000-0000-0000-0000-000000000002,House,Expense,Cash
4d0148ed-a739-443c-b699-711c0b4a3b1c,1641529223666,"2022-01-07 09:50:23",360.0,"",02380fa8-41a8-43fa-8e7b-2a579cfacfc2,Toxicity,Expense,Cash
6fc3852b-aac6-428e-be5e-0f02dae4c038,1641529223666,"2022-01-07 09:50:23",10740.0,"",10000000-0000-0000-0000-000000000004,"Eating out",Expense,Cash
648b9dc7-97e0-4844-8ab3-49a5b1e7b9be,1641529223666,"2022-01-07 09:50:23",400.0,"",10000000-0000-0000-0000-000000000002,House,Expense,Cash
92a1fc20-0762-4c92-97ff-feb134b669ac,1641529223666,"2022-01-07 09:50:23",7500.0,"",10000000-0000-0000-0000-000000000002,House,Expense,Cash
0aa5db2f-91c9-4b08-9af8-bad56989a506,1641525991892,"2022-01-07 08:56:31",150.0,"",6b86fb91-20d2-4296-8fc0-11af8f5db354,Brewery,Expense,Cash
dcad92b8-3c50-42ef-baad-23eca8d142be,1641475961383,"2022-01-06 19:02:41",540.0,"",02380fa8-41a8-43fa-8e7b-2a579cfacfc2,Toxicity,Expense,Cash
6dd6beee-585c-4f9b-aa15-666e94d91f11,1641475961383,"2022-01-06 19:02:41",200.0,"",6b86fb91-20d2-4296-8fc0-11af8f5db354,Brewery,Expense,Cash
768b7519-fb2f-4187-8c16-d6f7e2b55cb3,1641475961383,"2022-01-06 19:02:41",150.0,"",6b86fb91-20d2-4296-8fc0-11af8f5db354,Brewery,Expense,Cash
4c917c76-0275-4cfc-9617-e1b843736f2f,1641475961383,"2022-01-06 19:02:41",180.0,"",02380fa8-41a8-43fa-8e7b-2a579cfacfc2,Toxicity,Expense,Cash
86891df4-fd13-40e4-9e3c-fb2e3471880b,1641457073794,"2022-01-06 13:47:53",800.0,"",10000000-0000-0000-0000-000000000004,"Eating out",Expense,Cash
40c62f42-e731-4646-9d3d-fe06105e9f85,1641439591892,"2022-01-06 08:56:31",140000.0,"",10000000-0000-0000-0000-000000000010,Savings,Income,Cash
662aca8e-c327-4c53-bc0a-e1826d791fb5,1641375387657,"2022-01-05 15:06:27",200.0,"",6b86fb91-20d2-4296-8fc0-11af8f5db354,Brewery,Expense,Cash
95f94fed-8850-4ab0-ac72-bee60dd98022,1641375387657,"2022-01-05 15:06:27",400.0,"",02380fa8-41a8-43fa-8e7b-2a579cfacfc2,Toxicity,Expense,Cash
18b8b534-d190-42bd-8d42-530aee5ebb13,1641373770886,"2022-01-05 14:39:30",850.0,"",10000000-0000-0000-0000-000000000004,"Eating out",Expense,Cash
0f11d269-dcad-4e13-b1ba-7a69309adf3e,1641290322498,"2022-01-04 15:28:42",200.0,"",6b86fb91-20d2-4296-8fc0-11af8f5db354,Brewery,Expense,Cash
66e05ac9-7316-44fe-90f1-6cec8c4c357f,1641290322498,"2022-01-04 15:28:42",180.0,"",02380fa8-41a8-43fa-8e7b-2a579cfacfc2,Toxicity,Expense,Cash
4ab9ea5c-5e82-4ef7-a332-de6332bba354,1641290322498,"2022-01-04 15:28:42",180.0,"",02380fa8-41a8-43fa-8e7b-2a579cfacfc2,Toxicity,Expense,Cash
8aff6971-6f3c-41d1-9538-599b22f31d49,1641290319316,"2022-01-04 15:28:39",1200.0,"",10000000-0000-0000-0000-000000000004,"Eating out",Expense,Cash
81540a89-94ae-41af-ac5d-a92e3278aa53,1641289299592,"2022-01-04 15:11:39",150.0,"",6b86fb91-20d2-4296-8fc0-11af8f5db354,Brewery,Expense,Cash
eb39a4eb-a37b-4471-8021-cae94e853fc9,1641133062933,"2022-01-02 19:47:42",150.0,"",6b86fb91-20d2-4296-8fc0-11af8f5db354,Brewery,Expense,Cash
92703ae1-b21c-45f1-a699-977d69a1d166,1641133062933,"2022-01-02 19:47:42",150.0,"",10000000-0000-0000-0000-000000000001,Food,Expense,Cash
a7beb7a1-15de-4e36-b25e-94447c2699af,1641112622968,"2022-01-02 14:07:02",1700.0,"",02380fa8-41a8-43fa-8e7b-2a579cfacfc2,Toxicity,Expense,Cash
7ed782cc-69d6-49ac-b95f-289f45f0a5a2,1641112622968,"2022-01-02 14:07:02",3290.0,"",10000000-0000-0000-0000-000000000002,House,Expense,Cash
2a25f252-5f49-4293-bc01-7d2b6c8cc728,1641112622968,"2022-01-02 14:07:02",350.0,"",6b86fb91-20d2-4296-8fc0-11af8f5db354,Brewery,Expense,Cash
0179fd7a-84af-4f18-9ea4-9790f04f3b43,1641029314016,"2022-01-01 14:58:34",360.0,"",02380fa8-41a8-43fa-8e7b-2a579cfacfc2,Toxicity,Expense,Cash
a2a16008-8b9f-4fe0-92d1-03f401c392f1,1641029314016,"2022-01-01 14:58:34",300.0,"",6b86fb91-20d2-4296-8fc0-11af8f5db354,Brewery,Expense,Cash
2a853d9d-10e4-4e72-9435-0160afae25ad,1641026222968,"2022-01-01 14:07:02",5000.0,"",968edc2b-7a45-41ec-8be9-e213be5528f8,Fuel,Expense,Cash
ba650906-f610-4b5a-b22f-1425e8bdb86d,1640939822968,"2021-12-31 14:07:02",30000.0,"",02380fa8-41a8-43fa-8e7b-2a579cfacfc2,Toxicity,Expense,Cash
dfef5f8b-25fa-4777-8865-c95994e5d9fd,1640939822968,"2021-12-31 14:07:02",18990.0,"",1356556b-523d-42d8-a52c-a187da9c433c,health,Expense,Cash
9d0403c4-eb7e-4cb7-92d0-bbf812416bc8,1640924082601,"2021-12-31 09:44:42",5000.0,"",10000000-0000-0000-0000-000000000011,Deposits,Income,Cash
866e9135-ecd8-4956-9dce-034a1bf77e2a,1640878571661,"2021-12-30 21:06:11",650.0,"",10000000-0000-0000-0000-000000000001,Food,Expense,Cash
4018750e-8494-4dde-af62-0deefa955991,1640878571661,"2021-12-30 21:06:11",180.0,"",02380fa8-41a8-43fa-8e7b-2a579cfacfc2,Toxicity,Expense,Cash
c225462a-4a11-4a83-8006-2c2914ec4d75,1640857441688,"2021-12-30 15:14:01",180.0,"",02380fa8-41a8-43fa-8e7b-2a579cfacfc2,Toxicity,Expense,Cash
39fd005a-ad76-4a7d-8f2e-c1e852da3ac1,1640842100380,"2021-12-30 10:58:20",380.0,"",02380fa8-41a8-43fa-8e7b-2a579cfacfc2,Toxicity,Expense,Cash
967d79bc-10d4-4ebe-9994-d1fc25bc6c63,1640842100380,"2021-12-30 10:58:20",300.0,"",10000000-0000-0000-0000-000000000004,"Eating out",Expense,Cash
e08e2807-24d6-418f-ba01-fa247dbcfd2c,1640798749552,"2021-12-29 22:55:49",3000.0,"",10000000-0000-0000-0000-000000000004,"Eating out",Expense,Cash
4da363be-91e1-4c20-98bf-d8bba59b5371,1640798749552,"2021-12-29 22:55:49",1700.0,"",02380fa8-41a8-43fa-8e7b-2a579cfacfc2,Toxicity,Expense,Cash
69359d1d-3bd5-4a0e-9bab-80efffb6ff09,1640785265016,"2021-12-29 19:11:05",500.0,"",10000000-0000-0000-0000-000000000001,Food,Expense,Cash
35ed0358-4491-4820-9b8b-79b2cc3c949b,1640749966524,"2021-12-29 09:22:46",150.0,"",6b86fb91-20d2-4296-8fc0-11af8f5db354,Brewery,Expense,Cash
b9ac6036-5a49-4c2a-bee1-1914df16dbe1,1640666736808,"2021-12-28 10:15:36",1080.0,"",02380fa8-41a8-43fa-8e7b-2a579cfacfc2,Toxicity,Expense,Cash
36c1f5d8-2ce4-48dd-b8d2-96630e100675,1640611596430,"2021-12-27 18:56:36",150.0,"",6b86fb91-20d2-4296-8fc0-11af8f5db354,Brewery,Expense,Cash
85eb2f17-3d18-42fc-9e5e-b873090451db,1640611596430,"2021-12-27 18:56:36",720.0,"",02380fa8-41a8-43fa-8e7b-2a579cfacfc2,Toxicity,Expense,Cash
6c5bbbb7-ab82-4507-83fc-d6f1efb1d1ac,1640598222872,"2021-12-27 15:13:42",1200.0,"",10000000-0000-0000-0000-000000000004,"Eating out",Expense,Cash
06951dd9-7c9f-4f34-a56e-c10f178bf5b9,1640584012596,"2021-12-27 11:16:52",200.0,"",02380fa8-41a8-43fa-8e7b-2a579cfacfc2,Toxicity,Expense,Cash
7c243158-72ab-4718-87d4-05a28dfe1522,1640584012596,"2021-12-27 11:16:52",50.0,"",6b86fb91-20d2-4296-8fc0-11af8f5db354,Brewery,Expense,Cash
137014cc-3c2d-4699-9649-c7b1f8783daa,1640520230755,"2021-12-26 17:33:50",180.0,"",02380fa8-41a8-43fa-8e7b-2a579cfacfc2,Toxicity,Expense,Cash
b18f5eec-f42a-48ac-91f4-01295bf5dd6e,1640520230755,"2021-12-26 17:33:50",350.0,"",6b86fb91-20d2-4296-8fc0-11af8f5db354,Brewery,Expense,Cash
1f2acf16-92fe-4261-af6f-fec25720e0b5,1640520230755,"2021-12-26 17:33:50",1200.0,"",10000000-0000-0000-0000-000000000004,"Eating out",Expense,Cash
0dc1bad0-4870-49e4-b0da-0f32a8f7e4ce,1640496166749,"2021-12-26 10:52:46",150.0,"",6b86fb91-20d2-4296-8fc0-11af8f5db354,Brewery,Expense,Cash
c590e976-4c3f-4cc9-955f-51ebace71197,1640496166749,"2021-12-26 10:52:46",180.0,"",02380fa8-41a8-43fa-8e7b-2a579cfacfc2,Toxicity,Expense,Cash
4e5d586f-cdd6-4fd7-989f-ea2fde84da20,1640496166749,"2021-12-26 10:52:46",400.0,"",10000000-0000-0000-0000-000000000004,"Eating out",Expense,Cash
614f7e78-8677-41c2-947d-0f538d3270c9,1640422475558,"2021-12-25 14:24:35",400.0,"",02380fa8-41a8-43fa-8e7b-2a579cfacfc2,Toxicity,Expense,Cash
d0790e09-0c47-4fb0-8479-4df66e0dafbc,1640422475558,"2021-12-25 14:24:35",1000.0,"",10000000-0000-0000-0000-000000000004,"Eating out",Expense,Cash
d693daed-d911-4de5-89ee-71f3afe1d878,1640404091224,"2021-12-25 09:18:11",300.0,"",10000000-0000-0000-0000-000000000004,"Eating out",Expense,Cash
93f248e6-c306-463b-859d-7421a2b447a7,1640404091224,"2021-12-25 09:18:11",150.0,"",6b86fb91-20d2-4296-8fc0-11af8f5db354,Brewery,Expense,Cash
5ec8105b-a4f3-4f86-b13a-1c1586eb7cee,1640364193037,"2021-12-24 22:13:13",300.0,"",10000000-0000-0000-0000-000000000004,"Eating out",Expense,Cash
7a92f1dc-ba4f-4184-bd99-3265f2fe4fa5,1640364193037,"2021-12-24 22:13:13",400.0,"",02380fa8-41a8-43fa-8e7b-2a579cfacfc2,Toxicity,Expense,Cash
483ae778-c512-48c5-a81a-f892165114f1,1640355235535,"2021-12-24 19:43:55",650.0,"",10000000-0000-0000-0000-000000000004,"Eating out",Expense,Cash
edb22b2b-cf02-4b6c-ab26-a308d6b7063b,1640355235535,"2021-12-24 19:43:55",580.0,"",02380fa8-41a8-43fa-8e7b-2a579cfacfc2,Toxicity,Expense,Cash
9dfea59a-2834-4226-9454-ed2acc2c77d4,1640251612411,"2021-12-23 14:56:52",180.0,"",02380fa8-41a8-43fa-8e7b-2a579cfacfc2,Toxicity,Expense,Cash
c29470ab-c4f1-44af-ac2f-504c9dd1cde5,1640251612411,"2021-12-23 14:56:52",1000.0,"",d71face0-704a-49ff-8c96-9778abb5d2e3,Bike,Expense,Cash
6f4995de-cbb3-4ae0-83d6-409247464109,1640251590268,"2021-12-23 14:56:30",150.0,"",6b86fb91-20d2-4296-8fc0-11af8f5db354,Brewery,Expense,Cash
8a0034a7-31bb-4092-a890-29913ec7edb4,1640251590268,"2021-12-23 14:56:30",180.0,"",02380fa8-41a8-43fa-8e7b-2a579cfacfc2,Toxicity,Expense,Cash
37bcba2f-dcfd-4330-b789-907305c44f39,1640251590268,"2021-12-23 14:56:30",400.0,"",10000000-0000-0000-0000-000000000004,"Eating out",Expense,Cash
671bfc32-d458-4bf1-a41b-ef166610ed0d,1640231533832,"2021-12-23 09:22:13",800.0,"",10000000-0000-0000-0000-000000000001,Food,Expense,Cash
b7bb8f7a-dfbf-4897-883b-ba03caa4031c,1640231533832,"2021-12-23 09:22:13",150.0,"",6b86fb91-20d2-4296-8fc0-11af8f5db354,Brewery,Expense,Cash
8d805c5e-0e70-4842-8513-a7cd68f00b9f,1640224938216,"2021-12-23 07:32:18",2750.0,"",7adc3dbd-e8b1-494f-8685-6c84d84c4f96,Hospital,Expense,Cash
517f886e-0da1-46e5-ac9a-9782ffe510c9,1640224926526,"2021-12-23 07:32:06",450.0,"",10000000-0000-0000-0000-000000000001,Food,Expense,Cash
4bd56722-2b79-454e-9ed6-5ce40a672610,1640104664575,"2021-12-21 22:07:44",5000.0,Massage,1356556b-523d-42d8-a52c-a187da9c433c,health,Expense,Cash
6e6fd9cd-dcfe-4c80-81b8-32bbefe3ac0a,1640104664575,"2021-12-21 22:07:44",500.0,"",10000000-0000-0000-0000-000000000001,Food,Expense,Cash
15ee4f2a-c883-449b-8418-9988275d048e,1640075860301,"2021-12-21 14:07:40",800.0,"",10000000-0000-0000-0000-000000000001,Food,Expense,Cash
cd13c9c7-7cb6-421f-bead-d7c4a84375e2,1640075860301,"2021-12-21 14:07:40",450.0,"",6b86fb91-20d2-4296-8fc0-11af8f5db354,Brewery,Expense,Cash
058d94c3-ce3c-451c-a08f-3125bd6d290f,1640075853847,"2021-12-21 14:07:33",2500.0,"",02380fa8-41a8-43fa-8e7b-2a579cfacfc2,Toxicity,Expense,Cash
19923858-7015-4926-8d3d-2665f3e5a1da,1640056024168,"2021-12-21 08:37:04",150.0,"",6b86fb91-20d2-4296-8fc0-11af8f5db354,Brewery,Expense,Cash
9450f5fe-8fed-4700-bf7b-738994fb3158,1640056024168,"2021-12-21 08:37:04",300.0,"",10000000-0000-0000-0000-000000000001,Food,Expense,Cash
ac6fbe09-e843-4241-94aa-4b25e46c2082,1640048686793,"2021-12-21 06:34:46",5000.0,"",968edc2b-7a45-41ec-8be9-e213be5528f8,Fuel,Expense,Cash
5c0497fb-8f70-4f5f-a043-7f5c45a17309,1639994503697,"2021-12-20 15:31:43",1420.0,"",10000000-0000-0000-0000-000000000002,House,Expense,Cash
55a2d007-6787-4060-9c99-23b048b7d16c,1639817602281,"2021-12-18 14:23:22",450.0,"",10000000-0000-0000-0000-000000000004,"Eating out",Expense,Cash
c31bcc37-ecf9-4cfb-aa8c-fe58725124fd,1639817602281,"2021-12-18 14:23:22",4000.0,"",10000000-0000-0000-0000-000000000007,Entertainment,Expense,Cash
5e2c357d-0d21-4fb8-af85-42a088fc7152,1639817602281,"2021-12-18 14:23:22",1500.0,"",10000000-0000-0000-0000-000000000007,Entertainment,Expense,Cash
27e42579-e4b4-43db-827a-0433da014302,1639719965574,"2021-12-17 11:16:05",180.0,"",02380fa8-41a8-43fa-8e7b-2a579cfacfc2,Toxicity,Expense,Cash
c83d0644-5c1f-4cca-99f2-df079b76ee0e,1639719965574,"2021-12-17 11:16:05",650.0,"",10000000-0000-0000-0000-000000000004,"Eating out",Expense,Cash
d1863098-8741-4f66-9b0b-4b64c67c2651,1639667298580,"2021-12-16 20:38:18",4000.0,"",10000000-0000-0000-0000-000000000004,"Eating out",Expense,Cash
7628748a-f91f-4653-a4fa-c53d1d791ff6,1639667298580,"2021-12-16 20:38:18",4000.0,"",6b86fb91-20d2-4296-8fc0-11af8f5db354,Brewery,Expense,Cash
6d534f09-003a-426c-a2ab-a62198e3d112,1639635264723,"2021-12-16 11:44:24",360.0,"",02380fa8-41a8-43fa-8e7b-2a579cfacfc2,Toxicity,Expense,Cash
67b5b4c5-0b1e-4345-906e-ba7f9a22f39d,1639633565574,"2021-12-16 11:16:05",240.0,"",10000000-0000-0000-0000-000000000004,"Eating out",Expense,Cash
b2234f82-cd90-44fe-862d-39ab8afab542,1639633565574,"2021-12-16 11:16:05",180.0,"",02380fa8-41a8-43fa-8e7b-2a579cfacfc2,Toxicity,Expense,Cash
a8023473-9c3d-40d7-96a3-38975211a2b0,1639633565574,"2021-12-16 11:16:05",1700.0,"",02380fa8-41a8-43fa-8e7b-2a579cfacfc2,Toxicity,Expense,Cash
9d8fd68b-c06b-47b3-a16b-e6ece5cd1b8e,1639582909834,"2021-12-15 21:11:49",300.0,"",10000000-0000-0000-0000-000000000001,Food,Expense,Cash
bb7dd01a-bb63-438f-bdfb-db7e804116ba,1639582909834,"2021-12-15 21:11:49",180.0,"",02380fa8-41a8-43fa-8e7b-2a579cfacfc2,Toxicity,Expense,Cash
44f4866b-571e-4752-9a4c-0f6180dd4a68,1639582308037,"2021-12-15 21:01:48",180.0,"",02380fa8-41a8-43fa-8e7b-2a579cfacfc2,Toxicity,Expense,Cash
fb648b62-0eb9-437a-bef8-141f5523bf48,1639573262198,"2021-12-15 18:31:02",150.0,"",6b86fb91-20d2-4296-8fc0-11af8f5db354,Brewery,Expense,Cash
658a7468-658c-44c3-93a6-06c5418f83ee,1639573262198,"2021-12-15 18:31:02",900.0,"",02380fa8-41a8-43fa-8e7b-2a579cfacfc2,Toxicity,Expense,Cash
d6e910c0-40cd-483b-bade-42dfd1faf1b8,1639486862198,"2021-12-14 18:31:02",350.0,"",6b86fb91-20d2-4296-8fc0-11af8f5db354,Brewery,Expense,Cash
49256007-2e9c-4f79-8d42-e1061a408496,1639486862198,"2021-12-14 18:31:02",1000.0,"",10000000-0000-0000-0000-000000000004,"Eating out",Expense,Cash
a5fd43a3-036d-425d-9345-4fcdb1bcef03,1639486862198,"2021-12-14 18:31:02",280.0,"",02380fa8-41a8-43fa-8e7b-2a579cfacfc2,Toxicity,Expense,Cash
acdb1e04-50dc-4b4e-a62a-ed4fc925b4f4,1639403579129,"2021-12-13 19:22:59",400.0,"",02380fa8-41a8-43fa-8e7b-2a579cfacfc2,Toxicity,Expense,Cash
ea3793e0-ff27-4fb1-968a-d9f6bfbfbb63,1639403579129,"2021-12-13 19:22:59",14590.0,"",10000000-0000-0000-0000-000000000002,House,Expense,Cash
11b9ef83-2f00-4025-ba51-9fe58d295a9e,1639403579129,"2021-12-13 19:22:59",240.0,"",10000000-0000-0000-0000-000000000004,"Eating out",Expense,Cash
51d05ad8-0c12-4bd2-943c-f73b73c15f89,1639387772474,"2021-12-13 14:59:32",150.0,"",6b86fb91-20d2-4296-8fc0-11af8f5db354,Brewery,Expense,Cash
a4bfdf9a-e6ca-4cb1-81ec-54dcef77ac47,1639387758565,"2021-12-13 14:59:18",180.0,"",02380fa8-41a8-43fa-8e7b-2a579cfacfc2,Toxicity,Expense,Cash
01fd4a40-d256-49f0-8ee5-838908f95f75,1639387755799,"2021-12-13 14:59:15",400.0,"",02380fa8-41a8-43fa-8e7b-2a579cfacfc2,Toxicity,Expense,Cash
1ba4697e-1c4b-4f0b-b79b-39523e0a867f,1639387752067,"2021-12-13 14:59:12",900.0,"",10000000-0000-0000-0000-000000000001,Food,Expense,Cash
e703866a-49f3-4318-be5f-7c8f7659a13d,1639317179129,"2021-12-12 19:22:59",2000.0,"",10000000-0000-0000-0000-000000000004,"Eating out",Expense,Cash
58035724-3ab4-4a9c-8248-873d3d24baaf,1639317179129,"2021-12-12 19:22:59",900.0,"",10000000-0000-0000-0000-000000000004,"Eating out",Expense,Cash
20e3af06-f00c-4bdc-b949-945f453e4785,1639317179129,"2021-12-12 19:22:59",150.0,"",6b86fb91-20d2-4296-8fc0-11af8f5db354,Brewery,Expense,Cash
e316b9dc-fead-4281-94a0-359306277b43,1639317179129,"2021-12-12 19:22:59",15000.0,"",02380fa8-41a8-43fa-8e7b-2a579cfacfc2,Toxicity,Expense,Cash
66c84304-1258-4531-8b98-514eaaf951ac,1639234804192,"2021-12-11 20:30:04",5000.0,"",968edc2b-7a45-41ec-8be9-e213be5528f8,Fuel,Expense,Cash
22d8973e-0039-4af5-9fc9-82c2903ddb89,1639234804192,"2021-12-11 20:30:04",5000.0,"",10000000-0000-0000-0000-000000000004,"Eating out",Expense,Cash
1b5a1b53-1217-4860-abb3-16b05788a67d,1639234804192,"2021-12-11 20:30:04",1500.0,"",10000000-0000-0000-0000-000000000004,"Eating out",Expense,Cash
3a340bc7-4789-44d0-80e1-67b7a91bbf53,1639212129811,"2021-12-11 14:12:09",126670.0,"",10000000-0000-0000-0000-00000000000f,Salary,Income,Cash
f1861b73-de35-4492-8fd8-c131e22f5ef1,1639212129811,"2021-12-11 14:12:09",400.0,"",02380fa8-41a8-43fa-8e7b-2a579cfacfc2,Toxicity,Expense,Cash
e8ea068a-d3c6-4b12-a834-d4c1af64e14a,1639212129811,"2021-12-11 14:12:09",150.0,"",6b86fb91-20d2-4296-8fc0-11af8f5db354,Brewery,Expense,Cash
f6f92910-3a5a-499c-873b-7431552ae1df,1639212129811,"2021-12-11 14:12:09",180.0,"",02380fa8-41a8-43fa-8e7b-2a579cfacfc2,Toxicity,Expense,Cash
ba78a1ba-89c3-4576-8dd6-c59f37ed049c,1639125729811,"2021-12-10 14:12:09",1150.0,"",10000000-0000-0000-0000-000000000004,"Eating out",Expense,Cash
ce248a48-98f9-41fb-b538-6d1e2c3f535d,1639125729811,"2021-12-10 14:12:09",400.0,"",02380fa8-41a8-43fa-8e7b-2a579cfacfc2,Toxicity,Expense,Cash
95355106-4756-4a8e-9dbd-3aac09aa3bb1,1639100841489,"2021-12-10 07:17:21",2800.0,"",02380fa8-41a8-43fa-8e7b-2a579cfacfc2,Toxicity,Expense,Cash
17b050c4-3b74-4d76-baea-ce809567ba4e,1639058645113,"2021-12-09 19:34:05",900.0,"",10000000-0000-0000-0000-000000000004,"Eating out",Expense,Cash
7c8af1c2-dfa6-4ccb-99c8-2e5ff1152fbb,1639055995857,"2021-12-09 18:49:55",380.0,"",02380fa8-41a8-43fa-8e7b-2a579cfacfc2,Toxicity,Expense,Cash
fd71d127-a4e3-4fce-88af-55ec1d7d94c5,1639037211951,"2021-12-09 13:36:51",1600.0,"",10000000-0000-0000-0000-000000000001,Food,Expense,Cash
f42ebde2-cdc8-47c1-a5d4-5d77d311846e,1638959968761,"2021-12-08 16:09:28",500.0,"",10000000-0000-0000-0000-000000000001,Food,Expense,Cash
aea63b59-bafe-47dd-9ddc-b862f968edcd,1638959968761,"2021-12-08 16:09:28",300.0,"",6b86fb91-20d2-4296-8fc0-11af8f5db354,Brewery,Expense,Cash
f8ec58a0-9800-40ff-8944-13b873f9e28d,1638959968761,"2021-12-08 16:09:28",1000.0,"",d71face0-704a-49ff-8c96-9778abb5d2e3,Bike,Expense,Cash
8063999a-3096-4f44-8bee-5a737b8f1ac1,1638889204192,"2021-12-07 20:30:04",30000.0,"",10000000-0000-0000-0000-000000000002,House,Expense,Cash
a31648c8-b573-4e6c-b986-ac8de41fd89d,1638889204192,"2021-12-07 20:30:04",100000.0,"",10000000-0000-0000-0000-000000000010,Savings,Income,Cash
9ce11c5a-d2d3-4343-8b04-c47d9145f309,1638873568761,"2021-12-07 16:09:28",540.0,"",02380fa8-41a8-43fa-8e7b-2a579cfacfc2,Toxicity,Expense,Cash
f6aa1da7-154d-4f1b-883e-6dcf99a1307e,1638873568761,"2021-12-07 16:09:28",3360.0,"",10000000-0000-0000-0000-000000000001,Food,Expense,Cash
192d9f8b-7ec3-439c-b934-6ac016a4e838,1638873568761,"2021-12-07 16:09:28",300.0,"",6b86fb91-20d2-4296-8fc0-11af8f5db354,Brewery,Expense,Cash
654b46c2-9b66-4bb0-9347-d5a58d45dd89,1638873568761,"2021-12-07 16:09:28",500.0,"",10000000-0000-0000-0000-000000000001,Food,Expense,Cash
9f1d8a4c-9f0e-485f-9b5c-baf2e0163156,1638873568761,"2021-12-07 16:09:28",1160.0,"",02380fa8-41a8-43fa-8e7b-2a579cfacfc2,Toxicity,Expense,Cash
4a5ab907-5951-4c4f-ba98-59833fff7f1d,1638873568761,"2021-12-07 16:09:28",2610.0,"",02380fa8-41a8-43fa-8e7b-2a579cfacfc2,Toxicity,Expense,Cash
07e2ed1f-30e3-4fb8-8de9-12466ddead15,1638849894666,"2021-12-07 09:34:54",150.0,"",6b86fb91-20d2-4296-8fc0-11af8f5db354,Brewery,Expense,Cash
ad54c869-90be-4188-83cd-b8622e53e7ef,1638849894666,"2021-12-07 09:34:54",1400.0,"",02380fa8-41a8-43fa-8e7b-2a579cfacfc2,Toxicity,Expense,Cash
e364d652-61cf-42cf-8e03-5faedc184d68,1638796301153,"2021-12-06 18:41:41",1080.0,"",02380fa8-41a8-43fa-8e7b-2a579cfacfc2,Toxicity,Expense,Cash
93e45289-ea77-4b9d-bea4-6d1c381ee7ca,1638796297896,"2021-12-06 18:41:37",700.0,"",6b86fb91-20d2-4296-8fc0-11af8f5db354,Brewery,Expense,Cash
a04d48be-c56e-4735-8937-4af7bee386d1,1638786449831,"2021-12-06 15:57:29",300.0,"",6b86fb91-20d2-4296-8fc0-11af8f5db354,Brewery,Expense,Cash
3c5ec35e-3639-40e3-8f17-d976a6260d6d,1638786436961,"2021-12-06 15:57:16",580.0,"",02380fa8-41a8-43fa-8e7b-2a579cfacfc2,Toxicity,Expense,Cash
fe1a007c-0713-4b28-8f0c-d05123111659,1638710592126,"2021-12-05 18:53:12",2000.0,"",10000000-0000-0000-0000-000000000001,Food,Expense,Cash
a7f43549-8d9f-4eee-a363-244af26a95f4,1638710585601,"2021-12-05 18:53:05",380.0,"",02380fa8-41a8-43fa-8e7b-2a579cfacfc2,Toxicity,Expense,Cash
8a9d1834-719e-461a-aea0-420fe0f18d10,1638708730624,"2021-12-05 18:22:10",380.0,"",02380fa8-41a8-43fa-8e7b-2a579cfacfc2,Toxicity,Expense,Cash
62a164e5-41fd-4f92-940b-555ac5b5def6,1638635295375,"2021-12-04 21:58:15",540.0,"",02380fa8-41a8-43fa-8e7b-2a579cfacfc2,Toxicity,Expense,Cash
03f88f06-17d0-40f6-8cd1-a21dc3bd4f23,1638635276760,"2021-12-04 21:57:56",990.0,"",10000000-0000-0000-0000-000000000001,Food,Expense,Cash
f3f0ee0c-8039-459a-a95e-4541a04b8d94,1638635270192,"2021-12-04 21:57:50",2090.0,"",10000000-0000-0000-0000-000000000001,Food,Expense,Cash
14030cc8-fe16-4140-9ef6-11e90ab34beb,1638617236167,"2021-12-04 16:57:16",180.0,"",02380fa8-41a8-43fa-8e7b-2a579cfacfc2,Toxicity,Expense,Cash
a06944cb-a93d-40eb-a657-ab3ff57f714a,1638590299330,"2021-12-04 09:28:19",100.0,"",6b86fb91-20d2-4296-8fc0-11af8f5db354,Brewery,Expense,Cash
e94fed5d-62a7-489b-b12c-fd9ab1785226,1638590299330,"2021-12-04 09:28:19",1000.0,"",10000000-0000-0000-0000-000000000001,Food,Expense,Cash
4af2e62d-eda2-42e5-8522-467b8969f551,1638590299330,"2021-12-04 09:28:19",180.0,"",02380fa8-41a8-43fa-8e7b-2a579cfacfc2,Toxicity,Expense,Cash
d5c6c20c-981d-4023-8a01-db857011d393,1638533684084,"2021-12-03 17:44:44",1400.0,"",10000000-0000-0000-0000-000000000001,Food,Expense,Cash
dc5edf9d-3c2e-4871-9c92-c10b66760973,1638533684084,"2021-12-03 17:44:44",400.0,"",02380fa8-41a8-43fa-8e7b-2a579cfacfc2,Toxicity,Expense,Cash
13e5b21b-3461-4711-a821-3bee38261b31,1638533684084,"2021-12-03 17:44:44",6000.0,"",10000000-0000-0000-0000-000000000007,Entertainment,Expense,Cash
332606f8-4cab-4623-aa3e-243a6d026777,1638504562609,"2021-12-03 09:39:22",300.0,"",6b86fb91-20d2-4296-8fc0-11af8f5db354,Brewery,Expense,Cash
c6ac3f1d-c70e-4e33-b2cb-5eb1c9d9757c,1638504556724,"2021-12-03 09:39:16",240.0,"",02380fa8-41a8-43fa-8e7b-2a579cfacfc2,Toxicity,Expense,Cash
e9bb7b24-e804-44f0-b6a9-a997e122766f,1638503899330,"2021-12-03 09:28:19",200.0,"",6b86fb91-20d2-4296-8fc0-11af8f5db354,Brewery,Expense,Cash
9609da59-a091-453b-a2f4-136c5184180d,1638503899330,"2021-12-03 09:28:19",200.0,"",6b86fb91-20d2-4296-8fc0-11af8f5db354,Brewery,Expense,Cash
0116c38f-9c6f-4a9e-bc3f-e5e655f39a1c,1638503899330,"2021-12-03 09:28:19",240.0,"",02380fa8-41a8-43fa-8e7b-2a579cfacfc2,Toxicity,Expense,Cash
d20bc025-ba96-4559-a1d9-6126f385fbce,1638503899330,"2021-12-03 09:28:19",20000.0,"Gowtham's friendship",10000000-0000-0000-0000-000000000011,Deposits,Income,Cash
ff5f5819-5995-44cc-b68b-6dab2b013a24,1638503899330,"2021-12-03 09:28:19",8880.0,"",10000000-0000-0000-0000-000000000001,Food,Expense,Cash
3f40f59f-7f6a-4297-8d5d-0ea50b5d1303,1638503899330,"2021-12-03 09:28:19",540.0,"",02380fa8-41a8-43fa-8e7b-2a579cfacfc2,Toxicity,Expense,Cash
ef7b4980-00e0-4419-8dd9-b33c2c3ff714,1638503899330,"2021-12-03 09:28:19",300.0,"",6b86fb91-20d2-4296-8fc0-11af8f5db354,Brewery,Expense,Cash
54ceaa67-d199-4666-94c7-1b523bc77d55,1638462115059,"2021-12-02 21:51:55",195000.0,"",1356556b-523d-42d8-a52c-a187da9c433c,health,Expense,Cash
5608a4ca-8a9b-44ec-b652-3648278a46b5,1638461809400,"2021-12-02 21:46:49",5000.0,"",968edc2b-7a45-41ec-8be9-e213be5528f8,Fuel,Expense,Cash
126c72e2-c0f8-4454-bfd0-5cf45a239be4,1638461748920,"2021-12-02 21:45:48",150.0,"",6b86fb91-20d2-4296-8fc0-11af8f5db354,Brewery,Expense,Cash
5863b7fe-9390-4fac-a105-7668fad2cf63,1638461623654,"2021-12-02 21:43:43",1720.0,"",02380fa8-41a8-43fa-8e7b-2a579cfacfc2,Toxicity,Expense,Cash
5915c7ad-c1d4-4cb4-bff0-be01cc238e38,1638461579181,"2021-12-02 21:42:59",720.0,"",02380fa8-41a8-43fa-8e7b-2a579cfacfc2,Toxicity,Expense,Cash
db655401-f541-4758-8883-9d50ca1b1f30,1638461570398,"2021-12-02 21:42:50",900.0,"",10000000-0000-0000-0000-000000000004,"Eating out",Expense,Cash
9b003517-3972-4748-a3a5-2fcc34d2820e,1638331762609,"2021-12-01 09:39:22",1100.0,"",02380fa8-41a8-43fa-8e7b-2a579cfacfc2,Toxicity,Expense,Cash
b5d9f01f-cf98-4814-908a-4dcc301940fc,1638331762609,"2021-12-01 09:39:22",300.0,"",6b86fb91-20d2-4296-8fc0-11af8f5db354,Brewery,Expense,Cash
aea9122a-e8d7-41bc-8601-a7f2c56f4454,1638297000000,"2021-12-01 00:00:00",850.0,"",6b86fb91-20d2-4296-8fc0-11af8f5db354,Brewery,Expense,Cash
